"ObjectID","Mapped","Crash Date","City/Town","Address","AOT Route","Crash Type","Collision Direction","Weather","Road Group","Report Number","Reporting Agency","Road Group ID","AOT Actual Milepoint","Animal","Time of Day","Intersection With","Impairment","Involving","Non Reportable Address","Reporting Agency ID","Road Characteristics","Road Condition","Street Address","Surface Condition","AOT Route ID","Coordinates"
"25851","","February 8, 2015, 2:53 PM","Bennington","10 Kocher Drive","Unknown","Property Damage Only","Left Turn and Thru, Same Direction Sideswipe/Angle Crash vv--","Cloudy","Other Public Roadway (Rest Areas, Shopping Center - anything open to public)","15BN00679","Bennington PD.","9","999.99","None/Other","Day","Aldi's Parking Lot","None","None","","VT0020100","Parking Lot","None","10 Kocher Drive","Slush","0000","42.895239288421514,-73.20135267725398"
"15765","","February 9, 2015, 6:00 PM","Bennington","Vermont Route 279","VT-279","Property Damage Only","Single Vehicle Crash","Freezing Precipitation","State System (State Highways and Class I TH links)","15BN00710","Bennington PD.","1","999.99","None/Other","Night","Weight Station","None","None","","VT0020100","Not at a Junction","Road Surface Condition(wet, icy, snow, slush, etc)","Vermont Route 279","Snow","2790","42.90102463796245,-73.26100000787551"
"127115","","February 10, 2015, 12:56 AM","Bennington","VT RT 279","VT-279","Property Damage Only","Single Vehicle Crash","Clear","Ramp or Spur","15BN00719","Bennington PD.","7","0.39","None/Other","Night","VT RT 9 East","None","None","","VT0020100","Off Ramp","Road Surface Condition(wet, icy, snow, slush, etc)","VT RT 279","Snow","2790","42.88174267285893,-73.1707086857662"
"126704","","February 10, 2015, 2:27 PM","Bennington","VT-9 Main Street","VT-9","Property Damage Only","Left Turn and Thru, Head On ^v--","Clear","State System (State Highways and Class I TH links)","15BN00726","Bennington PD.","1","5.54","None/Other","Day","Gage Street","None","None","","VT0020100","T - Intersection","None","VT-9 Main Street","Wet","0090","42.880124401063625,-73.17472952835783"
"126636","","February 11, 2015, 9:28 AM","Bennington","Silver & Union Street","SILVER ST.","Injury","No Turns, Thru moves only, Broadside ^<","Clear","Federal Aid Urban System (Class 2 TH's and 3 TH's only)","15BN00736","Bennington PD.","2","0.34","None/Other","Day","","None","None","","VT0020100","Four-way Intersection","None","Silver & Union Street","Dry","U1048","42.87712484473866,-73.19390979900894"
"126800","","February 11, 2015, 3:02 PM","Bennington","809 Main Street","VT-9","Property Damage Only","Same Direction Sideswipe","Clear","State System (State Highways and Class I TH links)","15BN00745","Bennington PD.","1","5.15","None/Other","Day","809 Main Street","None","None","","VT0020100","Not at a Junction","None","809 Main Street","Dry","0090","42.879321611424764,-73.18234956403319"
"127191","","February 11, 2015, 3:21 PM","Bennington","VT-9(824 Main Street)","VT-9","Property Damage Only","Same Direction Sideswipe","Clear","State System (State Highways and Class I TH links)","15BN00746","Bennington PD.","1","5.19","None/Other","Day","Branch Street","None","None","","VT0020100","Not at a Junction","Other - Explain in Narrative","VT-9(824 Main Street)","Dry","0090","42.879402286875134,-73.18152573837394"
"24706","","February 11, 2015, 6:18 PM","Bennington","207 Bradford Street","BRADFORD ST","Property Damage Only","Other - Explain in Narrative","Clear","Street or Town Highways in FA Urban Area","15BN00753","Bennington PD.","5","999.99","None/Other","Night","","None","None","","VT0020100","Not at a Junction","None","207 Bradford Street","Wet","0000","42.882004624395165,-73.1837963980637"
"126737","","February 12, 2015, 1:40 PM","Bennington","FAU-1009(425 North Branch Street)","BROOKLYN DR.","Property Damage Only","Head On","Cloudy","Federal Aid Urban System (Class 2 TH's and 3 TH's only)","15BN00764","Bennington PD.","2","0.43","None/Other","Day","","None","None","","VT0020100","Not at a Junction","Road Surface Condition(wet, icy, snow, slush, etc)","FAU-1009(425 North Branch Street)","Slush","U1009","42.8893934817281,-73.18060749824511"
"127010","","February 12, 2015, 3:08 PM","Bennington","VT-9 Main Street","VT-9","Property Damage Only","Opp Direction Sideswipe","Freezing Precipitation","State System (State Highways and Class I TH links)","15BN00767","Bennington PD.","1","5.86","None/Other","Day","1036 Main Street","None","None","","VT0020100","Not at a Junction","Road Surface Condition(wet, icy, snow, slush, etc)","VT-9 Main Street","Snow","0090","42.8819783499117,-73.1692458489715"
"127047","","February 13, 2015, 7:12 AM","Bennington","FAU-1050 Kocher Drive","KOCHER DR.","Property Damage Only","Left Turn and Thru, Head On ^v--","Clear","Federal Aid Urban System (Class 2 TH's and 3 TH's only)","15BN00778","Bennington PD.","2","0.36","None/Other","Day","Park Street","None","None","","VT0020100","Four-way Intersection","Road Surface Condition(wet, icy, snow, slush, etc)","FAU-1050 Kocher Drive","Snow","U1050","42.893851592053615,-73.1932469613959"
"21029","","February 13, 2015, 7:53 AM","Bennington","VT Rt 279","VT-279","Property Damage Only","Single Vehicle Crash","Clear","State System (State Highways and Class I TH links)","15BN00779","Bennington PD.","1","999.99","None/Other","Day","East Of VT RT 7","None","None","","VT0020100","Not at a Junction","Road Surface Condition(wet, icy, snow, slush, etc)","VT Rt 279","Snow","2790","42.90172793397154,-73.18227558871536"
"14406","","February 13, 2015, 10:14 AM","Bennington","50 Hannaford Square","Unknown","Property Damage Only","No Turns, Thru moves only, Broadside ^<","Clear","Other Public Roadway (Rest Areas, Shopping Center - anything open to public)","15BN00781","Bennington PD.","9","999.99","None/Other","Day","Parking Lot","None","None","","VT0020100","Parking Lot","None","50 Hannaford Square","Wet","0000","42.90718671318357,-73.22275894438359"
"14890","","February 13, 2015, 10:20 AM","Bennington","99 Northside Drive","NORTHSIDE DR","Property Damage Only","Rear End","Clear","Other Public Roadway (Rest Areas, Shopping Center - anything open to public)","15BN00782","Bennington PD.","9","999.99","None/Other","Day","Apollo Fuels Lot","None","None","","VT0020100","Parking Lot","None","99 Northside Drive","Snow","0000","42.89245601031447,-73.20162720785493"
"18487","","February 13, 2015, 8:18 PM","Bennington","300 Village Lane","Unknown","Property Damage Only","Single Vehicle Crash","Clear","Other Public Roadway (Rest Areas, Shopping Center - anything open to public)","15BN00791","Bennington PD.","9","999.99","None/Other","Night","Village Of Fillmore Pond Parking Lot","None","None","","VT0020100","Parking Lot","None","300 Village Lane","Dry","0000","42.88278798337171,-73.23322156761627"
"25991","","February 14, 2015, 1:22 PM","Bennington","Mansion Drive","Unknown","Property Damage Only","Other - Explain in Narrative","Freezing Precipitation","Private Property (Driveways)","15BN00802","Bennington PD.","8","999.99","None/Other","Day","SVC Dining Hall","None","None","","VT0020100","Driveway","None","Mansion Drive","Snow","0000","42.870671380146845,-73.21615227171192"
"127525","","February 14, 2015, 2:41 PM","Bennington","VT-67A North Bennington Road","VT-67A","Property Damage Only","Single Vehicle Crash","Freezing Precipitation","State System (State Highways and Class I TH links)","15BN00803","Bennington PD.","1","1.04","None/Other","Day","College Road","None","None","","VT0020100","Not at a Junction","Road Surface Condition(wet, icy, snow, slush, etc)","VT-67A North Bennington Road","Snow","0671","42.912196538288406,-73.22477072852742"
"18100","","February 14, 2015, 3:28 PM","Bennington","24 Hannaford Square","Unknown","Property Damage Only","Other - Explain in Narrative","Freezing Precipitation","Other Public Roadway (Rest Areas, Shopping Center - anything open to public)","15BN00804","Bennington PD.","9","999.99","None/Other","Day","Hannaford Square","None","None","","VT0020100","Parking Lot","None","24 Hannaford Square","Snow","0000","42.907057204060195,-73.22045523961276"
"127783","","February 14, 2015, 5:45 PM","Bennington","544 Main Street","VT-9","Property Damage Only","Rear End","Clear","State System (State Highways and Class I TH links)","15BN00808","Bennington PD.","1","4.59","None/Other","Day","544 Main Street","None","None","","VT0020100","Not at a Junction","None","544 Main Street","Slush","0090","42.87802636502445,-73.19308806933267"
"127541","","February 15, 2015, 2:51 PM","Bennington","VT-67A North Bennington Road","VT-67A","Property Damage Only","Rear End","Clear","State System (State Highways and Class I TH links)","15BN00818","Bennington PD.","1","1.06","None/Other","Day","Matteson Road","None","None","","VT0020100","Four-way Intersection","Road Surface Condition(wet, icy, snow, slush, etc)","VT-67A North Bennington Road","Snow","0671","42.91225720117274,-73.22513943063265"
"127301","","February 16, 2015, 7:31 AM","Bennington","VT-67A North Bennington Road","VT-67A","Property Damage Only","Head On","Clear","State System (State Highways and Class I TH links)","15BN00829","Bennington PD.","1","0.92","None/Other","Day","Silk Road","None","None","","VT0020100","Not at a Junction","Road Surface Condition(wet, icy, snow, slush, etc)","VT-67A North Bennington Road","Snow","0671","42.91128965937128,-73.22273949010376"
"25289","","February 16, 2015, 8:28 AM","Bennington","194 North Street","Unknown","Property Damage Only","Left Turn and Thru, Same Direction Sideswipe/Angle Crash vv--","Clear","Other Public Roadway (Rest Areas, Shopping Center - anything open to public)","15BN00830","Bennington PD.","9","999.99","None/Other","Day","Rite Aid Parking Lot","None","None","","VT0020100","Parking Lot","Road Surface Condition(wet, icy, snow, slush, etc)","194 North Street","Ice","0000","42.88134651026277,-73.1973884586114"
"13469","","February 16, 2015, 7:55 PM","Bennington","24 Hannaford Square","Unknown","Property Damage Only","Other - Explain in Narrative","Clear","Other Public Roadway (Rest Areas, Shopping Center - anything open to public)","15BN00842","Bennington PD.","9","999.99","None/Other","Night","Chillis Restaurant","None","None","","VT0020100","Parking Lot","None","24 Hannaford Square","Wet","0000","42.90673516235129,-73.22013310251991"
"20818","","February 17, 2015, 10:05 AM","Bennington","205 North Street","Unknown","Property Damage Only","Other - Explain in Narrative","Cloudy","Other Public Roadway (Rest Areas, Shopping Center - anything open to public)","15BN00850","Bennington PD.","9","999.99","None/Other","Day","Parking Lot","None","None","","VT0020100","Parking Lot","None","205 North Street","Snow","0000","42.88117906226581,-73.19679902453365"
"127297","","February 17, 2015, 7:39 PM","Bennington","FAU-1024 Gage Street","GAGE ST.","Property Damage Only","Other - Explain in Narrative","Clear","Federal Aid Urban System (Class 2 TH's and 3 TH's only)","15BN00863","Bennington PD.","2","0.18","None/Other","Night","Park Street","None","None","","VT0020100","Not at a Junction","None","FAU-1024 Gage Street","Dry","U1024","42.88161593833485,-73.19349730511523"
"128536","","February 19, 2015, 12:33 PM","Bennington","North Branch Street","BROOKLYN DR.","Property Damage Only","Rear End","Freezing Precipitation","Federal Aid Urban System (Class 2 TH's and 3 TH's only)","15BN00891","Bennington PD.","2","0.96","None/Other","Day","","None","None","","VT0020100","Driveway","Road Surface Condition(wet, icy, snow, slush, etc)","North Branch Street","Snow","U1009","42.893649802231145,-73.18868566941917"
"128525","","February 19, 2015, 4:19 PM","Bennington","FAU-1052 (210 Union Street)","UNION ST.","Property Damage Only","No Turns, Thru moves only, Broadside ^<","Freezing Precipitation","Federal Aid Urban System (Class 2 TH's and 3 TH's only)","15BN00895","Bennington PD.","2","0.23","None/Other","Day","Union Street Parking Lot","None","None","","VT0020100","Not at a Junction","None","FAU-1052 (210 Union Street)","Snow","U1052","42.877101354653696,-73.19282554454459"
"17607","","February 20, 2015, 12:15 AM","Bennington","Phyllis Lane","Unknown","Property Damage Only","Head On","Clear","Other Public Roadway (Rest Areas, Shopping Center - anything open to public)","15BN00902","Bennington PD.","9","999.99","None/Other","Night","Monument Electric","None","None","","VT0020100","Parking Lot","Road Surface Condition(wet, icy, snow, slush, etc)","Phyllis Lane","Snow","0000","42.90309840023213,-73.21438463981573"
"15212","","February 20, 2015, 11:49 AM","Bennington","125 Northside Drive","Unknown","Property Damage Only","Right Turn and Thru, Broadside ^<--","Clear","Other Public Roadway (Rest Areas, Shopping Center - anything open to public)","15BN00907","Bennington PD.","9","999.99","None/Other","Day","Bennington Beverage Outlet","None","None","","VT0020100","Parking Lot","None","125 Northside Drive","Snow","0000","42.897300200530346,-73.20583276743037"
"128569","","February 20, 2015, 4:03 PM","Bennington","VT-279 (7/279 E Ramp)","VT-279","Property Damage Only","Single Vehicle Crash","Clear","State System (State Highways and Class I TH links)","15BN00912","Bennington PD.","1","4.13","None/Other","Day","Route 279 E","None","None","","VT0020100","On Ramp","Road Surface Condition(wet, icy, snow, slush, etc)","VT-279 (7/279 E Ramp)","Snow","2790","42.90250659006145,-73.1984151070381"
"127935","","February 20, 2015, 5:40 PM","Bennington","FAU-1054 (106 Valentine Street)","VALENTINE ST.","Property Damage Only","Same Direction Sideswipe","Unknown","Federal Aid Urban System (Class 2 TH's and 3 TH's only)","15BN00914","Bennington PD.","2","0.11","None/Other","Day","Main Street","None","None","","VT0020100","Not at a Junction","None","FAU-1054 (106 Valentine Street)","Unknown","U1054","42.87858370732324,-73.19241296564164"
"127971","","February 21, 2015, 12:12 PM","Bennington","Dewey Street","DEWEY ST.","Property Damage Only","Rear End","Cloudy","Federal Aid Urban System (Class 2 TH's and 3 TH's only)","15BN00925","Bennington PD.","2","0.86","None/Other","Day","Elm Street","None","None","","VT0020100","Four-way Intersection","None","Dewey Street","Wet","U1020","42.877375679884494,-73.20317873525315"
"12306","","February 21, 2015, 3:57 PM","Bennington","210 Northside Drive","Unknown","Property Damage Only","Other - Explain in Narrative","Freezing Precipitation","Other Public Roadway (Rest Areas, Shopping Center - anything open to public)","15BN00927","Bennington PD.","9","999.99","None/Other","Day","Walmart Parking Lot","None","None","","VT0020100","Parking Lot","Road Surface Condition(wet, icy, snow, slush, etc)","210 Northside Drive","Snow","0000","42.89793500866729,-73.21089673773697"
"24211","","February 21, 2015, 7:09 PM","Bennington","TH-81 (594 Bowen Road)","TOWN ROAD 0081","Property Damage Only","Single Vehicle Crash","Freezing Precipitation","City, Village or Urban Compact Street not in FA Urban Area (Class 2 and 3 Non-Federal Aid)","15BN00932","Bennington PD.","6","999.99","None/Other","Night","Nortrh Branch Street","None","None","","VT0020100","T - Intersection","Road Surface Condition(wet, icy, snow, slush, etc)","TH-81 (594 Bowen Road)","Snow","T0081","42.89338828671092,-73.18743589581221"
"13764","","February 22, 2015, 5:59 AM","Bennington","140 Hospital Drive","Unknown","Property Damage Only","Opp Direction Sideswipe","Cloudy","Other Public Roadway (Rest Areas, Shopping Center - anything open to public)","15BN00940","Bennington PD.","9","999.99","None/Other","Night","Medical Office Building","None","None","","VT0020100","Parking Lot","None","140 Hospital Drive","Snow","0000","42.87286143487922,-73.20850378001312"
"18433","","February 22, 2015, 5:32 PM","Bennington","North Bennington Road","Unknown","Property Damage Only","Opp Direction Sideswipe","Clear","Other Public Roadway (Rest Areas, Shopping Center - anything open to public)","15BN00945","Bennington PD.","9","999.99","None/Other","Day","24 Hannaford Square","None","None","","VT0020100","Parking Lot","None","North Bennington Road","Dry","0000","42.9072087608159,-73.22068967356175"
"128158","","February 23, 2015, 2:44 PM","Bennington","FAU-1052 Union Street","UNION ST.","Property Damage Only","Rear End","Clear","Federal Aid Urban System (Class 2 TH's and 3 TH's only)","15BN00967","Bennington PD.","2","0.01","None/Other","Day","South Street","None","None","","VT0020100","Not at a Junction","None","FAU-1052 Union Street","Ice","U1052","42.87734931616878,-73.19698630707501"
"128352","","February 23, 2015, 5:05 PM","Bennington","VT-9(817 Main Street)","VT-9","Property Damage Only","Single Vehicle Crash","Clear","State System (State Highways and Class I TH links)","15BN00971","Bennington PD.","1","5.18","None/Other","Day","","None","None","","VT0020100","Not at a Junction","None","VT-9(817 Main Street)","Dry","0090","42.87938238951868,-73.18172138797428"
"128144","","February 24, 2015, 12:17 PM","Bennington","FAU-1030 (100 Northside Drive)","HUNT ST. WEST","Property Damage Only","Left Turn and Thru, Angle Broadside -->v--","Cloudy","Federal Aid Urban System (Class 2 TH's and 3 TH's only)","15BN00986","Bennington PD.","2","0.2","None/Other","Day","Benmont Avenue @ KFC","None","None","","VT0020100","Y - Intersection","None","FAU-1030 (100 Northside Drive)","Dry","U1030","42.89417255504083,-73.2024892777061"
"15263","","February 24, 2015, 2:39 PM","Bennington","207 Pleasant Street","Unknown","Property Damage Only","No Turns, Thru moves only, Broadside ^<","Clear","Other Public Roadway (Rest Areas, Shopping Center - anything open to public)","15BN00990","Bennington PD.","9","999.99","None/Other","Day","Parking Lot","None","None","","VT0020100","Parking Lot","None","207 Pleasant Street","Snow","0000","42.878953937739226,-73.19410563364889"
"11610","","February 25, 2015, 8:35 AM","Bennington","1 Willowbrook Drive","WILLOWBROOK DR","Property Damage Only","Rear End","Clear","Private Property (Driveways)","15BN01008","Bennington PD.","8","999.99","None/Other","Day","348 Driveway","None","None","","VT0020100","Driveway","None","1 Willowbrook Drive","Dry","0000","42.89944356375337,-73.205685797031"
"14724","","February 25, 2015, 4:03 PM","Bennington","244 Grandview Street","GRANDVIEW ST","Property Damage Only","Same Direction Sideswipe","Clear","Street or Town Highways in FA Urban Area","15BN01020","Bennington PD.","5","999.99","None/Other","Day","Hamilton Street","None","None","","VT0020100","Not at a Junction","None","244 Grandview Street","Dry","0000","42.87438146492996,-73.18955034475768"
"14232","","February 26, 2015, 10:32 AM","Bennington","110 Northside Drive","Unknown","Property Damage Only","No Turns, Thru moves only, Broadside ^<","Cloudy","Other Public Roadway (Rest Areas, Shopping Center - anything open to public)","15BN01038","Bennington PD.","9","999.99","None/Other","Day","McDonald's Parking Lot","None","None","","VT0020100","Parking Lot","None","110 Northside Drive","Dry","0000","42.895803019192456,-73.2048362132795"
"15852","","February 28, 2015, 11:30 AM","Bennington","1371 Harwood Hill Road","Unknown","Property Damage Only","Other - Explain in Narrative","Clear","Other Public Roadway (Rest Areas, Shopping Center - anything open to public)","15BN01080","Bennington PD.","9","999.99","None/Other","Day","Bennington Furniture Lot","None","None","","VT0020100","Parking Lot","Road Surface Condition(wet, icy, snow, slush, etc)","1371 Harwood Hill Road","","0000","42.92029205752057,-73.21003912547783"
"127943","","February 28, 2015, 1:20 PM","Bennington","Northside Drive","VT-7A","Property Damage Only","Rear End","Clear","State System (State Highways and Class I TH links)","15BN01082","Bennington PD.","1","0.67","None/Other","Day","Entrance To Price Chopper","None","None","","VT0020100","Four-way Intersection","None","Northside Drive","Dry","0071","42.89993464950948,-73.21058371784318"
"129185","","March 2, 2015, 7:27 AM","Bennington","FAU-1006 Benmont Ave./130 Main Street","BENMONT AVE.","Property Damage Only","Rear End","Cloudy","Federal Aid Urban System (Class 2 TH's and 3 TH's only)","15BN01117","Bennington PD.","2","0","None/Other","Day","Benmont Avenue","None","Heavy Truck","","VT0020100","Four-way Intersection","None","FAU-1006 Benmont Ave./130 Main Street","Wet","U1006","42.880596678020844,-73.20217153561555"
"17670","","March 2, 2015, 3:53 PM","Bennington","115 County Street","Unknown","Property Damage Only","Single Vehicle Crash","Clear","Other Public Roadway (Rest Areas, Shopping Center - anything open to public)","15BN01122","Bennington PD.","9","999.99","None/Other","Day","","Alcohol","None","","VT0020100","Parking Lot","None","115 County Street","Dry","0000","42.88410622439226,-73.19950054168352"
"20843","","March 2, 2015, 7:09 PM","Bennington","982 Mansion Drive","Unknown","Property Damage Only","Other - Explain in Narrative","Clear","Other Public Roadway (Rest Areas, Shopping Center - anything open to public)","15BN01127","Bennington PD.","9","999.99","None/Other","Night","SVC","None","None","","VT0020100","Parking Lot","None","982 Mansion Drive","Wet","0000","42.86761459996113,-73.21840541977087"
"129374","","March 3, 2015, 3:22 PM","Bennington","North Street","US-7","Property Damage Only","Same Direction Sideswipe","Clear","State System (State Highways and Class I TH links)","15BN01141","Bennington PD.","1","3.02","None/Other","Day","","None","None","","VT0020100","Not at a Junction","None","North Street","Dry","0070","42.87912294347231,-73.19707724033897"
"21719","","March 4, 2015, 6:29 PM","Bennington","Park Street","PARK ST","Property Damage Only","Same Direction Sideswipe","Cloudy","Street or Town Highways in FA Urban Area","15BN01168","Bennington PD.","5","999.99","None/Other","Night","Scott Street","None","None","","VT0020100","Not at a Junction","Other - Explain in Narrative","Park Street","Dry","0000","42.88037256181427,-73.19322798467424"
"128731","","March 5, 2015, 10:30 AM","Bennington","East Main Street","VT-9","Property Damage Only","Rear End","Clear","State System (State Highways and Class I TH links)","15BN01181","Bennington PD.","1","5.83","None/Other","Day","Vt Rt 279","None","Heavy Truck","","VT0020100","T - Intersection","None","East Main Street","Dry","0090","42.881856241782124,-73.16981024186839"
"128754","","March 5, 2015, 6:23 PM","Bennington","VT-9 (107 Main Street)","VT-9","Injury","Rear End","Clear","State System (State Highways and Class I TH links)","15BN01191","Bennington PD.","1","3.8","None/Other","Night","Convent Avenue","None","Heavy Truck","","VT0020100","Not at a Junction","None","VT-9 (107 Main Street)","Dry","0090","42.88235624882714,-73.20727584343454"
"16550","","March 6, 2015, 7:59 AM","Bennington","Harlan Road","Unknown","Injury","Rear End","Clear","Street or Town Highways in FA Urban Area","15BN01198","Bennington PD.","5","999.99","None/Other","Day","287 Harlan Road","None","None","","VT0020100","Not at a Junction","None","Harlan Road","Wet","0000","42.918456887425776,-73.22988424101531"
"25638","","March 7, 2015, 12:25 PM","Bennington","121 Noth Bennington Road","BENNINGTON PLZ","Property Damage Only","Right Turn and Thru, Same Direction Sideswipe/Angle Crash ^^--","Cloudy","Other Public Roadway (Rest Areas, Shopping Center - anything open to public)","15BN01220","Bennington PD.","9","999.99","None/Other","Day","Home Depot Parking Lot","None","None","","VT0020100","Parking Lot","Road Surface Condition(wet, icy, snow, slush, etc)","121 Noth Bennington Road","Wet","0000","42.907823238944545,-73.21888444624354"
"26190","","March 7, 2015, 1:37 PM","Bennington","194 North Street","Unknown","Property Damage Only","Same Direction Sideswipe","Cloudy","Other Public Roadway (Rest Areas, Shopping Center - anything open to public)","15BN01221","Bennington PD.","9","999.99","None/Other","Day","Rite-Aid Parking Lot","None","None","","VT0020100","Parking Lot","None","194 North Street","Dry","0000","42.88054561541355,-73.19734271683475"
"129214","","March 7, 2015, 8:53 PM","Bennington","201 Bradford Street","BRADFORD ST","Property Damage Only","Same Direction Sideswipe","Clear","Street or Town Highways in FA Urban Area","15BN01227","Bennington PD.","5","999.99","None/Other","Night","Gage Street","None","None","","VT0020100","Not at a Junction","None","201 Bradford Street","Dry","0000","42.88137162503493,-73.18402228725225"
"9671","","March 8, 2015, 5:00 AM","Bennington","Spring Street","SPRING ST","Property Damage Only","Head On","Clear","Street or Town Highways in FA Urban Area","15BN01232","Bennington PD.","5","999.99","None/Other","Night","Park Street","Alcohol","None","","VT0020100","T - Intersection","None","Spring Street","Dry","0000","42.88291331039575,-73.19286472186444"
"128983","","March 8, 2015, 9:52 AM","Bennington","FAU-1038 Park Street","PARK ST.","Property Damage Only","Other - Explain in Narrative","Freezing Precipitation","Federal Aid Urban System (Class 2 TH's and 3 TH's only)","15BN01234","Bennington PD.","2","0.6","None/Other","Day","Kocher Drive","None","None","","VT0020100","Driveway","None","FAU-1038 Park Street","","U1038","42.892979085693455,-73.19318840624044"
"128810","","March 10, 2015, 9:00 PM","Bennington","VT-9 (924 Main Street)","VT-9","Property Damage Only","","Unknown","State System (State Highways and Class I TH links)","15BN01289","Bennington PD.","1","5.33","None/Other","Night","","None","None","","VT0020100","Parking Lot","None","VT-9 (924 Main Street)","Dry","0090","42.879640758049746,-73.17874502944105"
"11207","","March 10, 2015, 9:38 PM","Bennington","Route 7 North","US-7","Property Damage Only","Single Vehicle Crash","Clear","State System (State Highways and Class I TH links)","15BN01290","Bennington PD.","1","999.99","Deer","Night","Kocher Drive","None","None","","VT0020100","Not at a Junction","None","Route 7 North","Dry","0070","42.89432834953071,-73.2001670083237"
"128800","","March 12, 2015, 12:58 PM","Bennington","VT-7A Kocher Drive","VT-7A","Injury","Rear End","Cloudy","State System (State Highways and Class I TH links)","15BN01317","Bennington PD.","1","0.01","None/Other","Day","Route 7","None","None","","VT0020100","Not at a Junction","None","VT-7A Kocher Drive","Dry","0071","42.89432746724871,-73.20017419886561"
"16330","","March 13, 2015, 2:46 PM","Bennington","214 Northside Drive","Unknown","Property Damage Only","No Turns, Thru moves only, Broadside ^<","Cloudy","Other Public Roadway (Rest Areas, Shopping Center - anything open to public)","15BN01340","Bennington PD.","9","999.99","None/Other","Day","Price Chopper Parking Lot","None","None","","VT0020100","Parking Lot","None","214 Northside Drive","Dry","0000","42.89860432260439,-73.21183497317355"
"128735","","March 14, 2015, 12:41 PM","Bennington","FAU-1024(213 Gage Streete)","GAGE ST.","Property Damage Only","No Turns, Thru moves only, Broadside ^<","Cloudy","Federal Aid Urban System (Class 2 TH's and 3 TH's only)","15BN01363","Bennington PD.","2","0.16","None/Other","Day","","None","None","","VT0020100","Not at a Junction","None","FAU-1024(213 Gage Streete)","Dry","U1024","42.88162489059679,-73.19388550934713"
"5291","","March 15, 2015, 7:54 AM","Bennington","VT-67A(276 Water Street)","VT-67A","Property Damage Only","Other - Explain in Narrative","Clear","State System (State Highways and Class I TH links)","15BN01397","Bennington PD.","1","2.96","None/Other","Night","National Hanger","None","None","","VT0020100","Parking Lot","None","VT-67A(276 Water Street)","Dry","0671","42.92504517138709,-73.24466524696366"
"18537","","March 15, 2015, 3:11 PM","Bennington","Northside Drive","Unknown","Property Damage Only","Same Direction Sideswipe","Clear","Other Public Roadway (Rest Areas, Shopping Center - anything open to public)","15BN01390","Bennington PD.","9","999.99","None/Other","Day","Bowling Lanes Lot","None","None","","VT0020100","Parking Lot","None","Northside Drive","Dry","0000","42.900554380147376,-73.21092683111087"
"15769","","March 16, 2015, 4:41 PM","Bennington","300 Washington Avenue","WASHINGTON AVE","Injury","Left Turn and Thru, Head On ^v--","Clear","Street or Town Highways in FA Urban Area","15BN01410","Bennington PD.","5","999.99","None/Other","Day","Elm Street","None","None","","VT0020100","Four-way Intersection","None","300 Washington Avenue","Dry","0000","42.87717063831963,-73.20016882235646"
"129922","","March 17, 2015, 11:39 AM","Bennington","Vermont Route 7 North","US-7","Property Damage Only","Single Vehicle Crash","Rain","State System (State Highways and Class I TH links)","15BN01425","Bennington PD.","1","5.65","None/Other","Day","Houghton Lane Overpass","None","None","","VT0020100","Not at a Junction","None","Vermont Route 7 North","Wet","0070","42.91286782963781,-73.20829410080931"
"129921","","March 17, 2015, 11:53 PM","Bennington","FAU-1204(27 Mechanic Street)","MECHANIC ST.","Property Damage Only","Single Vehicle Crash","Clear","Federal Aid Urban System (Class 2 TH's and 3 TH's only)","15BN01435","Bennington PD.","2","0.18","None/Other","Night","Mechanic Street Fire Station","None","None","","VT0020100","Not at a Junction","Road Surface Condition(wet, icy, snow, slush, etc)","FAU-1204(27 Mechanic Street)","Ice","U1204","42.928114684975185,-73.23744374188011"
"130097","","March 18, 2015, 4:39 PM","Bennington","US-7(221 North Sreet)","US-7","Property Damage Only","No Turns, Thru moves only, Broadside ^<","Clear","State System (State Highways and Class I TH links)","15BN01445","Bennington PD.","1","3.25","None/Other","Day","Goodwill Store","None","Heavy Truck","","VT0020100","Not at a Junction","None","US-7(221 North Sreet)","Dry","0070","42.88246690389164,-73.19694175397953"
"129814","","March 19, 2015, 12:39 PM","Bennington","52 Main Street","VT-67","Property Damage Only","Opp Direction Sideswipe","Clear","State System (State Highways and Class I TH links)","15BN01452","Bennington PD.","1","0.58","None/Other","Day","Depot Street, North Bennington","None","Heavy Truck","","VT0020100","Driveway","None","52 Main Street","Dry","0670","42.932176691216185,-73.24266873865437"
"5265","","March 19, 2015, 6:27 PM","Bennington","VT-9(924 Main Street)","VT-9","Property Damage Only","Rear End","Clear","State System (State Highways and Class I TH links)","15BN01466","Bennington PD.","1","5.33","None/Other","Day","Autumn Inn","None","None","","VT0020100","Not at a Junction","None","VT-9(924 Main Street)","Dry","0090","42.879640758049746,-73.17874502944105"
"14720","","March 19, 2015, 6:28 PM","Bennington","141 Hannaford Square","HANNAFORD SQ","Property Damage Only","No Turns, Thru moves only, Broadside ^<","Clear","Other Public Roadway (Rest Areas, Shopping Center - anything open to public)","15BN01467","Bennington PD.","9","999.99","None/Other","Day","Hannaford Parking Lot","None","None","","VT0020100","Parking Lot","None","141 Hannaford Square","Dry","0000","42.90762846969202,-73.22265389339088"