"ObjectID","Mapped","Crash Date","City/Town","Address","AOT Route","Crash Type","Collision Direction","Weather","Road Group","Report Number","Reporting Agency","Road Group ID","AOT Actual Milepoint","Animal","Time of Day","Intersection With","Impairment","Involving","Non Reportable Address","Reporting Agency ID","Road Characteristics","Road Condition","Street Address","Surface Condition","AOT Route ID","Coordinates"
"21621","","May 9, 2015, 11:57 AM","Bennington","Emma Street","EMMA ST","Property Damage Only","Other - Explain in Narrative","Clear","Street or Town Highways in FA Urban Area","15BN02639","Bennington PD.","5","999.99","None/Other","Day","Pizza Hut","None","None","","VT0020100","Not at a Junction","None","Emma Street","Dry","0000","42.89987977695558,-73.2093885451222"
"131767","","May 9, 2015, 5:05 PM","Bennington","FAS-173 (1047 East Road)","EAST RD","Property Damage Only","Single Vehicle Crash","Clear","Federal Aid Secondary System (Class 2 TH)","15BN02647","Bennington PD.","3","0.4","None/Other","Day","Duffy Drive","None","None","","VT0020100","Not at a Junction","Obstruction in roadway","FAS-173 (1047 East Road)","Dry","S0173","42.90870956417149,-73.18933577086429"
"132440","","May 10, 2015, 2:01 PM","Bennington","FAS-173(1559 East Road)","EAST RD","Property Damage Only","Left Turn and Thru, Angle Broadside -->v--","Clear","Federal Aid Secondary System (Class 2 TH)","15BN02663","Bennington PD.","3","0.91","None/Other","Day","","None","None","","VT0020100","Not at a Junction","None","FAS-173(1559 East Road)","Dry","S0173","42.91587265643635,-73.18749702870085"
"10773","","May 10, 2015, 4:21 PM","Bennington","127 Grandview Street","GRANDVIEW ST","Property Damage Only","Same Direction Sideswipe","Clear","Street or Town Highways in FA Urban Area","15BN02664","Bennington PD.","5","999.99","None/Other","Day","Silver Street","None","None","","VT0020100","Not at a Junction","None","127 Grandview Street","Dry","0000","42.8750545004557,-73.19436791297217"
"132053","","May 11, 2015, 4:14 PM","Bennington","North Bennington Road","VT-67A","Property Damage Only","No Turns, Thru moves only, Broadside ^<","Clear","State System (State Highways and Class I TH links)","15BN02688","Bennington PD.","1","1.06","None/Other","Day","Silk Road","None","None","","VT0020100","Four-way Intersection","None","North Bennington Road","Dry","0671","42.91225720117274,-73.22513943063265"
"12710","","May 11, 2015, 6:30 PM","Bennington","218 Park Street","PARK ST","Property Damage Only","Same Direction Sideswipe","Clear","Street or Town Highways in FA Urban Area","15BN02695","Bennington PD.","5","999.99","None/Other","Day","Spring Street","None","None","","VT0020100","Not at a Junction","None","218 Park Street","Dry","0000","42.88253347601332,-73.19315425179693"
"11561","","May 12, 2015, 12:31 PM","Bennington","140 Hospital Drive","HOSPITAL DR","Property Damage Only","No Turns, Thru moves only, Broadside ^<","Clear","Other Public Roadway (Rest Areas, Shopping Center - anything open to public)","15BN02706","Bennington PD.","9","999.99","None/Other","Day","","None","None","","VT0020100","Parking Lot","None","140 Hospital Drive","Dry","0000","42.87226560531889,-73.20877845715869"
"11192","","May 13, 2015, 3:01 PM","Bennington","301 Main Street","Unknown","Property Damage Only","Left Turn and Thru, Angle Broadside -->v--","Clear","Other Public Roadway (Rest Areas, Shopping Center - anything open to public)","15BN02734","Bennington PD.","9","999.99","None/Other","Day","Martins Mobil","None","None","","VT0020100","Parking Lot","None","301 Main Street","Dry","0000","42.8789591102646,-73.19917311230903"
"18286","","May 13, 2015, 3:07 PM","Bennington","47 East Road","Unknown","Property Damage Only","Same Direction Sideswipe","Clear","Other Public Roadway (Rest Areas, Shopping Center - anything open to public)","15BN02735","Bennington PD.","9","999.99","None/Other","Day","MAUMS Parking Lot","None","None","","VT0020100","Driveway","None","47 East Road","Dry","0000","42.90514875655267,-73.18977071880097"
"131760","","May 15, 2015, 4:26 PM","Bennington","School Street","SCHOOL ST.","Property Damage Only","No Turns, Thru moves only, Broadside ^<","Clear","Federal Aid Urban System (Class 2 TH's and 3 TH's only)","15BN02794","Bennington PD.","2","0.07","None/Other","Day","Pleasant Street","None","None","","VT0020100","Not at a Junction","None","School Street","Dry","U1046","42.87912372242058,-73.19495015076001"
"17617","","May 15, 2015, 4:53 PM","Bennington","251 North Street","Unknown","Property Damage Only","Rear-to-rear","Clear","Other Public Roadway (Rest Areas, Shopping Center - anything open to public)","15BN02796","Bennington PD.","9","999.99","None/Other","Day","Parking Lot","None","None","","VT0020100","Parking Lot","None","251 North Street","Dry","0000","42.88414221306274,-73.19655082606754"
"132016","","May 16, 2015, 5:04 AM","Bennington","VT-9(100 Main Street)","VT-9","Injury","Head On","Rain","State System (State Highways and Class I TH links)","15BN02821","Bennington PD.","1","3.52","None/Other","Night","Catamount Lane","None","None","","VT0020100","Not at a Junction","Road Surface Condition(wet, icy, snow, slush, etc)","VT-9(100 Main Street)","Wet","0090","42.8846150024556,-73.21183194901154"
"132306","","May 17, 2015, 6:19 PM","Bennington","VT-7A(107 Northside Drive)","VT-7A","Injury","Rear End","Clear","State System (State Highways and Class I TH links)","15BN02856","Bennington PD.","1","0.2","None/Other","Day","Kocher Drive","None","None","","VT0020100","Not at a Junction","None","VT-7A(107 Northside Drive)","Dry","0071","42.895392215245344,-73.2035819679571"
"131995","","May 18, 2015, 12:41 PM","Bennington","County Street","COUNTY RD.","Property Damage Only","Rear End","Clear","Federal Aid Urban System (Class 2 TH's and 3 TH's only)","15BN02863","Bennington PD.","2","0.27","None/Other","Day","North Street","None","None","","VT0020100","Not at a Junction","None","County Street","Dry","U1012","42.88440202909804,-73.19685818840904"
"13949","","May 18, 2015, 12:55 PM","Bennington","214 Northside Drive","Unknown","Property Damage Only","No Turns, Thru moves only, Broadside ^<","Clear","Other Public Roadway (Rest Areas, Shopping Center - anything open to public)","15BN02864","Bennington PD.","9","999.99","None/Other","Day","Price Chopper Parking Lot","None","None","","VT0020100","Four-way Intersection","None","214 Northside Drive","Dry","0000","42.898446654715464,-73.2125800433286"
"132385","","May 18, 2015, 5:48 PM","Bennington","VT-9 Main St./100 Morgan Street","VT-9","Property Damage Only","Other - Explain in Narrative","Clear","State System (State Highways and Class I TH links)","15BN02875","Bennington PD.","1","4.94","None/Other","Day","Main Street","None","None","","VT0020100","T - Intersection","None","VT-9 Main St./100 Morgan Street","Dry","0090","42.87882031168518,-73.1866566670978"
"11804","","May 21, 2015, 5:11 PM","Bennington","1477 North Bennington Road","Unknown","Property Damage Only","Other - Explain in Narrative","Clear","Other Public Roadway (Rest Areas, Shopping Center - anything open to public)","15BN02950","Bennington PD.","9","999.99","None/Other","Day","","None","None","","VT0020100","Parking Lot","None","1477 North Bennington Road","Dry","0000","42.91331759781596,-73.2325791490822"
"132180","","May 21, 2015, 5:34 PM","Bennington","VT-9 Main Street","VT-9","Property Damage Only","No Turns, Thru moves only, Broadside ^<","Clear","State System (State Highways and Class I TH links)","15BN02954","Bennington PD.","1","4.83","None/Other","Day","Union Street","None","None","","VT0020100","Four-way Intersection","None","VT-9 Main Street","Dry","0090","42.87842183050062,-73.18863005949369"
"9726","","May 21, 2015, 5:59 PM","Bennington","East View Drive","EASTVIEW DR","Injury","No Turns, Thru moves only, Broadside ^<","Clear","Street or Town Highways in FA Urban Area","15BN02955","Bennington PD.","5","999.99","None/Other","Day","Bank Street","None","None","","VT0020100","Driveway","None","East View Drive","Dry","0000","42.8875335720611,-73.20867168146034"
"131623","","May 22, 2015, 5:50 PM","Bennington","US-7 (344 North Street)","US-7","Property Damage Only","Other - Explain in Narrative","Clear","State System (State Highways and Class I TH links)","15BN02974","Bennington PD.","1","3.67","None/Other","Day","","None","None","","VT0020100","Parking Lot","None","US-7 (344 North Street)","Dry","0070","42.88728539719709,-73.19999357250464"
"18343","","May 22, 2015, 9:28 PM","Bennington","125 Northside Drive","NORTHSIDE DR","Property Damage Only","Rear-to-rear","Clear","Other Public Roadway (Rest Areas, Shopping Center - anything open to public)","15BN02981","Bennington PD.","9","999.99","None/Other","Night","","None","None","","VT0020100","Parking Lot","None","125 Northside Drive","Dry","0000","42.89726147710464,-73.20627310127972"
"13201","","May 23, 2015, 3:29 PM","Bennington","Pleasant Street","Unknown","Property Damage Only","Opp Direction Sideswipe","Clear","Other Public Roadway (Rest Areas, Shopping Center - anything open to public)","15BN02991","Bennington PD.","9","999.99","None/Other","Day","Muncipal Parking Lot","None","None","","VT0020100","Parking Lot","None","Pleasant Street","Dry","0000","42.87865785801623,-73.1939431937304"
"133064","","May 25, 2015, 3:01 PM","Bennington","FAU-1030 Hunt St. W./Benmont Avenue","HUNT ST. WEST","Property Damage Only","Rear End","Clear","Federal Aid Urban System (Class 2 TH's and 3 TH's only)","15BN03027","Bennington PD.","2","0.2","None/Other","Day","Taco Bell/KFC","None","None","","VT0020100","Four-way Intersection","None","FAU-1030 Hunt St. W./Benmont Avenue","Dry","U1030","42.89417255504083,-73.2024892777061"
"11558","","May 25, 2015, 7:41 PM","Bennington","210 Park Street","PARK ST","Property Damage Only","Same Direction Sideswipe","Cloudy","Street or Town Highways in FA Urban Area","15BN03032","Bennington PD.","5","999.99","None/Other","Day","","None","None","","VT0020100","Not at a Junction","None","210 Park Street","Dry","0000","42.882164643491166,-73.19311340033744"
"12975","","May 28, 2015, 11:31 AM","Bennington","Park Street","PARK ST","Property Damage Only","Other - Explain in Narrative","Clear","Street or Town Highways in FA Urban Area","15BN03097","Bennington PD.","5","999.99","None/Other","Day","Pleasant Street","None","None","","VT0020100","T - Intersection","None","Park Street","Dry","0000","42.87905792127483,-73.19328670805253"
"133030","","May 28, 2015, 5:33 PM","Bennington","655 Main Street","VT-9","Property Damage Only","Rear End","Clear","State System (State Highways and Class I TH links)","15BN03104","Bennington PD.","1","4.79","None/Other","Day","Union Street","None","None","","VT0020100","Parking Lot","None","655 Main Street","Dry","0090","42.878278108429534,-73.18935906955036"
"133091","","May 28, 2015, 5:38 PM","Bennington","VT-7A(215 Northside Drive)","VT-7A","Property Damage Only","Rear End","Clear","State System (State Highways and Class I TH links)","15BN03105","Bennington PD.","1","0.61","None/Other","Day","Walmart Parking Lot","None","None","","VT0020100","Four-way Intersection","None","VT-7A(215 Northside Drive)","","0071","42.8993444542875,-73.2097023464538"
"133259","","May 29, 2015, 12:36 PM","Bennington","Harwood Hill Road","VT-7A","Property Damage Only","Opp Direction Sideswipe","Clear","State System (State Highways and Class I TH links)","15BN03122","Bennington PD.","1","1.01","None/Other","Day","Morse Block Under Pass","None","None","","VT0020100","Not at a Junction","None","Harwood Hill Road","Dry","0071","42.904190717180214,-73.21182727243391"
"133431","","May 30, 2015, 11:34 AM","Bennington","East Main Street","VT-9","Injury","Rear End","Clear","State System (State Highways and Class I TH links)","15BN03152","Bennington PD.","1","5.81","None/Other","Day","Vermont Route 279","None","None","","VT0020100","Other - Explain in Narrative","None","East Main Street","Dry","0090","42.88177471963669,-73.17018703746683"
"133549","","May 31, 2015, 9:00 PM","Bennington","VT-67 N Main Street","VT-67","Property Damage Only","Rear End","Clear","State System (State Highways and Class I TH links)","15BN03178","Bennington PD.","1","0.5","None/Other","Night","N Bennington","None","None","","VT0020100","Not at a Junction","None","VT-67 N Main Street","Dry","0670","42.93088345439321,-73.2426040564162"
"16277","","June 2, 2015, 10:17 AM","Bennington","Main Street","Unknown","Property Damage Only","Head On","Cloudy","Other Public Roadway (Rest Areas, Shopping Center - anything open to public)","15BN03217","Bennington PD.","9","999.99","None/Other","Day","Citizen Bank Lot","None","None","","VT0020100","","","Main Street","","0000","42.87948753627884,-73.19813865754772"
"133329","","June 3, 2015, 1:05 AM","Bennington","FAU-1034 Monument Avenue","MONUMENT ROAD","Property Damage Only","Single Vehicle Crash","Clear","Federal Aid Urban System (Class 2 TH's and 3 TH's only)","15BN03233","Bennington PD.","2","0.91","None/Other","Night","Meadowbrook Road","None","None","","VT0020100","Not at a Junction","None","FAU-1034 Monument Avenue","Dry","U1034","42.864805314445704,-73.20773087940434"
"21266","","June 4, 2015, 4:12 PM","Bennington","Northside Drive","Unknown","Property Damage Only","No Turns, Thru moves only, Broadside ^<","Clear","Other Public Roadway (Rest Areas, Shopping Center - anything open to public)","15BN03270","Bennington PD.","9","999.99","None/Other","Day","WalMart Lot","None","None","","VT0020100","Parking Lot","None","Northside Drive","Dry","0000","42.89816140890287,-73.21067894768825"
"133396","","June 5, 2015, 3:48 PM","Bennington","FAU-1040 Pleasant Street","PLEASANT ST.","Property Damage Only","Rear End","Clear","Federal Aid Urban System (Class 2 TH's and 3 TH's only)","15BN03294","Bennington PD.","2","0.47","None/Other","Day","Main Street","None","None","","VT0020100","T - Intersection","None","FAU-1040 Pleasant Street","Dry","U1040","42.87856196095799,-73.18863550978263"
"26662","","June 5, 2015, 5:35 PM","Bennington","110 Shields Drive","Unknown","Injury","Single Vehicle Crash","Clear","Other Public Roadway (Rest Areas, Shopping Center - anything open to public)","15BN03296","Bennington PD.","9","999.99","None/Other","Day","NSK Parking Lot","None","Pedestrian","","VT0020100","Parking Lot","None","110 Shields Drive","Dry","0000","42.89748014753247,-73.1910932734537"
"133262","","June 7, 2015, 5:10 AM","Bennington","FAU-1020 Dewey Street","DEWEY ST.","Injury","Single Vehicle Crash","Clear","Federal Aid Urban System (Class 2 TH's and 3 TH's only)","15BN03333","Bennington PD.","2","0.66","None/Other","Night","Weeks Street","Alcohol","None","","VT0020100","T - Intersection","None","FAU-1020 Dewey Street","Dry","U1020","42.87469236155606,-73.20402254627162"
"18023","","June 7, 2015, 11:25 AM","Bennington","Main Street","BANK ST","Property Damage Only","Rear-to-rear","Clear","Other Public Roadway (Rest Areas, Shopping Center - anything open to public)","15BN03334","Bennington PD.","9","999.99","None/Other","Day","North Bennington Variety Store Lot","None","None","","VT0020100","Parking Lot","None","Main Street","Dry","0000","42.932028235593826,-73.24578656180681"
"5564","","June 7, 2015, 10:12 PM","Bennington","VT-9 Main Street","VT-9","Property Damage Only","Left Turn and Thru, Same Direction Sideswipe/Angle Crash vv--","Clear","State System (State Highways and Class I TH links)","15BN03346","Bennington PD.","1","4.83","None/Other","Night","Pleasant Street","None","None","","VT0020100","Four-way Intersection","None","VT-9 Main Street","Dry","0090","42.87842183050062,-73.18863005949369"
"5625","","June 8, 2015, 12:05 PM","Bennington","VT-9 E Main Street","VT-9","Property Damage Only","Rear End","Cloudy","State System (State Highways and Class I TH links)","15BN03352","Bennington PD.","1","4.97","None/Other","Day","Beech Street","None","None","","VT0020100","T - Intersection","None","VT-9 E Main Street","Wet","0090","42.878922183420656,-73.18611134519189"
"133169","","June 8, 2015, 7:18 PM","Bennington","North Branch Street","BROOKLYN DR.","Property Damage Only","Rear End","Rain","Federal Aid Urban System (Class 2 TH's and 3 TH's only)","15BN03369","Bennington PD.","2","1.19","None/Other","Day","Park Street","None","None","","VT0020100","Four-way Intersection","None","North Branch Street","Wet","U1009","42.89380184850633,-73.1930837931188"
"14714","","June 9, 2015, 10:44 AM","Bennington","310 Main Street","Unknown","Property Damage Only","Left and Right Turns, Simultaneous Turn Crash --vv--","Rain","Other Public Roadway (Rest Areas, Shopping Center - anything open to public)","15BN03374","Bennington PD.","9","999.99","None/Other","Day","Citizens Bank Parking Lot","None","None","","VT0020100","Parking Lot","Road Surface Condition(wet, icy, snow, slush, etc)","310 Main Street","Wet","0000","42.87944342515779,-73.1979912773126"
"11761","","June 10, 2015, 4:49 PM","Bennington","121 North Bennington","Unknown","Injury","Single Vehicle Crash","Clear","Other Public Roadway (Rest Areas, Shopping Center - anything open to public)","15BN03402","Bennington PD.","9","999.99","None/Other","Day","Home Depot Parking Lot","None","Pedestrian","","VT0020100","Parking Lot","None","121 North Bennington","Dry","0000","42.90741018105683,-73.21872045107409"
"133388","","June 11, 2015, 8:47 AM","Bennington","Vermont RT 67","VT-67","Property Damage Only","Left Turn and Thru, Same Direction Sideswipe/Angle Crash vv--","Cloudy","State System (State Highways and Class I TH links)","15BN03420","Bennington PD.","1","0.27","None/Other","Day","Bank Street, North Bennington","None","None","","VT0020100","T - Intersection","None","Vermont RT 67","Dry","0670","42.93176361448139,-73.24519804712966"
"17375","","June 12, 2015, 9:26 AM","Bennington","VT RT 279 Exit 2 Ramp Q","VT-279","Injury","Single Vehicle Crash","Clear","Ramp or Spur","15BN03455","Bennington PD.","7","0.06","None/Other","Day","Welcome Center Route 7 North","None","Motorcycle","","VT0020100","Off Ramp","None","VT RT 279 Exit 2 Ramp Q","Dry","2790","42.905695884776115,-73.20487544113716"
"25056","","June 12, 2015, 12:33 PM","Bennington","229 North Street","NORTH ST","Property Damage Only","Single Vehicle Crash","Clear","Other Public Roadway (Rest Areas, Shopping Center - anything open to public)","15BN03461","Bennington PD.","9","999.99","None/Other","Day","Parking Lot Subway","None","None","","VT0020100","Parking Lot","None","229 North Street","Dry","0000","42.88306063840685,-73.19677123612102"
"132620","","June 12, 2015, 1:47 PM","Bennington","FAS-103 South Stream Road","S STREAM RD","Property Damage Only","Single Vehicle Crash","Cloudy","Federal Aid Secondary System (Class 2 TH)","15BN03464","Bennington PD.","3","1.53","None/Other","Day","Morgan Street Extention","None","None","","VT0020100","Not at a Junction","None","FAS-103 South Stream Road","Wet","S0103","42.85833192322102,-73.17514509324437"
"22344","","June 12, 2015, 3:45 PM","Bennington","230 Abbott Street","Unknown","Property Damage Only","Right Turn and Thru, Broadside ^<--","Clear","Street or Town Highways in FA Urban Area","15BN03467","Bennington PD.","5","999.99","None/Other","Day","Bell Street","None","None","","VT0020100","Not at a Junction","None","230 Abbott Street","Dry","0000","42.886179701701224,-73.18259387106825"
"133251","","June 12, 2015, 7:28 PM","Bennington","VT-67A Main Street","VT-67A","Property Damage Only","Same Direction Sideswipe","Clear","State System (State Highways and Class I TH links)","15BN03474","Bennington PD.","1","3.27","None/Other","Day","Sage Street, North Bennington","None","None","","VT0020100","Y - Intersection","None","VT-67A Main Street","Dry","0671","42.92913812851351,-73.24243043531938"
"133048","","June 12, 2015, 10:16 PM","Bennington","Route 9","VT-9","Property Damage Only","Head On","Rain","State System (State Highways and Class I TH links)","15BN03484","Bennington PD.","1","6.17","Deer","Night","Barney Road","None","None","","VT0020100","Not at a Junction","None","Route 9","Wet","0090","42.88317978384607,-73.1634392216446"
"16896","","June 13, 2015, 8:15 PM","Bennington","143 Main Street","Unknown","Property Damage Only","No Turns, Thru moves only, Broadside ^<","Clear","Other Public Roadway (Rest Areas, Shopping Center - anything open to public)","15BN03497","Bennington PD.","9","999.99","None/Other","Night","Bennington Motor Inn Parking Lot","None","None","","VT0020100","Parking Lot","None","143 Main Street","Dry","0000","42.880703721956884,-73.20386867898837"
"134712","","June 17, 2015, 12:26 PM","Bennington","US-7 (136 North Street)","US-7","Property Damage Only","Same Direction Sideswipe","Clear","State System (State Highways and Class I TH links)","15BN03581","Bennington PD.","1","3.02","None/Other","Day","","None","Heavy Truck","","VT0020100","T - Intersection","None","US-7 (136 North Street)","Dry","0070","42.87912294347231,-73.19707724033897"
"11672","","June 17, 2015, 2:43 PM","Bennington","210 Northside Drive","Unknown","Property Damage Only","Left Turn and Thru, Same Direction Sideswipe/Angle Crash vv--","Clear","Other Public Roadway (Rest Areas, Shopping Center - anything open to public)","15BN03582","Bennington PD.","9","999.99","None/Other","Day","Wal Mart","None","None","","VT0020100","Parking Lot","None","210 Northside Drive","Dry","0000","42.89838910020511,-73.21025302310244"
"9751","","June 17, 2015, 4:00 PM","Bennington","5 Anthony Drive","Unknown","Property Damage Only","No Turns, Thru moves only, Broadside ^<","Clear","Street or Town Highways in FA Urban Area","15BN03586","Bennington PD.","5","999.99","None/Other","Day","","None","None","","VT0020100","Not at a Junction","None","5 Anthony Drive","Dry","0000","42.886004928808276,-73.20548362420115"
"134672","","June 17, 2015, 5:05 PM","Bennington","FAU-1020(228 Dewey Street)","DEWEY ST.","Property Damage Only","Left Turn and Thru, Angle Broadside -->v--","Clear","Federal Aid Urban System (Class 2 TH's and 3 TH's only)","15BN03589","Bennington PD.","2","0.68","None/Other","Day","Weeks Street","None","None","","VT0020100","T - Intersection","","FAU-1020(228 Dewey Street)","Dry","U1020","42.874961402914586,-73.20394232731844"
"134003","","June 18, 2015, 6:29 PM","Bennington","137 Northside Drive","VT-7A","Property Damage Only","Rear End","Clear","State System (State Highways and Class I TH links)","15BN03614","Bennington PD.","1","0.44","None/Other","Day","","None","None","","VT0020100","Not at a Junction","None","137 Northside Drive","Dry","0071","42.89769916438148,-73.2071726687721"
"134388","","June 19, 2015, 1:28 PM","Bennington","110 Northside Drive","VT-7A","Property Damage Only","Rear End","Clear","State System (State Highways and Class I TH links)","15BN03634","Bennington PD.","1","0.22","None/Other","Day","Cumberland Farms","None","None","","VT0020100","Not at a Junction","None","110 Northside Drive","Dry","0071","42.89558816736498,-73.20387669899247"
"10206","","June 19, 2015, 4:10 PM","Bennington","150 Depot Street","Unknown","Property Damage Only","Other - Explain in Narrative","Clear","Other Public Roadway (Rest Areas, Shopping Center - anything open to public)","15BN03638","Bennington PD.","9","999.99","None/Other","Day","Parking Lot Of Bennington Station","None","None","","VT0020100","Parking Lot","","150 Depot Street","Dry","0000","42.881342443763955,-73.19953052085461"
"134654","","June 21, 2015, 10:03 AM","Bennington","US-7 South Street","US-7","Property Damage Only","Single Vehicle Crash","Cloudy","State System (State Highways and Class I TH links)","15BN03678","Bennington PD.","1","2.69","None/Other","Day","Weeks Street","None","None","","VT0020100","Not at a Junction","None","US-7 South Street","Wet","0070","42.874354481225105,-73.19732271140542"
"133701","","June 21, 2015, 6:24 PM","Bennington","US Route 7","US-7","Property Damage Only","Rear End","Cloudy","State System (State Highways and Class I TH links)","15BN03686","Bennington PD.","1","0.19","None/Other","Day","Red Hot Repair","None","None","","VT0020100","Not at a Junction","None","US Route 7","Dry","0070","42.840274809014474,-73.19961786971628"
"18269","","June 22, 2015, 12:22 PM","Bennington","202 Park Street","PARK ST","Property Damage Only","Other - Explain in Narrative","Clear","Street or Town Highways in FA Urban Area","15BN03706","Bennington PD.","5","999.99","None/Other","Day","Gage Street","None","None","","VT0020100","Not at a Junction","None","202 Park Street","Dry","0000","42.88184089171716,-73.19306081329277"
"16383","","June 22, 2015, 6:15 PM","Bennington","216 W Main Street","Unknown","Property Damage Only","Other - Explain in Narrative","Clear","Other Public Roadway (Rest Areas, Shopping Center - anything open to public)","15BN03717","Bennington PD.","9","999.99","None/Other","Day","Hemmings Parking Lot","None","None","","VT0020100","Parking Lot","None","216 W Main Street","Dry","0000","42.882027593003826,-73.20377356189056"
"25021","","June 23, 2015, 11:43 AM","Bennington","VT-279","VT-279","Injury","Single Vehicle Crash","Cloudy","State System (State Highways and Class I TH links)","15BN03729","Bennington PD.","1","999.99","None/Other","Day","Austin Hill Overpass","None","None","","VT0020100","Not at a Junction","None","VT-279","Dry","2790","42.90602518126395,-73.2341214384956"
"134637","","June 23, 2015, 6:15 PM","Bennington","VT-9 Main Street","VT-9","Injury","Rear End","Rain","State System (State Highways and Class I TH links)","15BN03739","Bennington PD.","1","4.83","None/Other","Day","Union Street","None","None","","VT0020100","Four-way Intersection","None","VT-9 Main Street","Wet","0090","42.87842183050062,-73.18863005949369"
"134670","","June 23, 2015, 6:35 PM","Bennington","VT-67A(1614 N Bennington Road)","VT-67A","Property Damage Only","Rear End","Cloudy","State System (State Highways and Class I TH links)","15BN03742","Bennington PD.","1","1.6","None/Other","Day","","None","None","","VT0020100","Not at a Junction","Road Surface Condition(wet, icy, snow, slush, etc)","VT-67A(1614 N Bennington Road)","Other - Explain in Narrative","0671","42.91363068713775,-73.23553346975099"
"18549","","June 25, 2015, 11:23 AM","Bennington","160 Hospital Drive","Unknown","Property Damage Only","Other - Explain in Narrative","Clear","Other Public Roadway (Rest Areas, Shopping Center - anything open to public)","15BN03776","Bennington PD.","9","999.99","None/Other","Day","SVMC Loding Dock","None","Heavy Truck","","VT0020100","Parking Lot","None","160 Hospital Drive","Dry","0000","42.87389409421184,-73.20746302686749"
"134294","","June 25, 2015, 4:49 PM","Bennington","VT-7A Harwood HIll","VT-7A","Property Damage Only","Rear End","Cloudy","State System (State Highways and Class I TH links)","15BN03788","Bennington PD.","1","2.84","None/Other","Day","Overlea Road","None","None","","VT0020100","Not at a Junction","None","VT-7A Harwood HIll","Wet","0071","42.930160942019135,-73.20964083571334"
"133651","","June 29, 2015, 6:30 PM","Bennington","303 Gage Street","GAGE ST.","Property Damage Only","No Turns, Thru moves only, Broadside ^<","Clear","Federal Aid Urban System (Class 2 TH's and 3 TH's only)","15BN03879","Bennington PD.","2","0.22","None/Other","Day","Willy's Variety","None","None","","VT0020100","Not at a Junction","None","303 Gage Street","Dry","U1024","42.88155541441152,-73.19273641526344"
"134584","","June 29, 2015, 9:55 PM","Bennington","227 North Street","US-7","Property Damage Only","No Turns, Thru moves only, Broadside ^<","Cloudy","State System (State Highways and Class I TH links)","15BN03886","Bennington PD.","1","3.29","None/Other","Night","Adams Street","None","None","","VT0020100","Parking Lot","None","227 North Street","Dry","0070","42.88304911914146,-73.19692853473175"
"133856","","June 30, 2015, 1:51 PM","Bennington","VT-7A (110 Northside Drive)","VT-7A","Property Damage Only","Rear End","Cloudy","State System (State Highways and Class I TH links)","15BN03894","Bennington PD.","1","0.22","None/Other","Day","","None","None","","VT0020100","Not at a Junction","None","VT-7A (110 Northside Drive)","Dry","0071","42.89558816736498,-73.20387669899247"
"5729","","July 1, 2015, 1:00 PM","Bennington","VT-9(542 Main Street)","VT-9","Injury","Rear End","Cloudy","State System (State Highways and Class I TH links)","15BN03918","Bennington PD.","1","4.59","None/Other","Day","","None","None","","VT0020100","Not at a Junction","None","VT-9(542 Main Street)","Dry","0090","42.87802636502445,-73.19308806933267"
"134576","","July 1, 2015, 2:46 PM","Bennington","VT-7A Northside Drive","VT-7A","Property Damage Only","Rear End","Cloudy","State System (State Highways and Class I TH links)","15BN03920","Bennington PD.","1","0.19","None/Other","Day","Cumberland Farms","None","None","","VT0020100","Not at a Junction","None","VT-7A Northside Drive","Dry","0071","42.89529278474209,-73.20343639824722"
"5700","","July 1, 2015, 3:05 PM","Bennington","FAU-1022 (106 Elm Street)","ELM ST.","Property Damage Only","Opp Direction Sideswipe","Cloudy","Federal Aid Urban System (Class 2 TH's and 3 TH's only)","15BN03921","Bennington PD.","2","0.62","None/Other","Day","","None","None","","VT0020100","Not at a Junction","None","FAU-1022 (106 Elm Street)","Dry","U1022","42.87672378371769,-73.19798517542938"
"15266","","July 1, 2015, 3:49 PM","Bennington","511 South Street","SOUTH ST","Property Damage Only","Other - Explain in Narrative","Clear","Other Public Roadway (Rest Areas, Shopping Center - anything open to public)","15BN03926","Bennington PD.","9","999.99","None/Other","Day","Salvation Army Thrift Store","None","None","","VT0020100","Parking Lot","None","511 South Street","Dry","0000","42.87184668311203,-73.19636358133351"
"13640","","July 3, 2015, 9:42 AM","Bennington","FAU-1044 Safford Street","SAFFORD ST.","Property Damage Only","Same Direction Sideswipe","Clear","Federal Aid Urban System (Class 2 TH's and 3 TH's only)","15BN03961","Bennington PD.","2","999.99","None/Other","Day","300 Block","None","None","","VT0020100","Not at a Junction","None","FAU-1044 Safford Street","Dry","U1044","42.88144971606608,-73.18776847818197"
"22557","","July 3, 2015, 2:48 PM","Bennington","214 Northside Drive","Unknown","Property Damage Only","Other - Explain in Narrative","Clear","Other Public Roadway (Rest Areas, Shopping Center - anything open to public)","15BN03969","Bennington PD.","9","999.99","None/Other","Day","Price Chopper Parking Lot","None","None","","VT0020100","Parking Lot","None","214 Northside Drive","Dry","0000","42.89882386986575,-73.21271907195703"
"134717","","July 3, 2015, 11:15 PM","Bennington","Route 9","VT-9","Property Damage Only","Other - Explain in Narrative","Clear","State System (State Highways and Class I TH links)","15BN03982","Bennington PD.","1","6.23","Deer","Night","Barney Road","None","None","","VT0020100","Not at a Junction","None","Route 9","Dry","0090","42.88321374856125,-73.16224798792142"