"ObjectID","Mapped","Crash Date","City/Town","Address","AOT Route","Crash Type","Collision Direction","Weather","Road Group","Report Number","Reporting Agency","Road Group ID","AOT Actual Milepoint","Animal","Time of Day","Intersection With","Impairment","Involving","Non Reportable Address","Reporting Agency ID","Road Characteristics","Road Condition","Street Address","Surface Condition","AOT Route ID","Coordinates"
"14454","","July 4, 2015, 2:41 PM","Bennington","214 Northside Drive","Unknown","Property Damage Only","Other - Explain in Narrative","Rain","Other Public Roadway (Rest Areas, Shopping Center - anything open to public)","15BN03992","Bennington PD.","9","999.99","None/Other","Day","Price Chopper Parking Lot","None","None","","VT0020100","Parking Lot","None","214 Northside Drive","Wet","0000","42.898298279219865,-73.21183145264985"
"135801","","July 11, 2015, 8:39 PM","Bennington","210 Northside Drive","VT-7A","Property Damage Only","Rear End","Clear","State System (State Highways and Class I TH links)","15BN04185","Bennington PD.","1","0.61","None/Other","Night","Emma Street","None","None","","VT0020100","Four-way Intersection","None","210 Northside Drive","Dry","0071","42.8993444542875,-73.2097023464538"
"135567","","July 11, 2015, 11:36 PM","Bennington","VT-279 US Route 7 N","VT-279","Injury","Single Vehicle Crash","Clear","Ramp or Spur","15BN04192","Bennington PD.","7","0.4","None/Other","Night","Welcome Center Off Ramp","Alcohol","None","","VT0020100","Y - Intersection","None","VT-279 US Route 7 N","Dry","2790","42.90395968911145,-73.20328462077244"
"22198","","July 15, 2015, 11:18 AM","Bennington","Kocher Drive","Unknown","Property Damage Only","Rear End","Clear","Other Public Roadway (Rest Areas, Shopping Center - anything open to public)","15BN04269","Bennington PD.","9","999.99","None/Other","Day","Northside Drive","None","None","","VT0020100","Four-way Intersection","None","Kocher Drive","Dry","0000","42.894913816302584,-73.20158161152975"
"136036","","July 16, 2015, 11:19 AM","Bennington","FAU-1024 (316 Gage Street)","GAGE ST.","Property Damage Only","Left Turn and Thru, Angle Broadside -->v--","Clear","Federal Aid Urban System (Class 2 TH's and 3 TH's only)","15BN04290","Bennington PD.","2","0.25","None/Other","Day","","None","None","","VT0020100","Not at a Junction","None","FAU-1024 (316 Gage Street)","Dry","U1024","42.881542782341796,-73.19215407189203"
"136025","","July 17, 2015, 3:17 PM","Bennington","VT-9 (445 Main Street)","VT-9","Property Damage Only","Rear End","Clear","State System (State Highways and Class I TH links)","15BN04332","Bennington PD.","1","4.46","None/Other","Day","","None","None","","VT0020100","Four-way Intersection","None","VT-9 (445 Main Street)","Dry","0090","42.87820692507351,-73.19583181160607"
"135864","","July 17, 2015, 6:15 PM","Bennington","Vermont Route 9","VT-9","Property Damage Only","Rear End","Cloudy","State System (State Highways and Class I TH links)","15BN04337","Bennington PD.","1","6","None/Other","Day","Vermont Route 279 E","None","None","","VT0020100","Not at a Junction","None","Vermont Route 9","Dry","0090","42.88256809579115,-73.16662718901459"
"17187","","July 18, 2015, 12:56 PM","Bennington","215 North Street","NORTH ST","Property Damage Only","No Turns, Thru moves only, Broadside ^<","Cloudy","Other Public Roadway (Rest Areas, Shopping Center - anything open to public)","15BN04360","Bennington PD.","9","999.99","None/Other","Day","Goodwill Parking Lot","None","None","","VT0020100","Parking Lot","None","215 North Street","Wet","0000","42.88234038301559,-73.19678761226429"
"135828","","July 20, 2015, 2:22 PM","Bennington","VT-7A Harwood Hill","VT-7A","Property Damage Only","Rear End","Clear","State System (State Highways and Class I TH links)","15BN04401","Bennington PD.","1","2.84","None/Other","Day","Overlea Road","None","None","","VT0020100","T - Intersection","None","VT-7A Harwood Hill","Dry","0071","42.930160942019135,-73.20964083571334"
"12012","","July 21, 2015, 5:39 PM","Bennington","300  Main Street","Unknown","Property Damage Only","Other - Explain in Narrative","Rain","Other Public Roadway (Rest Areas, Shopping Center - anything open to public)","15BN04425","Bennington PD.","9","999.99","None/Other","Day","Mobil Gas Station","None","None","","VT0020100","Parking Lot","None","300  Main Street","Other - Explain in Narrative","0000","42.879085502618274,-73.19911333855536"
"135141","","July 21, 2015, 6:31 PM","Bennington","Washington Avenue","WASHINGTON ST.","Injury","Head On","Unknown","Federal Aid Urban System (Class 2 TH's and 3 TH's only)","15BN04427","Bennington PD.","2","0.18","None/Other","Day","Elm Street","None","Bicycle","","VT0020100","Four-way Intersection","None","Washington Avenue","Dry","U1058","42.87712194334608,-73.20028565130936"
"135107","","July 22, 2015, 9:36 AM","Bennington","US Route 7","BENNINGTON NORTH STATE HIGHWAY","Property Damage Only","Rear End","Cloudy","State System (State Highways and Class I TH links)","15BN04439","Bennington PD.","1","0.23","None/Other","Day","Route 7a (N) Off Ramp","None","None","","VT0020100","Off Ramp","None","US Route 7","Dry","9025","42.923628129667875,-73.20974073577396"
"135510","","July 22, 2015, 5:24 PM","Bennington","FAU-1050 (100 Kocher Drive)","KOCHER DR.","Property Damage Only","Rear End","Cloudy","Federal Aid Urban System (Class 2 TH's and 3 TH's only)","15BN04451","Bennington PD.","2","0","None/Other","Day","US Route 7","None","None","","VT0020100","Four-way Intersection","None","FAU-1050 (100 Kocher Drive)","Dry","U1050","42.89421233345876,-73.19997532803346"
"135720","","July 23, 2015, 12:24 PM","Bennington","VT-9 (331 Main Street)","VT-9","Property Damage Only","Rear End","Clear","State System (State Highways and Class I TH links)","15BN04471","Bennington PD.","1","4.35","None/Other","Day","North Street","None","None","","VT0020100","Four-way Intersection","None","VT-9 (331 Main Street)","Dry","0090","42.87875040858756,-73.19788997232611"
"135545","","July 23, 2015, 1:44 PM","Bennington","108 Union Street","UNION ST.","Property Damage Only","No Turns, Thru moves only, Broadside ^<","Clear","Federal Aid Urban System (Class 2 TH's and 3 TH's only)","15BN04472","Bennington PD.","2","0.06","None/Other","Day","","None","None","","VT0020100","Not at a Junction","None","108 Union Street","Dry","U1052","42.87731709122669,-73.19603829337558"
"135715","","July 23, 2015, 9:08 PM","Bennington","2968 West Road","VT-9","Property Damage Only","Single Vehicle Crash","Clear","State System (State Highways and Class I TH links)","15BN04491","Bennington PD.","1","0.47","None/Other","Night","West Road Motel","None","None","","VT0020100","Parking Lot","None","2968 West Road","Dry","0090","42.875089909190464,-73.26865642972012"
"135300","","July 24, 2015, 1:00 PM","Bennington","FAU-1046 (323 School Street)","SCHOOL ST.","Property Damage Only","Other - Explain in Narrative","Clear","Federal Aid Urban System (Class 2 TH's and 3 TH's only)","15BN04498","Bennington PD.","2","0.36","None/Other","Day","","None","None","","VT0020100","Driveway","None","FAU-1046 (323 School Street)","Dry","U1046","42.88322032602382,-73.19476624736568"
"20651","","July 24, 2015, 8:11 PM","Bennington","138 Pine Circle","PINE CIR","Property Damage Only","Other - Explain in Narrative","Clear","Street or Town Highways in FA Urban Area","15BN04509","Bennington PD.","5","999.99","None/Other","Night","","None","None","","VT0020100","Not at a Junction","None","138 Pine Circle","Dry","0000","42.8692255561935,-73.19365394357297"
"135272","","July 27, 2015, 7:57 AM","Bennington","Water Street","VT-67A","Property Damage Only","Rear End","Clear","State System (State Highways and Class I TH links)","15BN04558","Bennington PD.","1","2.95","None/Other","Day","North Bennington/National Hanger","None","None","","VT0020100","Not at a Junction","None","Water Street","Dry","0671","42.92491173580581,-73.24473914091182"
"13508","","July 29, 2015, 9:56 AM","Bennington","14 Applegate Drive","APPLEGATE DR","Property Damage Only","Rear End","Clear","Other Public Roadway (Rest Areas, Shopping Center - anything open to public)","15BN04598","Bennington PD.","9","999.99","None/Other","Day","Parking Lot Of 14 Applegate","None","None","","VT0020100","Parking Lot","None","14 Applegate Drive","Dry","0000","42.903650931991145,-73.20949300852537"
"136009","","July 29, 2015, 11:52 PM","Bennington","207 Northside Drive","VT-7A","Injury","Rear End","Clear","State System (State Highways and Class I TH links)","15BN04621","Bennington PD.","1","0.59","None/Other","Night","Cumberland Farms","None","None","","VT0020100","Four-way Intersection","None","207 Northside Drive","Dry","0071","42.89915051044744,-73.20940511296494"
"135145","","July 30, 2015, 12:14 PM","Bennington","Route 67A","VT-67A","Property Damage Only","No Turns, Thru moves only, Broadside ^<","Clear","State System (State Highways and Class I TH links)","15BN04633","Bennington PD.","1","0.82","None/Other","Day","Hannaford Rear Entrance","None","None","","VT0020100","Driveway","None","Route 67A","Dry","0671","42.910025585791324,-73.22171195968006"
"136096","","July 31, 2015, 4:46 PM","Bennington","Northside Drive","VT-7A","Property Damage Only","Left and Right Turns, Simultaneous Turn Crash --vv--","Clear","State System (State Highways and Class I TH links)","15BN04663","Bennington PD.","1","0.21","None/Other","Day","Cumberland Farms & Shell","None","None","","VT0020100","Not at a Junction","None","Northside Drive","Dry","0071","42.89549127705866,-73.20372799307218"
"16263","","August 2, 2015, 11:20 AM","Bennington","10 Kocher Drive","Unknown","Property Damage Only","Single Vehicle Crash","Clear","Other Public Roadway (Rest Areas, Shopping Center - anything open to public)","15BN04706","Bennington PD.","9","999.99","None/Other","Day","Aldi Lot","None","None","","VT0020100","Parking Lot","None","10 Kocher Drive","Dry","0000","42.89534985335847,-73.20093765508692"
"136836","","August 3, 2015, 4:13 PM","Bennington","107 Northside Drive","VT-7A","Injury","Rear End","Cloudy","State System (State Highways and Class I TH links)","15BN04736","Bennington PD.","1","0.2","None/Other","Day","","None","None","","VT0020100","Not at a Junction","None","107 Northside Drive","Dry","0071","42.895392215245344,-73.2035819679571"
"136792","","August 5, 2015, 3:48 PM","Bennington","North Street","US-7","Property Damage Only","Rear End","Clear","State System (State Highways and Class I TH links)","15BN04792","Bennington PD.","1","3.38","None/Other","Day","County Street","None","None","","VT0020100","Not at a Junction","None","North Street","Dry","0070","42.884358372674235,-73.1968600056393"
"6053","","August 5, 2015, 6:56 PM","Bennington","713 Main Street","VT-9","Injury","Rear End","Clear","State System (State Highways and Class I TH links)","15BN04801","Bennington PD.","1","4.88","None/Other","Day","Safford Street","None","None","","VT0020100","T - Intersection","None","713 Main Street","Dry","0090","42.87860242237807,-73.1877317488624"
"136263","","August 10, 2015, 9:16 AM","Bennington","VT-7A Northside Drive","VT-7A","Property Damage Only","No Turns, Thru moves only, Broadside ^<","Clear","State System (State Highways and Class I TH links)","15BN04912","Bennington PD.","1","0.2","None/Other","Day","Cumberland Farms","None","None","","VT0020100","Not at a Junction","None","VT-7A Northside Drive","Dry","0071","42.895392215245344,-73.2035819679571"
"17470","","August 10, 2015, 3:56 PM","Bennington","Elm Street","Unknown","Property Damage Only","No Turns, Thru moves only, Broadside ^<","Clear","Other Public Roadway (Rest Areas, Shopping Center - anything open to public)","15BN04919","Bennington PD.","9","999.99","None/Other","Day","US Post Office","None","None","","VT0020100","Parking Lot","None","Elm Street","Dry","0000","42.87651724503541,-73.19808069219307"
"12732","","August 10, 2015, 4:53 PM","Bennington","100 Observatory Street","OBSERVATORY ST","Injury","Single Vehicle Crash","Clear","Street or Town Highways in FA Urban Area","15BN04921","Bennington PD.","5","999.99","None/Other","Day","Putnam Street","None","Pedestrian","","VT0020100","T - Intersection","None","100 Observatory Street","Dry","0000","42.87339323614677,-73.20254944875938"
"137747","","August 11, 2015, 11:32 AM","Bennington","Harwood Hill","VT-7A","Property Damage Only","Single Vehicle Crash","Rain","State System (State Highways and Class I TH links)","15BN04937","Bennington PD.","1","1.07","None/Other","Day","Orchard Hill","None","None","","VT0020100","Not at a Junction","None","Harwood Hill","Wet","0071","42.905059238382805,-73.21173135123911"
"21883","","August 11, 2015, 5:07 PM","Bennington","713 Main Street","Unknown","Property Damage Only","Rear-to-rear","Rain","Other Public Roadway (Rest Areas, Shopping Center - anything open to public)","15BN04944","Bennington PD.","9","999.99","None/Other","Day","Stewart's Parking Lot","None","None","","VT0020100","Parking Lot","None","713 Main Street","Wet","0000","42.87844510232103,-73.1874291049734"
"136342","","August 12, 2015, 1:23 PM","Bennington","VT-7A Northside Drive","VT-7A","Property Damage Only","No Turns, Thru moves only, Broadside ^<","Clear","State System (State Highways and Class I TH links)","15BN04961","Bennington PD.","1","0.19","None/Other","Day","Cumberland Farms Drive","None","None","","VT0020100","Driveway","None","VT-7A Northside Drive","Dry","0071","42.89529278474209,-73.20343639824722"
"136328","","August 12, 2015, 7:23 PM","Bennington","220 Elm Street","ELM ST.","Property Damage Only","Rear End","Rain","Federal Aid Urban System (Class 2 TH's and 3 TH's only)","15BN04972","Bennington PD.","2","0.41","None/Other","Day","Dewey Street","None","None","","VT0020100","Not at a Junction","Road Surface Condition(wet, icy, snow, slush, etc)","220 Elm Street","Wet","U1022","42.8774040996607,-73.20194968480789"
"15938","","August 12, 2015, 8:49 PM","Bennington","102 Pleasant Street","Unknown","Property Damage Only","Other - Explain in Narrative","Clear","Other Public Roadway (Rest Areas, Shopping Center - anything open to public)","15BN04976","Bennington PD.","9","999.99","None/Other","Night","North Street - Parking Lot","None","None","","VT0020100","Parking Lot","None","102 Pleasant Street","Dry","0000","42.87866174158986,-73.19626885398797"
"10686","","August 13, 2015, 7:42 AM","Bennington","110 Shields Drive","Unknown","Property Damage Only","Other - Explain in Narrative","Clear","Street or Town Highways in FA Urban Area","15BN04981","Bennington PD.","5","999.99","None/Other","Day","NSK","None","Heavy Truck","","VT0020100","Not at a Junction","None","110 Shields Drive","Dry","0000","42.89725541521306,-73.18954804913432"
"136538","","August 13, 2015, 1:23 PM","Bennington","VT-67A Northside Drive","VT-7A","Property Damage Only","Rear End","Unknown","State System (State Highways and Class I TH links)","15BN04986","Bennington PD.","1","0.61","None/Other","Day","Emma Street","None","None","","VT0020100","Four-way Intersection","None","VT-67A Northside Drive","Dry","0071","42.8993444542875,-73.2097023464538"
"137462","","August 13, 2015, 2:48 PM","Bennington","101 Northside Drive","VT-7A","Injury","Single Vehicle Crash","Clear","State System (State Highways and Class I TH links)","15BN04989","Bennington PD.","1","0.08","None/Other","Day","","None","None","","VT0020100","Not at a Junction","None","101 Northside Drive","Dry","0071","42.89442578050474,-73.20162048558498"
"12635","","August 14, 2015, 2:36 PM","Bennington","108 Elm Street","ELM ST","Property Damage Only","Other - Explain in Narrative","Clear","Other Public Roadway (Rest Areas, Shopping Center - anything open to public)","15BN05008","Bennington PD.","9","999.99","None/Other","Day","Post Office Parking Lot","None","Heavy Truck","","VT0020100","Parking Lot","None","108 Elm Street","Dry","0000","42.87670798918034,-73.19780132921704"
"22337","","August 14, 2015, 5:44 PM","Bennington","75 Main Street","Unknown","Property Damage Only","Rear-to-rear","Clear","Other Public Roadway (Rest Areas, Shopping Center - anything open to public)","15BN05012","Bennington PD.","9","999.99","None/Other","Day","Bennington Museum","None","None","","VT0020100","Parking Lot","None","75 Main Street","Dry","0000","42.882921266807294,-73.20920645118647"
"137779","","August 15, 2015, 5:50 PM","Bennington","Route 7a North","VT-7A","Property Damage Only","Opp Direction Sideswipe","Clear","State System (State Highways and Class I TH links)","15BN05039","Bennington PD.","1","0.67","None/Other","Day","Northside Drive","None","None","","VT0020100","Not at a Junction","None","Route 7a North","Dry","0071","42.89993464950948,-73.21058371784318"
"136819","","August 16, 2015, 8:24 PM","Bennington","FAU-1042 Rice Ln.,Matteson Road","RICE LN.","Injury","Single Vehicle Crash","Clear","Federal Aid Urban System (Class 2 TH's and 3 TH's only)","15BN05066","Bennington PD.","2","0.01","None/Other","Night","North Bennington Road","None","None","","VT0020100","Not at a Junction","None","FAU-1042 Rice Ln.,Matteson Road","Dry","U1042","42.91238587939848,-73.22525949551124"
"12898","","August 17, 2015, 12:29 PM","Bennington","Benmont Avenue","Unknown","Property Damage Only","Same Direction Sideswipe","Clear","Other Public Roadway (Rest Areas, Shopping Center - anything open to public)","15BN05083","Bennington PD.","9","999.99","None/Other","Day","Green Mountain Cleaners Driveway","None","None","","VT0020100","Parking Lot","None","Benmont Avenue","Dry","0000","42.889907139661545,-73.20184316191741"
"136372","","August 17, 2015, 4:02 PM","Bennington","FAU-1052(117 Union Street)","UNION ST.","Property Damage Only","No Turns, Thru moves only, Broadside ^<","Clear","Federal Aid Urban System (Class 2 TH's and 3 TH's only)","15BN05086","Bennington PD.","2","0.1","None/Other","Day","","None","None","","VT0020100","Not at a Junction","None","FAU-1052(117 Union Street)","Dry","U1052","42.87728108622672,-73.19528065723142"
"18358","","August 18, 2015, 8:49 AM","Bennington","Houghton Road","HOUGHTON LN","Injury","Single Vehicle Crash","Clear","Street or Town Highways in FA Urban Area","15BN05101","Bennington PD.","5","999.99","None/Other","Day","Michaels Drive","None","None","","VT0020100","Not at a Junction","None","Houghton Road","Dry","0000","42.916517707931085,-73.20316164044054"
"14881","","August 18, 2015, 3:57 PM","Bennington","Silk Road","SILK RD","Property Damage Only","Opp Direction Sideswipe","Clear","Street or Town Highways in FA Urban Area","15BN05113","Bennington PD.","5","999.99","None/Other","Day","Bridge Street","None","None","","VT0020100","Not at a Junction","None","Silk Road","Dry","0000","42.90930327645924,-73.22542884182485"
"6050","","August 18, 2015, 4:36 PM","Bennington","335 Dewey Street","DEWEY ST.","Property Damage Only","Same Direction Sideswipe","Clear","Federal Aid Urban System (Class 2 TH's and 3 TH's only)","15BN05114","Bennington PD.","2","0.43","None/Other","Day","Pine Road","None","None","","VT0020100","Parking Lot","None","335 Dewey Street","Dry","U1020","42.8715794410259,-73.2048165630615"
"136797","","August 20, 2015, 4:22 PM","Bennington","VT-7A(211 Northside Drive)","VT-7A","Property Damage Only","Rear End","Clear","State System (State Highways and Class I TH links)","15BN05167","Bennington PD.","1","0.66","None/Other","Day","Bond Auto","None","None","","VT0020100","Not at a Junction","None","VT-7A(211 Northside Drive)","Dry","0071","42.899837921211706,-73.21043480335516"
"6093","","August 21, 2015, 8:36 PM","Bennington","FAS-173 (1276 East Road)","EAST RD","Property Damage Only","Single Vehicle Crash","Clear","Federal Aid Secondary System (Class 2 TH)","15BN05197","Bennington PD.","3","0.63","Domestic","Night","Willow Road","None","None","","VT0020100","Not at a Junction","None","FAS-173 (1276 East Road)","Dry","S0173","42.9118920639561,-73.18853923296649"
"9613","","August 22, 2015, 5:14 PM","Bennington","Bennington Square","Unknown","Property Damage Only","Other - Explain in Narrative","Clear","Other Public Roadway (Rest Areas, Shopping Center - anything open to public)","15BN05223","Bennington PD.","9","999.99","None/Other","Day","K-Mart Parking Lot","None","None","","VT0020100","Parking Lot","None","Bennington Square","Dry","0000","42.89311816868912,-73.19638249029937"
"137047","","August 24, 2015, 12:53 PM","Bennington","VT-7A(111 Northside Drive)","VT-7A","Property Damage Only","Rear End","Clear","State System (State Highways and Class I TH links)","15BN05276","Bennington PD.","1","0.24","None/Other","Day","Cumberland Farms Entrance","None","None","","VT0020100","Not at a Junction","None","VT-7A(111 Northside Drive)","Dry","0071","42.895781944558536,-73.20417411410925"
"137388","","August 24, 2015, 2:02 PM","Bennington","FAU-1000 Beech Street","BEECH ST.&S. STREAM RD.","Property Damage Only","Left Turn and Thru, Head On ^v--","Clear","Federal Aid Urban System (Class 2 TH's and 3 TH's only)","15BN05280","Bennington PD.","2","0.86","None/Other","Day","Main Street","None","None","","VT0020100","Not at a Junction","None","FAU-1000 Beech Street","Dry","U1000","42.878832610615554,-73.18607083242495"
"20836","","August 25, 2015, 4:15 PM","Bennington","210 Northside Drive","Unknown","Property Damage Only","Rear-to-rear","Clear","Other Public Roadway (Rest Areas, Shopping Center - anything open to public)","15BN05313","Bennington PD.","9","999.99","None/Other","Day","Walmart Parking Lot","None","None","","VT0020100","Parking Lot","None","210 Northside Drive","Dry","0000","42.89808366432113,-73.21015156599098"
"14905","","August 27, 2015, 2:34 AM","Bennington","800 Main Street","Unknown","Property Damage Only","Other - Explain in Narrative","Clear","Other Public Roadway (Rest Areas, Shopping Center - anything open to public)","15BN05350","Bennington PD.","9","999.99","None/Other","Night","Beech Street At Corner Of Main Street","None","None","","VT0020100","Parking Lot","None","800 Main Street","Dry","0000","42.878463792976845,-73.18581362577991"
"137704","","August 27, 2015, 12:28 PM","Bennington","VT-7A Harwood Hill","VT-7A","Injury","No Turns, Thru moves only, Broadside ^<","Clear","State System (State Highways and Class I TH links)","15BN05360","Bennington PD.","1","1.08","None/Other","Day","Harwood & Orchard Road Intersection","None","Bicycle","","VT0020100","T - Intersection","None","VT-7A Harwood Hill","Dry","0071","42.90520394452889,-73.21171453702212"
"6008","","August 27, 2015, 4:07 PM","Bennington","FAU-1006 (160 Benmont Avenue)","BENMONT AVE.","Property Damage Only","No Turns, Thru moves only, Broadside ^<","Clear","Federal Aid Urban System (Class 2 TH's and 3 TH's only)","15BN05365","Bennington PD.","2","0.25","None/Other","Day","County Street","None","None","","VT0020100","T - Intersection","None","FAU-1006 (160 Benmont Avenue)","Dry","U1006","42.884267011036954,-73.20193131364888"
"6041","","August 27, 2015, 6:08 PM","Bennington","309 Pleasant Street","PLEASANT ST.","Property Damage Only","Other - Explain in Narrative","Clear","Federal Aid Urban System (Class 2 TH's and 3 TH's only)","15BN05369","Bennington PD.","2","0.3","None/Other","Day","Valentine Street","None","None","","VT0020100","Parking Lot","None","309 Pleasant Street","Dry","U1040","42.87911214890932,-73.19134812869866"
"17277","","August 27, 2015, 7:09 PM","Bennington","332 North Street","Unknown","Property Damage Only","Rear-to-rear","Clear","Other Public Roadway (Rest Areas, Shopping Center - anything open to public)","15BN05372","Bennington PD.","9","999.99","None/Other","Day","Jensen's Diner","None","None","","VT0020100","Parking Lot","None","332 North Street","Dry","0000","42.88590040323296,-73.19904339463284"
"137092","","August 28, 2015, 1:00 PM","Bennington","VT-67A North Bennington Road","VT-67A","Property Damage Only","Left Turn and Thru, Same Direction Sideswipe/Angle Crash vv--","Clear","State System (State Highways and Class I TH links)","15BN05385","Bennington PD.","1","0.5","None/Other","Day","Bennington Subaru","None","None","","VT0020100","Four-way Intersection","None","VT-67A North Bennington Road","Dry","0671","42.90583420374593,-73.21863792757802"
"136315","","August 28, 2015, 3:42 PM","Bennington","FAU-1021 East Road","EAST RD.","Property Damage Only","Rear End","Clear","Federal Aid Urban System (Class 2 TH's and 3 TH's only)","15BN05388","Bennington PD.","2","0.29","None/Other","Day","Near Shields Drive","None","None","","VT0020100","Not at a Junction","None","FAU-1021 East Road","Dry","U1021","42.897886638946126,-73.19280164620032"
"136868","","August 28, 2015, 4:07 PM","Bennington","Main Street","VT-9","Property Damage Only","Rear End","Clear","State System (State Highways and Class I TH links)","15BN05389","Bennington PD.","1","4.5","None/Other","Day","School Street","None","None","","VT0020100","T - Intersection","None","Main Street","Dry","0090","42.87815157579309,-73.1949868256207"
"136345","","August 29, 2015, 2:23 PM","Bennington","VT-9 (430 Main Street)","VT-9","Property Damage Only","Rear End","Clear","State System (State Highways and Class I TH links)","15BN05417","Bennington PD.","1","4.4","None/Other","Day","","None","Motorcycle","","VT0020100","Not at a Junction","None","VT-9 (430 Main Street)","Dry","0090","42.87836042235422,-73.19707761480734"
"6022","","September 1, 2015, 3:58 PM","Bennington","1896 VT RTE 7A","VT-7A","Injury","Left Turn and Thru, Angle Broadside -->v--","Clear","State System (State Highways and Class I TH links)","15BN05489","Bennington PD.","1","2.68","None/Other","Day","","None","None","","VT0020100","Not at a Junction","None","1896 VT RTE 7A","Dry","0071","42.9280266709795,-73.20850006023416"
"16161","","September 1, 2015, 6:14 PM","Bennington","210 Northside Drive","Unknown","Injury","Other - Explain in Narrative","Clear","Other Public Roadway (Rest Areas, Shopping Center - anything open to public)","15BN05498","Bennington PD.","9","999.99","None/Other","Day","Price Chopper Parking Lot","None","None","","VT0020100","Parking Lot","None","210 Northside Drive","Dry","0000","42.89843230859773,-73.21199216636597"
"18386","","September 1, 2015, 8:10 PM","Bennington","1285 Middle Pownal Road","TOWN ROAD 0049","Property Damage Only","Single Vehicle Crash","Clear","City, Village or Urban Compact Street not in FA Urban Area (Class 2 and 3 Non-Federal Aid)","15BN05503","Bennington PD.","6","999.99","None/Other","Night","","Alcohol","None","","VT0020100","Not at a Junction","None","1285 Middle Pownal Road","Dry","T0049","42.852584665386445,-73.18705657043445"
"136558","","September 2, 2015, 1:04 PM","Bennington","FAU-1058 Washington Avenue","WASHINGTON ST.","Property Damage Only","Rear End","Clear","Federal Aid Urban System (Class 2 TH's and 3 TH's only)","15BN05521","Bennington PD.","2","0.34","None/Other","Day","Main Street","None","None","","VT0020100","Four-way Intersection","None","FAU-1058 Washington Avenue","Dry","U1058","42.87926713368151,-73.19914745853865"
"136664","","September 3, 2015, 12:36 PM","Bennington","US07(116 North Street)","US-7","Property Damage Only","Left Turns, Same Direction, Rear End v--v--","Clear","State System (State Highways and Class I TH links)","15BN05545","Bennington PD.","1","3","None/Other","Day","Pleasant Street","None","Heavy Truck","","VT0020100","T - Intersection","None","US07(116 North Street)","Dry","0070","42.87883123930254,-73.19711029444456"
"139336","","September 4, 2015, 5:33 PM","Bennington","436 Park Street","PARK ST.","Property Damage Only","Rear End","Unknown","Federal Aid Urban System (Class 2 TH's and 3 TH's only)","15BN05589","Bennington PD.","2","0.62","None/Other","Day","Kocher","None","None","","VT0020100","Four-way Intersection","None","436 Park Street","Dry","U1038","42.89326906183934,-73.19322324275205"
"139391","","September 4, 2015, 7:28 PM","Bennington","VT-9(301 Main Street)","VT-9","Injury","Other - Explain in Narrative","Cloudy","State System (State Highways and Class I TH links)","15BN05595","Bennington PD.","1","4.29","None/Other","Day","Washington Avenue","None","Motorcycle","","VT0020100","Four-way Intersection","None","VT-9(301 Main Street)","Dry","0090","42.87924102246266,-73.19881731514779"
"138425","","September 5, 2015, 11:52 AM","Bennington","FAU-1018(110 Depot Street)","DEPOT ST.","Property Damage Only","Rear-to-rear","Clear","Federal Aid Urban System (Class 2 TH's and 3 TH's only)","15BN05615","Bennington PD.","2","0.08","None/Other","Day","","None","None","","VT0020100","Parking Lot","None","FAU-1018(110 Depot Street)","Dry","U1018","42.88048726019536,-73.19875199289743"
"138712","","September 5, 2015, 4:43 PM","Bennington","FAU-1024(512 Gage Street)","GAGE ST.","Property Damage Only","Rear-to-rear","Clear","Federal Aid Urban System (Class 2 TH's and 3 TH's only)","15BN05620","Bennington PD.","2","0.45","None/Other","Day","Safford","None","None","","VT0020100","Not at a Junction","None","FAU-1024(512 Gage Street)","Dry","U1024","42.88144177111796,-73.18827273868811"
"138409","","September 5, 2015, 5:56 PM","Bennington","325 North Street","US-7","Property Damage Only","Single Vehicle Crash","Clear","State System (State Highways and Class I TH links)","15BN05624","Bennington PD.","1","3.54","None/Other","Day","Deer Park","None","None","","VT0020100","Parking Lot","None","325 North Street","Dry","0070","42.88583178581644,-73.19845806883622"
"139228","","September 8, 2015, 8:53 AM","Bennington","VT-7A Northside Drive","VT-7A","Property Damage Only","Same Direction Sideswipe","Cloudy","State System (State Highways and Class I TH links)","15BN05684","Bennington PD.","1","0.01","None/Other","Day","State Route 7","None","None","","VT0020100","Not at a Junction","None","VT-7A Northside Drive","Dry","0071","42.89432746724871,-73.20017419886561"
"17931","","September 9, 2015, 5:41 PM","Bennington","Willow Park Road","Unknown","Injury","Single Vehicle Crash","Clear","Other Public Roadway (Rest Areas, Shopping Center - anything open to public)","15BN05719","Bennington PD.","9","999.99","None/Other","Day","Performance Drive","None","Pedestrian","","VT0020100","Driveway","None","Willow Park Road","Dry","0000","42.89690794416835,-73.19638840412816"
"139600","","September 10, 2015, 12:15 PM","Bennington","VT RT 279","VT-279","Injury","Single Vehicle Crash","Cloudy","Ramp or Spur","15BN05740","Bennington PD.","7","0.28","None/Other","Day","On Ramp To VT RT 279","None","Heavy Truck","","VT0020100","On Ramp","None","VT RT 279","Dry","2790","42.90358134649623,-73.21764174174474"
"137950","","September 10, 2015, 5:49 PM","Bennington","VT-7A Harwood Hill","VT-7A","Property Damage Only","Single Vehicle Crash","Cloudy","State System (State Highways and Class I TH links)","15BN05747","Bennington PD.","1","1.01","None/Other","Day","Orchard Road","None","Heavy Truck","","VT0020100","Not at a Junction","None","VT-7A Harwood Hill","Dry","0071","42.904190717180214,-73.21182727243391"