"ObjectID","Mapped","Crash Date","City/Town","Address","AOT Route","Crash Type","Collision Direction","Weather","Road Group","Report Number","Reporting Agency","Road Group ID","AOT Actual Milepoint","Animal","Time of Day","Intersection With","Impairment","Involving","Non Reportable Address","Reporting Agency ID","Road Characteristics","Road Condition","Street Address","Surface Condition","AOT Route ID","Coordinates"
"138785","","September 11, 2015, 1:24 AM","Bennington","800 Main Street","VT-9","Property Damage Only","Left Turn and Thru, Same Direction Sideswipe/Angle Crash vv--","Rain","State System (State Highways and Class I TH links)","15BN05758","Bennington PD.","1","4.93","None/Other","Night","Peppermills","None","None","","VT0020100","T - Intersection","Unknown","800 Main Street","Wet","0090","42.87878401666296,-73.18683585770083"
"138871","","September 11, 2015, 12:11 PM","Bennington","216 North Street","US-7","Property Damage Only","Same Direction Sideswipe","Clear","State System (State Highways and Class I TH links)","15BN05766","Bennington PD.","1","3.27","None/Other","Day","Adams Street","None","None","","VT0020100","Not at a Junction","None","216 North Street","Dry","0070","42.88275800491998,-73.19693472734785"
"138746","","September 11, 2015, 12:32 PM","Bennington","Bank Street","BANK ST.","Property Damage Only","Left and Right Turns, Simultaneous Turn Crash --vv--","Clear","Federal Aid Urban System (Class 2 TH's and 3 TH's only)","15BN05767","Bennington PD.","2","0.03","None/Other","Day","North Bennington Variety Store","None","None","","VT0020100","T - Intersection","None","Bank Street","Dry","U1200","42.932376300619914,-73.24612139500292"
"138695","","September 11, 2015, 2:05 PM","Bennington","222 North Street","US-7","Property Damage Only","Other - Explain in Narrative","Clear","State System (State Highways and Class I TH links)","15BN05771","Bennington PD.","1","3.28","None/Other","Day","","None","None","","VT0020100","Not at a Junction","None","222 North Street","Dry","0070","42.88290358540354,-73.19693322167203"
"25834","","September 11, 2015, 8:51 PM","Bennington","35 Kocher Drive","Unknown","Property Damage Only","Rear End","Clear","Other Public Roadway (Rest Areas, Shopping Center - anything open to public)","15BN05789","Bennington PD.","9","999.99","None/Other","Night","Burger King Parking Lot","None","None","","VT0020100","Not at a Junction","None","35 Kocher Drive","Dry","0000","42.89348996390119,-73.19741508729858"
"9728","","September 12, 2015, 12:16 PM","Bennington","214 Northside Drive","Unknown","Property Damage Only","Other - Explain in Narrative","Clear","Other Public Roadway (Rest Areas, Shopping Center - anything open to public)","15BN05804","Bennington PD.","9","999.99","None/Other","Day","Price Chopper Lot","None","None","","VT0020100","Parking Lot","None","214 Northside Drive","Dry","0000","42.89881546095816,-73.21117622216975"
"20625","","September 12, 2015, 1:01 PM","Bennington","Hicks Avenue","HICKS AV","Property Damage Only","Rear End","Clear","Street or Town Highways in FA Urban Area","15BN05806","Bennington PD.","5","999.99","None/Other","Day","Northside Drive","None","None","","VT0020100","Four-way Intersection","None","Hicks Avenue","Dry","0000","42.89602654375377,-73.20508362947005"
"139452","","September 13, 2015, 4:11 PM","Bennington","North Street","US-7","Injury","Left Turn and Thru, Angle Broadside -->v--","Rain","State System (State Highways and Class I TH links)","15BN05836","Bennington PD.","1","3.38","None/Other","Day","County & North Street Intersection","None","None","","VT0020100","Four-way Intersection","None","North Street","Wet","0070","42.884358372674235,-73.1968600056393"
"139480","","September 13, 2015, 6:33 PM","Bennington","VT-9 West Rd./21 Jennings Drive","VT-9","Injury","Single Vehicle Crash","Rain","State System (State Highways and Class I TH links)","15BN05839","Bennington PD.","1","2.67","None/Other","Day","West Road","None","None","","VT0020100","Not at a Junction","None","VT-9 West Rd./21 Jennings Drive","Wet","0090","42.88206872243435,-73.22693310481111"
"11248","","September 14, 2015, 6:57 AM","Bennington","Route 7","US-7","Property Damage Only","Single Vehicle Crash","Clear","State System (State Highways and Class I TH links)","15BN05851","Bennington PD.","1","999.99","Deer","Night","Vermont Route 279","None","None","","VT0020100","Not at a Junction","None","Route 7","Dry","0070","42.90563693730245,-73.21053446382952"
"138145","","September 14, 2015, 12:20 PM","Bennington","Harwood Hill Road","VT-7A","Property Damage Only","Other - Explain in Narrative","Clear","State System (State Highways and Class I TH links)","15BN05876","Bennington PD.","1","1.07","None/Other","Day","Orchard Road","None","Heavy Truck","","VT0020100","Not at a Junction","None","Harwood Hill Road","Dry","0071","42.905059238382805,-73.21173135123911"
"138034","","September 14, 2015, 4:00 PM","Bennington","VT RT 7A","VT-7A","Property Damage Only","Rear End","Clear","State System (State Highways and Class I TH links)","15BN05865","Bennington PD.","1","2.53","None/Other","Day","West Mountain Animal Hospital","None","None","","VT0020100","Not at a Junction","None","VT RT 7A","Dry","0071","42.92589207641684,-73.20875648717629"
"138693","","September 15, 2015, 12:36 PM","Bennington","US-7 (111 South Street)","US-7","Property Damage Only","Same Direction Sideswipe","Clear","State System (State Highways and Class I TH links)","15BN05882","Bennington PD.","1","2.94","None/Other","Day","Main Street","None","None","","VT0020100","Four-way Intersection","None","US-7 (111 South Street)","Dry","0070","42.877962539727754,-73.19715715934542"
"139535","","September 15, 2015, 1:19 PM","Bennington","VT RT 7 North","US-7","Property Damage Only","Rear End","Clear","State System (State Highways and Class I TH links)","15BN05884","Bennington PD.","1","3.87","None/Other","Day","North Of State Office Complex","None","None","","VT0020100","Not at a Junction","None","VT RT 7 North","Dry","0070","42.89025128727222,-73.20028597141022"
"15042","","September 16, 2015, 4:38 PM","Bennington","51 Hannaford Square","HANNAFORD SQ","Property Damage Only","Other - Explain in Narrative","Clear","Other Public Roadway (Rest Areas, Shopping Center - anything open to public)","15BN05914","Bennington PD.","9","999.99","None/Other","Day","Parking Lot","None","None","","VT0020100","Parking Lot","None","51 Hannaford Square","Dry","0000","42.906937846946825,-73.22225396403489"
"139583","","September 17, 2015, 10:20 AM","Bennington","343 Main Street","VT-9","Property Damage Only","Rear End","Clear","State System (State Highways and Class I TH links)","15BN05939","Bennington PD.","1","4.37","None/Other","Day","North Street","None","None","","VT0020100","Not at a Junction","None","343 Main Street","Dry","0090","42.878594529949076,-73.1975673209645"
"6210","","September 17, 2015, 12:27 PM","Bennington","FAU-1018 County Street","DEPOT ST.","Injury","Rear End","Clear","Federal Aid Urban System (Class 2 TH's and 3 TH's only)","15BN05941","Bennington PD.","2","0.46","None/Other","Day","Park Street","None","None","","VT0020100","Four-way Intersection","None","FAU-1018 County Street","Dry","U1018","42.885845824421686,-73.19848738113848"
"12098","","September 17, 2015, 2:03 PM","Bennington","100 Hospital Drive","Unknown","Property Damage Only","Single Vehicle Crash","Clear","Other Public Roadway (Rest Areas, Shopping Center - anything open to public)","15BN059542","Bennington PD.","9","999.99","None/Other","Day","SVMC Parking Lot","None","None","","VT0020100","Parking Lot","None","100 Hospital Drive","Dry","0000","42.87360249605921,-73.20803493302826"
"138797","","September 17, 2015, 4:48 PM","Bennington","108 Elm Street","ELM ST.","Property Damage Only","Rear End","Clear","Federal Aid Urban System (Class 2 TH's and 3 TH's only)","15BN05946","Bennington PD.","2","0.6","None/Other","Day","South Street","None","None","","VT0020100","Not at a Junction","None","108 Elm Street","Dry","U1022","42.87678655792531,-73.19834597159819"
"138792","","September 18, 2015, 11:05 AM","Bennington","Vermont Route 9","VT-9","Property Damage Only","Same Direction Sideswipe","Clear","State System (State Highways and Class I TH links)","15BN05973","Bennington PD.","1","1.24","None/Other","Day","JEWETT DRIVE","None","Heavy Truck","","VT0020100","Not at a Junction","None","Vermont Route 9","Dry","0090","42.877516168842064,-73.25410409934624"
"11150","","September 18, 2015, 12:44 PM","Bennington","202 Park Street","PARK ST","Property Damage Only","Same Direction Sideswipe","Clear","Street or Town Highways in FA Urban Area","15BN05977","Bennington PD.","5","999.99","None/Other","Day","","None","None","","VT0020100","Not at a Junction","None","202 Park Street","Dry","0000","42.8817862167629,-73.19317036764946"
"24907","","September 18, 2015, 5:14 PM","Bennington","100 Veterans Memorial Drive","VETERANS MEMORIAL DR","Property Damage Only","Right Turn and Thru, Angle Broadside -->^--","Clear","Street or Town Highways in FA Urban Area","15BN05988","Bennington PD.","5","999.99","None/Other","Day","US RT 7","None","None","","VT0020100","T - Intersection","None","100 Veterans Memorial Drive","Dry","0000","42.888847001158,-73.20003155303685"
"139214","","September 19, 2015, 1:13 PM","Bennington","VT-7A (118 Northside Drive)","VT-7A","Property Damage Only","Rear End","Clear","State System (State Highways and Class I TH links)","15BN06015","Bennington PD.","1","0.33","None/Other","Day","Family Footwear","None","None","","VT0020100","Not at a Junction","None","VT-7A (118 Northside Drive)","Dry","0071","42.896650623423774,-73.20551646479481"
"138619","","September 20, 2015, 11:22 AM","Bennington","Vermont Route 279","VT-279","Property Damage Only","Rear End","Clear","State System (State Highways and Class I TH links)","15BN06040","Bennington PD.","1","1.2","None/Other","Day","Weigh Station","None","None","","VT0020100","Not at a Junction","None","Vermont Route 279","Dry","2790","42.90261544296006,-73.25693650478657"
"138836","","September 20, 2015, 6:00 PM","Bennington","150 Depot Street","DEPOT ST.","Property Damage Only","Other - Explain in Narrative","Clear","Federal Aid Urban System (Class 2 TH's and 3 TH's only)","15BN06047","Bennington PD.","2","0.17","None/Other","Day","River Street","None","None","","VT0020100","Parking Lot","None","150 Depot Street","Dry","U1018","42.881757927355345,-73.1987227404132"
"138671","","September 20, 2015, 11:07 PM","Bennington","VT-9 (67 West Road)","VT-9","Property Damage Only","Single Vehicle Crash","Clear","State System (State Highways and Class I TH links)","15BN06054","Bennington PD.","1","3.37","None/Other","Night","First Church","None","Pedestrian","","VT0020100","Not at a Junction","None","VT-9 (67 West Road)","Dry","0090","42.88333657722709,-73.21334401223673"
"11999","","September 21, 2015, 11:47 AM","Bennington","212 Park Street","PARK ST","Property Damage Only","Same Direction Sideswipe","Clear","Street or Town Highways in FA Urban Area","15BN06062","Bennington PD.","5","999.99","None/Other","Day","","None","None","","VT0020100","Not at a Junction","None","212 Park Street","Dry","0000","42.88431677793912,-73.19300284024747"
"139573","","September 21, 2015, 5:09 PM","Bennington","10 Kocher Drive","VT-7A","Property Damage Only","Rear End","Clear","State System (State Highways and Class I TH links)","15BN06069","Bennington PD.","1","0.12","None/Other","Day","VT US 7","None","None","","VT0020100","Four-way Intersection","None","10 Kocher Drive","Dry","0071","42.894665428497476,-73.20234032793044"
"14026","","September 22, 2015, 5:29 PM","Bennington","210 Northside Drive","Unknown","Property Damage Only","Same Direction Sideswipe","Cloudy","Other Public Roadway (Rest Areas, Shopping Center - anything open to public)","15BN06088","Bennington PD.","9","999.99","None/Other","Day","Walmart Parking Lot","None","None","","VT0020100","Parking Lot","None","210 Northside Drive","Dry","0000","42.897933451685645,-73.20969681797331"
"6138","","September 23, 2015, 5:27 PM","Bennington","FAU-1024 (655 Gage Street)","GAGE ST.","Property Damage Only","Rear-to-rear","Clear","Federal Aid Urban System (Class 2 TH's and 3 TH's only)","15BN06113","Bennington PD.","2","0.57","None/Other","Day","Recreation Center","None","None","","VT0020100","Parking Lot","None","FAU-1024 (655 Gage Street)","Dry","U1024","42.88139979461431,-73.18593910071442"
"6178","","September 25, 2015, 10:31 AM","Bennington","649 Main Street","VT-9","Injury","Rear End","Clear","State System (State Highways and Class I TH links)","15BN06142","Bennington PD.","1","4.75","None/Other","Day","","None","None","","VT0020100","Not at a Junction","None","649 Main Street","Dry","0090","42.878166881764045,-73.1900733487321"
"138232","","September 25, 2015, 2:26 PM","Bennington","1707 West Road","VT-9","Property Damage Only","Single Vehicle Crash","Clear","State System (State Highways and Class I TH links)","15BN06146","Bennington PD.","1","1.74","None/Other","Day","","None","None","","VT0020100","Not at a Junction","None","1707 West Road","Dry","0090","42.87870671266224,-73.2444995158353"
"137914","","September 25, 2015, 8:03 PM","Bennington","FAU-1012 County Street","COUNTY RD.","Property Damage Only","Same Direction Sideswipe","Clear","Federal Aid Urban System (Class 2 TH's and 3 TH's only)","15BN06156","Bennington PD.","2","0.53","None/Other","Night","Park Street","None","None","","VT0020100","Not at a Junction","None","FAU-1012 County Street","Dry","U1012","42.88424268875001,-73.19201279064387"
"139363","","September 25, 2015, 8:58 PM","Bennington","1896 Harwood Hill Road","VT-7A","Property Damage Only","Other - Explain in Narrative","Clear","State System (State Highways and Class I TH links)","15BN06159","Bennington PD.","1","2.68","None/Other","Night","The Market Wagon","None","None","","VT0020100","Not at a Junction","None","1896 Harwood Hill Road","Dry","0071","42.9280266709795,-73.20850006023416"
"11881","","September 26, 2015, 1:22 PM","Bennington","262 Main Street","Unknown","Property Damage Only","Left Turn and Thru, Same Direction Sideswipe/Angle Crash vv--","Clear","Other Public Roadway (Rest Areas, Shopping Center - anything open to public)","15BN06177","Bennington PD.","9","999.99","None/Other","Day","Dollar General","None","None","","VT0020100","Parking Lot","None","262 Main Street","Dry","0000","42.87988295710529,-73.1997221181785"
"139247","","September 27, 2015, 10:49 PM","Bennington","1709 West Road","VT-9","Property Damage Only","Single Vehicle Crash","Clear","State System (State Highways and Class I TH links)","15BN06214","Bennington PD.","1","1.74","Deer","Night","West Road Mobile Home Park","None","None","","VT0020100","Not at a Junction","None","1709 West Road","Dry","0090","42.87870671266224,-73.2444995158353"
"139141","","September 28, 2015, 3:34 PM","Bennington","279 West","VT-279","Property Damage Only","Same Direction Sideswipe","Clear","State System (State Highways and Class I TH links)","15BN06228","Bennington PD.","1","3.96","None/Other","Day","7 North","Alcohol","None","","VT0020100","On Ramp","None","279 West","Dry","2790","42.90407623872594,-73.20036923025121"
"15619","","September 28, 2015, 6:11 PM","Bennington","713 Main Street","Unknown","Property Damage Only","","Cloudy","Other Public Roadway (Rest Areas, Shopping Center - anything open to public)","15BN06236","Bennington PD.","9","999.99","None/Other","Day","Stewarts Parking Lot","None","None","","VT0020100","Parking Lot","None","713 Main Street","Dry","0000","42.87843448386776,-73.18769826807858"
"25132","","September 28, 2015, 9:49 PM","Bennington","713 Main Street","Unknown","Property Damage Only","Other - Explain in Narrative","Clear","Other Public Roadway (Rest Areas, Shopping Center - anything open to public)","15BN06243","Bennington PD.","9","999.99","None/Other","Night","Safford Street","None","None","","VT0020100","Parking Lot","None","713 Main Street","Dry","0000","42.897924298605965,-73.20972120079024"
"139482","","September 29, 2015, 8:54 AM","Bennington","FAU-1006(160 Benmont Avenue)","BENMONT AVE.","Injury","Other - Explain in Narrative","Rain","Federal Aid Urban System (Class 2 TH's and 3 TH's only)","15BN06251","Bennington PD.","2","0.25","None/Other","Day","Mace Building Entrance","None","Bicycle","","VT0020100","Not at a Junction","Road Surface Condition(wet, icy, snow, slush, etc)","FAU-1006(160 Benmont Avenue)","Wet","U1006","42.884267011036954,-73.20193131364888"
"17481","","September 29, 2015, 9:02 AM","Bennington","160 Benmont Avenue","Unknown","Property Damage Only","Other - Explain in Narrative","Cloudy","Other Public Roadway (Rest Areas, Shopping Center - anything open to public)","15BN06252","Bennington PD.","9","999.99","None/Other","Day","Fastenal Lot","None","None","","VT0020100","Parking Lot","None","160 Benmont Avenue","Wet","0000","42.8846342374266,-73.20294630366759"
"11593","","September 29, 2015, 10:12 AM","Bennington","321 Park Street","Unknown","Property Damage Only","Other - Explain in Narrative","Clear","Other Public Roadway (Rest Areas, Shopping Center - anything open to public)","15BN06254","Bennington PD.","9","999.99","None/Other","Day","CDC Parking Lot","None","None","","VT0020100","Parking Lot","None","321 Park Street","Dry","0000","42.886988280025875,-73.19185753908756"
"14629","","September 29, 2015, 3:49 PM","Bennington","210 Northside Drive","Unknown","Property Damage Only","Other - Explain in Narrative","Clear","Other Public Roadway (Rest Areas, Shopping Center - anything open to public)","15BN06259","Bennington PD.","9","999.99","None/Other","Day","Walmart Parking Lot","None","None","","VT0020100","Parking Lot","None","210 Northside Drive","Dry","0000","42.898127683298384,-73.21031124231129"
"15094","","September 29, 2015, 9:27 PM","Bennington","VT-9 (1000 West Road)","VT-9","Property Damage Only","Single Vehicle Crash","Rain","State System (State Highways and Class I TH links)","15BN06272","Bennington PD.","1","999.99","None/Other","Night","NY Route 7","None","None","","VT0020100","Not at a Junction","Unknown","VT-9 (1000 West Road)","Wet","0090","42.86800743101206,-73.275475638014"
"138220","","September 30, 2015, 3:44 PM","Bennington","VT-9 (428 Main Street)","VT-9","Property Damage Only","Rear End","Rain","State System (State Highways and Class I TH links)","15BN06281","Bennington PD.","1","4.43","None/Other","Day","Knaps Hobbies","None","None","","VT0020100","Not at a Junction","Road Surface Condition(wet, icy, snow, slush, etc)","VT-9 (428 Main Street)","Wet","0090","42.87825479104893,-73.19646408493583"
"138322","","September 30, 2015, 4:09 PM","Bennington","2068 US Route 7","US-7","Injury","Rear End","Rain","State System (State Highways and Class I TH links)","15BN06282","Bennington PD.","1","0.09","None/Other","Day","","None","Heavy Truck","","VT0020100","Not at a Junction","Road Surface Condition(wet, icy, snow, slush, etc)","2068 US Route 7","Wet","0070","42.83891419015214,-73.19894625903612"
"12369","","October 1, 2015, 4:03 PM","Bennington","Forrestview Drive","Unknown","Property Damage Only","Head On","Clear","Street or Town Highways in FA Urban Area","15BN06293","Bennington PD.","5","999.99","None/Other","Day","Coulter Street","None","None","","VT0020100","T - Intersection","None","Forrestview Drive","Dry","0000","42.87327567645203,-73.18781233098451"
"17133","","October 1, 2015, 5:39 PM","Bennington","210 Northisde Drive","Unknown","Property Damage Only","Opp Direction Sideswipe","Clear","Other Public Roadway (Rest Areas, Shopping Center - anything open to public)","15BN06296","Bennington PD.","9","999.99","None/Other","Day","Parking Lot","None","None","","VT0020100","Parking Lot","None","210 Northisde Drive","Dry","0000","42.89869191151204,-73.20932595116852"
"13827","","October 3, 2015, 8:30 PM","Bennington","Vermont Route 279","VT-279","Property Damage Only","Single Vehicle Crash","Cloudy","State System (State Highways and Class I TH links)","15BN06343","Bennington PD.","1","999.99","Deer","Night","US Route 7","None","None","","VT0020100","Not at a Junction","None","Vermont Route 279","Dry","2790","42.90165233356421,-73.1888868593287"
"138267","","October 4, 2015, 6:21 PM","Bennington","US-7/Kocher Drive","US-7","Injury","No Turns, Thru moves only, Broadside ^<","Cloudy","State System (State Highways and Class I TH links)","15BN06360","Bennington PD.","1","4.15","None/Other","Day","US Route 7","None","None","","VT0020100","Four-way Intersection","Unknown","US-7/Kocher Drive","Dry","0070","42.894240344343764,-73.19997243291877"
"26007","","October 4, 2015, 9:28 PM","Bennington","TH-24 Veil Road","TOWN ROAD 0024","Property Damage Only","Single Vehicle Crash","Clear","City, Village or Urban Compact Street not in FA Urban Area (Class 2 and 3 Non-Federal Aid)","15BN06366","Bennington PD.","6","999.99","None/Other","Night","Whipstock Road","None","None","","VT0020100","Other - Explain in Narrative","None","TH-24 Veil Road","Dry","T0024","42.89789939163632,-73.25716597048965"
"11027","","October 5, 2015, 2:37 PM","Bennington","Emma Street","Unknown","Property Damage Only","Single Vehicle Crash","Clear","Street or Town Highways in FA Urban Area","15BN06379","Bennington PD.","5","999.99","None/Other","Day","Dunkin Donuts Entrance","None","None","","VT0020100","T - Intersection","None","Emma Street","Dry","0000","42.899195907337685,-73.20934397265552"
"10492","","October 6, 2015, 12:41 PM","Bennington","Shepard Street","SHEPARD ST","Property Damage Only","Rear-to-rear","Clear","Other Public Roadway (Rest Areas, Shopping Center - anything open to public)","15BN06406","Bennington PD.","9","999.99","None/Other","Day","Willowbrook Office Lot","None","None","","VT0020100","Parking Lot","None","Shepard Street","Dry","0000","42.89850408507595,-73.2047567823078"
"140818","","October 7, 2015, 6:49 PM","Bennington","FAU-1032 Matteson Road","MATTISON ROAD","Property Damage Only","Single Vehicle Crash","Cloudy","Federal Aid Urban System (Class 2 TH's and 3 TH's only)","15BN06441","Bennington PD.","2","0.16","None/Other","Day","Rice Lane","None","None","","VT0020100","","None","FAU-1032 Matteson Road","Dry","U1032","42.915425977135016,-73.22771532386302"
"139780","","October 8, 2015, 8:10 AM","Bennington","VT-7A (225 Northside Drive)","VT-7A","Property Damage Only","Rear End","Clear","State System (State Highways and Class I TH links)","15BN06452","Bennington PD.","1","0.75","None/Other","Day","Emma Street","None","None","","VT0020100","Four-way Intersection","None","VT-7A (225 Northside Drive)","Dry","0071","42.90070983505782,-73.21177337685492"
"15272","","October 8, 2015, 9:01 AM","Bennington","TH-56 (19 Coleville Road)","TOWN ROAD 0056","Property Damage Only","Single Vehicle Crash","Unknown","City, Village or Urban Compact Street not in FA Urban Area (Class 2 and 3 Non-Federal Aid)","15BN06454","Bennington PD.","6","999.99","None/Other","Day","South Stream Road","None","None","","VT0020100","T - Intersection","None","TH-56 (19 Coleville Road)","Unknown","T0056","42.85077778543295,-73.17299124101304"
"140153","","October 8, 2015, 5:11 PM","Bennington","VT-7A (120 Northside Drive)","VT-7A","Property Damage Only","Rear End","Clear","State System (State Highways and Class I TH links)","15BN06463","Bennington PD.","1","0.35","None/Other","Day","Family Footwear","Alcohol","None","","VT0020100","Not at a Junction","None","VT-7A (120 Northside Drive)","Dry","0071","42.89684132571676,-73.20581754544152"
"140024","","October 9, 2015, 1:22 PM","Bennington","Northside Drive","VT-7A","Property Damage Only","Other - Explain in Narrative","Rain","State System (State Highways and Class I TH links)","15BN06481","Bennington PD.","1","0.61","None/Other","Day","Entrance To Walmart","None","Heavy Truck","","VT0020100","Four-way Intersection","None","Northside Drive","Wet","0071","42.8993444542875,-73.2097023464538"
"140113","","October 9, 2015, 8:30 PM","Bennington","FAU-1030 Hunt St. West./Benmont Avenue","HUNT ST. WEST","Injury","Single Vehicle Crash","Cloudy","Federal Aid Urban System (Class 2 TH's and 3 TH's only)","15BN06491","Bennington PD.","2","0.04","None/Other","Night","Hunt Street","None","None","","VT0020100","Other - Explain in Narrative","Work zone (construction / maintenance / utility)","FAU-1030 Hunt St. West./Benmont Avenue","Wet","U1030","42.8921943345261,-73.20163883144437"
"141159","","October 10, 2015, 4:12 PM","Bennington","300 Beech Street","BEECH ST.&S. STREAM RD.","Property Damage Only","No Turns, Thru moves only, Broadside ^<","Clear","Federal Aid Urban System (Class 2 TH's and 3 TH's only)","15BN06511","Bennington PD.","2","0.48","None/Other","Day","","None","None","","VT0020100","Driveway","None","300 Beech Street","Dry","U1000","42.8748049612461,-73.18119993646948"
"140092","","October 12, 2015, 6:59 PM","Bennington","VT RT 279","VT-279","Property Damage Only","Single Vehicle Crash","Clear","State System (State Highways and Class I TH links)","15BN06560","Bennington PD.","1","1.56","Wild","Day","Weigh Station","None","None","","VT0020100","Not at a Junction","None","VT RT 279","Dry","2790","42.90491022037134,-73.25039454852637"
"9935","","October 13, 2015, 6:55 PM","Bennington","TH-18 (480 Murphy Road)","TOWN ROAD 0018","Injury","","Cloudy","City, Village or Urban Compact Street not in FA Urban Area (Class 2 and 3 Non-Federal Aid)","15BN06583","Bennington PD.","6","999.99","None/Other","Day","Austin Hill Road","None","None","","VT0020100","Not at a Junction","None","TH-18 (480 Murphy Road)","Wet","T0018","42.90979209802895,-73.23907688549839"
"140580","","October 13, 2015, 7:13 PM","Bennington","FAU-1000(224 Beech Street)","BEECH ST.&S. STREAM RD.","Property Damage Only","Other - Explain in Narrative","Cloudy","Federal Aid Urban System (Class 2 TH's and 3 TH's only)","15BN06584","Bennington PD.","2","0.57","None/Other","Night","Chimes Street","None","None","","VT0020100","Not at a Junction","None","FAU-1000(224 Beech Street)","Wet","U1000","42.875615491641426,-73.18257374599165"
"18642","","October 14, 2015, 11:06 AM","Bennington","West Street","WEST ST","Property Damage Only","Same Direction Sideswipe","Clear","Street or Town Highways in FA Urban Area","15BN06595","Bennington PD.","5","999.99","None/Other","Day","Church Street","None","None","","VT0020100","Not at a Junction","None","West Street","Dry","0000","42.929082156062464,-73.24478326154997"
"26146","","October 14, 2015, 2:00 PM","Bennington","120 Depot St","Unknown","Property Damage Only","Rear End","Cloudy","Other Public Roadway (Rest Areas, Shopping Center - anything open to public)","15MV008411","DMV/Enforcement & Safety Div.","9","999.99","None/Other","Day","","None","None","","VTDMV0000","Not at a Junction","None","120 Depot St","Dry","0000","42.880228073582366,-73.19922416184028"
"99","","October 14, 2015, 3:31 PM","Bennington","Main Street","VT-9","Property Damage Only","Rear End","Clear","State System (State Highways and Class I TH links)","15BN06602","Bennington PD.","1","4.02","None/Other","Day","Bennington Motor Inn","None","None","","VT0020100","Not at a Junction","None","Main Street","Dry","0090","42.881068253399896,-73.20341022905788"
"140963","","October 15, 2015, 11:31 AM","Bennington","147 Dewey Street","DEWEY ST.","Property Damage Only","Rear End","Clear","Federal Aid Urban System (Class 2 TH's and 3 TH's only)","15BN06620","Bennington PD.","2","0.92","None/Other","Day","Elm Street","None","None","","VT0020100","Other - Explain in Narrative","None","147 Dewey Street","Dry","U1020","42.878181709518735,-73.20293153664024"
"140489","","October 15, 2015, 1:14 PM","Bennington","Benmont Avenue","VT-9","Property Damage Only","Single Vehicle Crash","Clear","State System (State Highways and Class I TH links)","15BN06623","Bennington PD.","1","4.11","None/Other","Day","Main/Dewey/Benmont Intersections","None","None","","VT0020100","Not at a Junction","None","Benmont Avenue","Dry","0090","42.880480578260915,-73.20186782455015"
"11146","","October 15, 2015, 2:10 PM","Bennington","111 Northside Drive","Unknown","Property Damage Only","Rear End","Clear","Other Public Roadway (Rest Areas, Shopping Center - anything open to public)","15BN06625","Bennington PD.","9","999.99","None/Other","Day","Cumberland Farms Parking Lot","None","None","","VT0020100","Parking Lot","None","111 Northside Drive","Dry","0000","42.89569263030181,-73.203757532045"
"12402","","October 16, 2015, 3:35 AM","Bennington","218 College Road","COLLEGE RD","Property Damage Only","Single Vehicle Crash","Rain","Street or Town Highways in FA Urban Area","15BN06637","Bennington PD.","5","999.99","None/Other","Night","North Bennington","Alcohol","None","","VT0020100","Not at a Junction","Road Surface Condition(wet, icy, snow, slush, etc)","218 College Road","Wet","0000","42.926053488171114,-73.23426123529975"
"141052","","October 16, 2015, 9:14 PM","Bennington","681 Water Street","VT-67A","Property Damage Only","Single Vehicle Crash","Cloudy","State System (State Highways and Class I TH links)","15BN06659","Bennington PD.","1","2.58","None/Other","Night","","None","None","","VT0020100","Not at a Junction","None","681 Water Street","Dry","0671","42.91978599112139,-73.24668943990697"
"139850","","October 17, 2015, 5:38 PM","Bennington","US-7 North St./341 Main Street","US-7","Property Damage Only","Other - Explain in Narrative","Clear","State System (State Highways and Class I TH links)","15BN06675","Bennington PD.","1","2.97","None/Other","Day","South Street","None","Heavy Truck","","VT0020100","Four-way Intersection","None","US-7 North St./341 Main Street","Dry","0070","42.87838038017111,-73.1971350998712"
"10907","","October 19, 2015, 11:53 AM","Bennington","322 Dewey Street","Unknown","Property Damage Only","Other - Explain in Narrative","Clear","Other Public Roadway (Rest Areas, Shopping Center - anything open to public)","15BN06709","Bennington PD.","9","999.99","None/Other","Day","Advanced Eyecare Parking Lot","None","None","","VT0020100","Parking Lot","None","322 Dewey Street","Dry","0000","42.87227562095192,-73.20423796822118"
"140504","","October 21, 2015, 5:45 PM","Bennington","212 Branch Street","NORTH BRANCH ST.","Property Damage Only","Other - Explain in Narrative","Clear","Federal Aid Urban System (Class 2 TH's and 3 TH's only)","15BN06772","Bennington PD.","2","0.19","None/Other","Day","Gage Street","None","None","","VT0020100","Other - Explain in Narrative","None","212 Branch Street","Dry","U1036","42.88217034198079,-73.18077585619413"
"140127","","October 22, 2015, 6:20 PM","Bennington","VT-7A Northside Drive","VT-7A","Property Damage Only","Rear End","Cloudy","State System (State Highways and Class I TH links)","15BN06794","Bennington PD.","1","0.01","None/Other","Day","","None","None","","VT0020100","Four-way Intersection","Road Surface Condition(wet, icy, snow, slush, etc)","VT-7A Northside Drive","Wet","0071","42.89432746724871,-73.20017419886561"