"ObjectID","Mapped","Crash Date","City/Town","Address","AOT Route","Crash Type","Collision Direction","Weather","Road Group","Report Number","Reporting Agency","Road Group ID","AOT Actual Milepoint","Animal","Time of Day","Intersection With","Impairment","Involving","Non Reportable Address","Reporting Agency ID","Road Characteristics","Road Condition","Street Address","Surface Condition","AOT Route ID","Coordinates"
"141176","","October 23, 2015, 11:05 AM","Bennington","713 Main Street","VT-9","Property Damage Only","Rear End","Clear","State System (State Highways and Class I TH links)","15BN06820","Bennington PD.","1","4.88","None/Other","Day","Safford Street","None","None","","VT0020100","T - Intersection","None","713 Main Street","","0090","42.87860242237807,-73.1877317488624"
"140874","","October 23, 2015, 1:56 PM","Bennington","Northside Drive","VT-7A","Property Damage Only","Rear End","Clear","State System (State Highways and Class I TH links)","15BN06813","Bennington PD.","1","0.29","None/Other","Day","Hicks Avenue","None","None","","VT0020100","Not at a Junction","None","Northside Drive","Dry","0071","42.89626582578084,-73.20491832803377"
"21586","","October 24, 2015, 2:49 PM","Bennington","110 Northside Drive","Unknown","Injury","Single Vehicle Crash","Clear","Other Public Roadway (Rest Areas, Shopping Center - anything open to public)","15BN06856","Bennington PD.","9","999.99","None/Other","Day","Cumberland Farms Parking Lot","None","Pedestrian","","VT0020100","Parking Lot","None","110 Northside Drive","Dry","0000","42.89655502328501,-73.2040489425416"
"139918","","October 24, 2015, 7:14 PM","Bennington","VT-9 (841 Main Street)","VT-9","Property Damage Only","No Turns, Thru moves only, Broadside ^<","Clear","State System (State Highways and Class I TH links)","15BN06858","Bennington PD.","1","5.21","None/Other","Night","Branch Street","None","None","","VT0020100","Four-way Intersection","None","VT-9 (841 Main Street)","Dry","0090","42.87944571580799,-73.1810936594632"
"14654","","October 25, 2015, 1:09 PM","Bennington","160 Benmont Avenue","Unknown","Property Damage Only","No Turns, Thru moves only, Broadside ^<","Cloudy","Other Public Roadway (Rest Areas, Shopping Center - anything open to public)","15BN06874","Bennington PD.","9","999.99","None/Other","Day","Parking Lot","None","None","","VT0020100","Parking Lot","None","160 Benmont Avenue","","0000","42.90188561611245,-73.20234636187578"
"12063","","October 25, 2015, 5:00 PM","Bennington","TH-26 (100 Silk Road)","TOWN ROAD 0026","Injury","Left Turn and Thru, Angle Broadside -->v--","Cloudy","City, Village or Urban Compact Street not in FA Urban Area (Class 2 and 3 Non-Federal Aid)","15BN06878","Bennington PD.","6","999.99","None/Other","Day","North Bennington Road","None","None","","VT0020100","Four-way Intersection","None","TH-26 (100 Silk Road)","Dry","T0026","42.912302935923144,-73.22510886777042"
"6214","","October 26, 2015, 9:05 AM","Bennington","VT-9 Main Street","VT-9","Property Damage Only","No Turns, Thru moves only, Broadside ^<","Clear","State System (State Highways and Class I TH links)","15BN06896","Bennington PD.","1","4.27","None/Other","Day","Washington Avenue","None","None","","VT0020100","Four-way Intersection","None","VT-9 Main Street","Dry","0090","42.87941605386163,-73.19914035567825"
"140923","","October 26, 2015, 3:08 PM","Bennington","Route 7","US-7","Property Damage Only","Left and Right Turns, Simultaneous Turn Crash --vv--","Clear","State System (State Highways and Class I TH links)","15BN06907","Bennington PD.","1","4.15","None/Other","Day","Kocher Drive","None","None","","VT0020100","Four-way Intersection","None","Route 7","Dry","0070","42.894240344343764,-73.19997243291877"
"6282","","October 28, 2015, 10:18 AM","Bennington","Northside Drive","VT-7A","Property Damage Only","Left and Right Turns, Simultaneous Turn Crash --vv--","Clear","State System (State Highways and Class I TH links)","15BN06955","Bennington PD.","1","0.22","None/Other","Day","Cumberland Farms","None","None","","VT0020100","Not at a Junction","None","Northside Drive","Dry","0071","42.89558816736498,-73.20387669899247"
"140140","","October 29, 2015, 7:22 PM","Bennington","110 Northside Drive","VT-7A","Property Damage Only","Same Direction Sideswipe","Clear","State System (State Highways and Class I TH links)","15BN07005","Bennington PD.","1","0.22","None/Other","Night","Cumberland Farms","None","None","","VT0020100","Other - Explain in Narrative","None","110 Northside Drive","Dry","0071","42.89558816736498,-73.20387669899247"
"139801","","October 30, 2015, 4:48 PM","Bennington","VT-9 (500 Main Street)","VT-9","Property Damage Only","Rear End","Clear","State System (State Highways and Class I TH links)","15BN07031","Bennington PD.","1","4.51","None/Other","Day","School Street","None","None","","VT0020100","T - Intersection","None","VT-9 (500 Main Street)","Dry","0090","42.87813708319431,-73.1947765483367"
"11383","","October 31, 2015, 12:56 PM","Bennington","Vermont Route 7","Unknown","Property Damage Only","Left Turn and Thru, Angle Broadside -->v--","Clear","Other Public Roadway (Rest Areas, Shopping Center - anything open to public)","15BN07057","Bennington PD.","9","999.99","None/Other","Day","Apple Barn Parking Lot","None","None","","VT0020100","Parking Lot","None","Vermont Route 7","Dry","0000","42.85830622814502,-73.20103241102615"
"140613","","November 1, 2015, 8:15 AM","Bennington","US-7(1923 Vermont Route 7)","US-7","Property Damage Only","Single Vehicle Crash","Rain","State System (State Highways and Class I TH links)","15BN07075","Bennington PD.","1","0.23","Deer","Day","","None","None","","VT0020100","Not at a Junction","None","US-7(1923 Vermont Route 7)","Wet","0070","42.840798515230766,-73.19995937268868"
"24692","","November 1, 2015, 11:51 AM","Bennington","332 North Street","Unknown","Property Damage Only","Opp Direction Sideswipe","Cloudy","Other Public Roadway (Rest Areas, Shopping Center - anything open to public)","15BN07080","Bennington PD.","9","999.99","None/Other","Day","Jensen's Restaurant","None","None","","VT0020100","Parking Lot","None","332 North Street","Wet","0000","42.88602544995844,-73.19920394668554"
"140918","","November 4, 2015, 4:09 AM","Bennington","220 Northside Drive","VT-7A","Property Damage Only","Other - Explain in Narrative","Clear","State System (State Highways and Class I TH links)","15BN07151","Bennington PD.","1","0.72","None/Other","Night","Pizza Hut","None","None","","VT0020100","Not at a Junction","Debris","220 Northside Drive","Dry","0071","42.90041696026008,-73.2113262559314"
"25498","","November 4, 2015, 10:22 AM","Bennington","751 North Bennington Road","Unknown","Property Damage Only","Other - Explain in Narrative","Clear","Other Public Roadway (Rest Areas, Shopping Center - anything open to public)","15BN07156","Bennington PD.","9","999.99","None/Other","Day","","None","None","","VT0020100","Parking Lot","None","751 North Bennington Road","Dry","0000","42.90985805478127,-73.22025518241928"
"139652","","November 4, 2015, 4:04 PM","Bennington","VT-7A(1726 Harwood Hill Road)","VT-7A","Injury","Rear End","Clear","State System (State Highways and Class I TH links)","15BN07163","Bennington PD.","1","2.53","None/Other","Day","West Mountain Animal Hospital","None","None","","VT0020100","Driveway","None","VT-7A(1726 Harwood Hill Road)","Dry","0071","42.92589207641684,-73.20875648717629"
"141169","","November 4, 2015, 5:17 PM","Bennington","County Street","COUNTY RD.","Property Damage Only","Left Turn and Thru, Angle Broadside -->v--","Cloudy","Federal Aid Urban System (Class 2 TH's and 3 TH's only)","15BN07169","Bennington PD.","2","0.29","None/Other","Day","North Street","None","None","","VT0020100","Not at a Junction","None","County Street","Dry","U1012","42.884389344532075,-73.19648540376447"
"18380","","November 4, 2015, 5:56 PM","Bennington","US Route 7","US-7","Property Damage Only","Single Vehicle Crash","Clear","Ramp or Spur","15BN07170","Bennington PD.","7","0.08","Deer","Day","Exit 1 Ramp S","None","None","","VT0020100","Off Ramp","None","US Route 7","Dry","0070","42.907438062968964,-73.20847105941922"
"362","","November 6, 2015, 3:29 PM","Bennington","North Street","US-7","Property Damage Only","Left and Right Turns, Simultaneous Turn Crash --vv--","Clear","State System (State Highways and Class I TH links)","15BN07208","Bennington PD.","1","3.38","None/Other","Day","County Street","None","None","","VT0020100","Four-way Intersection","None","North Street","Dry","0070","42.884358372674235,-73.1968600056393"
"140631","","November 6, 2015, 5:25 PM","Bennington","237 North Street","US-7","Property Damage Only","Rear End","Rain","State System (State Highways and Class I TH links)","15BN07214","Bennington PD.","1","3.34","None/Other","Day","Dunkin Donuts","None","None","","VT0020100","Not at a Junction","Road Surface Condition(wet, icy, snow, slush, etc)","237 North Street","Wet","0070","42.88377637861466,-73.19688682149594"
"14589","","November 7, 2015, 10:38 AM","Bennington","Parking Lot","Unknown","Property Damage Only","Other - Explain in Narrative","Cloudy","Other Public Roadway (Rest Areas, Shopping Center - anything open to public)","15BN07227","Bennington PD.","9","999.99","None/Other","Day","Parking Lot Of CCV & Citizens Bank","None","None","","VT0020100","Parking Lot","Road Surface Condition(wet, icy, snow, slush, etc)","Parking Lot","Dry","0000","42.879696432436916,-73.19783500546036"
"294","","November 8, 2015, 11:05 AM","Bennington","US-7 North Street","US-7","Property Damage Only","No Turns, Thru moves only, Broadside ^<","Cloudy","State System (State Highways and Class I TH links)","15BN07250","Bennington PD.","1","3.38","None/Other","Day","County Street","None","None","","VT0020100","Four-way Intersection","None","US-7 North Street","Dry","0070","42.884358372674235,-73.1968600056393"
"126","","November 9, 2015, 4:19 PM","Bennington","VT-7A Kocher Drive","VT-7A","Property Damage Only","Rear End","Cloudy","State System (State Highways and Class I TH links)","15BN07272","Bennington PD.","1","0","None/Other","Day","Northside Drive","None","None","","VT0020100","Four-way Intersection","None","VT-7A Kocher Drive","Dry","0071","42.89431037154962,-73.19996519607773"
"140706","","November 10, 2015, 5:48 AM","Bennington","312 Elm Street","ELM ST.","Property Damage Only","Same Direction Sideswipe","Cloudy","Federal Aid Urban System (Class 2 TH's and 3 TH's only)","15BN07283","Bennington PD.","2","0.29","None/Other","Night","Dewey Street","None","None","","VT0020100","Not at a Junction","None","312 Elm Street","Dry","U1022","42.87769298894171,-73.20423227653184"
"141144","","November 11, 2015, 5:49 PM","Bennington","Vermont Route 279","VT-279","Injury","Head On","Cloudy","State System (State Highways and Class I TH links)","15BN07319","Bennington PD.","1","0.68","None/Other","Day","Weigh Station","None","None","","VT0020100","Not at a Junction","None","Vermont Route 279","Wet","2790","42.89900560339681,-73.2661812123181"
"139738","","November 12, 2015, 5:20 PM","Bennington","Mechanic Street","MECHANIC ST.","Property Damage Only","Single Vehicle Crash","Cloudy","Federal Aid Urban System (Class 2 TH's and 3 TH's only)","15BN07343","Bennington PD.","2","0.3","Deer","Day","Frederick Street - North Bennington","None","None","","VT0020100","T - Intersection","None","Mechanic Street","Dry","U1204","42.927790164239504,-73.23511510265519"
"13896","","November 13, 2015, 7:20 AM","Bennington","VT RT 7 N","US-7","Property Damage Only","Other - Explain in Narrative","Clear","State System (State Highways and Class I TH links)","15BN07358","Bennington PD.","1","999.99","Deer","Day","At The Split","None","None","","VT0020100","","None","VT RT 7 N","Dry","0070","42.88439439919063,-73.19652918091481"
"17335","","November 13, 2015, 2:36 PM","Bennington","99 Northside Drive","Unknown","Property Damage Only","No Turns, Thru moves only, Broadside ^<","Cloudy","Other Public Roadway (Rest Areas, Shopping Center - anything open to public)","15BN07361","Bennington PD.","9","999.99","None/Other","Day","Apollo Fuel Pumps","None","None","","VT0020100","Parking Lot","None","99 Northside Drive","Dry","0000","42.89225955687186,-73.2013678825741"
"16859","","November 13, 2015, 3:08 PM","Bennington","559 Gore Road","TOWN ROAD 0054","Injury","Head On","Cloudy","City, Village or Urban Compact Street not in FA Urban Area (Class 2 and 3 Non-Federal Aid)","15BN07362","Bennington PD.","6","999.99","None/Other","Day","","Alcohol","None","","VT0020100","Not at a Junction","None","559 Gore Road","Dry","T0054","42.86691591617521,-73.16879764729622"
"1873","","November 15, 2015, 12:32 PM","Bennington","North Bennington Road","VT-67A","Property Damage Only","Same Direction Sideswipe","Clear","State System (State Highways and Class I TH links)","15BN07402","Bennington PD.","1","2.17","None/Other","Day","Hillside Street","None","None","","VT0020100","Y - Intersection","","North Bennington Road","Dry","0671","42.9139680515012,-73.24635786702797"
"18169","","November 15, 2015, 4:24 PM","Bennington","66 Colegate Heights","Unknown","Injury","Single Vehicle Crash","Clear","Street or Town Highways in FA Urban Area","15BN07404","Bennington PD.","5","999.99","None/Other","Day","Camelot Village","None","None","","VT0020100","Not at a Junction","None","66 Colegate Heights","Dry","0000","42.8823201677261,-73.22184431985958"
"1719","","November 16, 2015, 12:20 PM","Bennington","County Street","COUNTY RD.","Property Damage Only","Left Turn and Thru, Broadside v<--","Clear","Federal Aid Urban System (Class 2 TH's and 3 TH's only)","15BN07416","Bennington PD.","2","0.76","None/Other","Day","Safford Street","None","None","","VT0020100","T - Intersection","None","County Street","Dry","U1012","42.884043027678324,-73.18773015288785"
"499","","November 16, 2015, 4:10 PM","Bennington","Route 67A","VT-67","Property Damage Only","Single Vehicle Crash","Clear","State System (State Highways and Class I TH links)","15BN07421","Bennington PD.","1","0.17","Deer","Day","North Bennington Variety","None","None","","VT0020100","Not at a Junction","None","Route 67A","Dry","0670","42.932252540647774,-73.2469797288239"
"6514","","November 16, 2015, 4:46 PM","Bennington","VT-7A Harwood Hill","VT-7A","Injury","No Turns, Thru moves only, Broadside ^<","Cloudy","State System (State Highways and Class I TH links)","15BN07422","Bennington PD.","1","1.71","None/Other","Day","Houghton Lane","None","None","","VT0020100","Four-way Intersection","None","VT-7A Harwood Hill","Dry","0071","42.914342674326434,-73.21115302172177"
"2116","","November 17, 2015, 2:30 PM","Bennington","VT-9 (262 Main Street)","VT-9","Property Damage Only","Left Turn and Thru, Angle Broadside -->v--","Clear","State System (State Highways and Class I TH links)","15BN07433","Bennington PD.","1","4.23","None/Other","Day","","None","None","","VT0020100","Not at a Junction","None","VT-9 (262 Main Street)","Dry","0090","42.879696643574455,-73.1998113846662"
"25463","","November 17, 2015, 3:49 PM","Bennington","210 Northside Drive","Unknown","Property Damage Only","No Turns, Thru moves only, Broadside ^<","Cloudy","Other Public Roadway (Rest Areas, Shopping Center - anything open to public)","15BN07435","Bennington PD.","9","999.99","None/Other","Day","","None","None","","VT0020100","Four-way Intersection","Road Surface Condition(wet, icy, snow, slush, etc)","210 Northside Drive","Dry","0000","42.89887334585647,-73.21055243922302"
"635","","November 18, 2015, 10:13 PM","Bennington","VT RT 279","VT-279","Property Damage Only","Left Turn and Thru, Angle Broadside -->v--","Clear","State System (State Highways and Class I TH links)","15BN07476","Bennington PD.","1","3.1","Deer","Night","Exit 1","None","None","","VT0020100","Off Ramp","None","VT RT 279","Dry","2790","42.90496878219778,-73.2199182927184"
"1591","","November 20, 2015, 11:50 AM","Bennington","Northside Drive","VT-7A","Property Damage Only","Rear End","Clear","State System (State Highways and Class I TH links)","15BN07508","Bennington PD.","1","0.76","None/Other","Day","American Legion","None","None","","VT0020100","Y - Intersection","None","Northside Drive","Dry","0071","42.900807016513355,-73.2119217421097"
"1132","","November 22, 2015, 3:42 PM","Bennington","236 Northside Drive","VT-67A","Property Damage Only","Rear End","Clear","State System (State Highways and Class I TH links)","15BN07562","Bennington PD.","1","0.09","None/Other","Day","Harmond Road","None","None","","VT0020100","Y - Intersection","None","236 Northside Drive","Dry","0671","42.90153931846427,-73.21305551837327"
"852","","November 22, 2015, 3:45 PM","Bennington","FAU-1018 Depot Street","DEPOT ST.","Property Damage Only","Same Direction Sideswipe","Unknown","Federal Aid Urban System (Class 2 TH's and 3 TH's only)","15BN07578","Bennington PD.","2","0","None/Other","Day","Main Street","None","None","","VT0020100","Four-way Intersection","None","FAU-1018 Depot Street","Unknown","U1018","42.87938840114134,-73.19907814040552"
"1621","","November 22, 2015, 3:46 PM","Bennington","302 Main Street","VT-9","Injury","Head On","Clear","State System (State Highways and Class I TH links)","15BN07563","Bennington PD.","1","4.3","None/Other","Day","Washington Avenue","None","None","","VT0020100","Not at a Junction","None","302 Main Street","Dry","0090","42.87916263896176,-73.19867542170282"
"16359","","November 22, 2015, 7:29 PM","Bennington","326 Pleasant Street","Unknown","Property Damage Only","Other - Explain in Narrative","Clear","Other Public Roadway (Rest Areas, Shopping Center - anything open to public)","15BN07568","Bennington PD.","9","999.99","None/Other","Night","Parking Lot","None","None","","VT0020100","Parking Lot","None","326 Pleasant Street","Dry","0000","42.879358696992426,-73.18969144894324"
"14080","","November 24, 2015, 9:22 AM","Bennington","50 Hannaford Square","Unknown","Property Damage Only","Head On","Clear","Other Public Roadway (Rest Areas, Shopping Center - anything open to public)","15BN07604","Bennington PD.","9","999.99","None/Other","Day","North Bennington Road","None","None","","VT0020100","Parking Lot","None","50 Hannaford Square","Dry","0000","42.907695882219485,-73.2219566687892"
"25355","","November 25, 2015, 11:05 AM","Bennington","Jefferson Avenue","Unknown","Property Damage Only","No Turns, Thru moves only, Broadside ^<","Clear","Street or Town Highways in FA Urban Area","15BN07631","Bennington PD.","5","999.99","None/Other","Day","Souhshire Inn","None","None","","VT0020100","Not at a Junction","None","Jefferson Avenue","Dry","0000","42.88388328487069,-73.19915527150263"
"883","","November 25, 2015, 3:38 PM","Bennington","832 West Road","VT-9","Property Damage Only","Same Direction Sideswipe","Clear","State System (State Highways and Class I TH links)","15BN07633","Bennington PD.","1","2.62","None/Other","Day","Gypsy Lane","None","None","","VT0020100","T - Intersection","None","832 West Road","Dry","0090","42.88198556397356,-73.22792530185504"
"14405","","November 28, 2015, 11:25 AM","Bennington","125 Northside Drive","NORTHSIDE DR","Property Damage Only","No Turns, Thru moves only, Broadside ^<","Cloudy","Other Public Roadway (Rest Areas, Shopping Center - anything open to public)","15BN07680","Bennington PD.","9","999.99","None/Other","Day","Bennington Beverage Outlet","None","None","","VT0020100","Parking Lot","None","125 Northside Drive","Dry","0000","42.89706503460055,-73.2060137410512"
"1781","","November 29, 2015, 2:32 AM","Bennington","1010 Gage Street","GAGE ST.","Property Damage Only","Single Vehicle Crash","Rain","Federal Aid Urban System (Class 2 TH's and 3 TH's only)","15BN07697","Bennington PD.","2","1.15","None/Other","Night","Main Street","None","None","","VT0020100","Other - Explain in Narrative","Road Surface Condition(wet, icy, snow, slush, etc)","1010 Gage Street","Wet","U1024","42.880596922171186,-73.17488270674411"
"18486","","November 29, 2015, 11:43 AM","Bennington","Hospital Drive","HOSPITAL DR","Property Damage Only","Other - Explain in Narrative","Clear","Other Public Roadway (Rest Areas, Shopping Center - anything open to public)","15BN07702","Bennington PD.","9","999.99","None/Other","Day","CLR Parking Lot","None","None","","VT0020100","Parking Lot","None","Hospital Drive","Dry","0000","42.87353017937764,-73.20662661310067"
"1846","","November 29, 2015, 12:27 PM","Bennington","243 Elm Street","ELM ST.","Property Damage Only","Same Direction Sideswipe","Clear","Federal Aid Urban System (Class 2 TH's and 3 TH's only)","15BN07704","Bennington PD.","2","0.38","None/Other","Day","","None","None","","VT0020100","Not at a Junction","None","243 Elm Street","Dry","U1022","42.877445521001356,-73.20252874524876"
"2898","","November 30, 2015, 11:05 AM","Bennington","194 North Street","US-7","Property Damage Only","Single Vehicle Crash","Cloudy","State System (State Highways and Class I TH links)","15BN07717","Bennington PD.","1","3.15","None/Other","Day","Rite Aid Pharmacy","None","None","","VT0020100","T - Intersection","None","194 North Street","Dry","0070","42.88101296903794,-73.19701603178505"
"14781","","December 2, 2015, 12:32 PM","Bennington","120 Harlan Road","HARLAN RD","Property Damage Only","Single Vehicle Crash","Rain","Street or Town Highways in FA Urban Area","15BN07759","Bennington PD.","5","999.99","None/Other","Day","North Bennington, VT","None","None","","VT0020100","Not at a Junction","Road Surface Condition(wet, icy, snow, slush, etc)","120 Harlan Road","Wet","0000","42.91973912586324,-73.23348810172035"
"798","","December 2, 2015, 4:52 PM","Bennington","121 Depot Street","DEPOT ST.","Property Damage Only","Rear End","Clear","Federal Aid Urban System (Class 2 TH's and 3 TH's only)","15BN07770","Bennington PD.","2","0.11","None/Other","Day","Rite Aid","None","None","","VT0020100","Not at a Junction","None","121 Depot Street","Dry","U1018","42.88091076748372,-73.19873919742304"
"17995","","December 6, 2015, 10:20 AM","Bennington","Grandview Street","GRANDVIEW ST","Property Damage Only","Other - Explain in Narrative","Clear","Street or Town Highways in FA Urban Area","15BN07846","Bennington PD.","5","999.99","None/Other","Day","Silver Street","None","None","","VT0020100","Not at a Junction","None","Grandview Street","Dry","0000","42.87489485080027,-73.19397446401148"
"21612","","December 7, 2015, 4:30 PM","Bennington","Depot Street","Unknown","Property Damage Only","Other - Explain in Narrative","Clear","Other Public Roadway (Rest Areas, Shopping Center - anything open to public)","15BN07878","Bennington PD.","9","999.99","None/Other","Day","Family Dollar Parking Lot","None","None","","VT0020100","Parking Lot","None","Depot Street","Dry","0000","42.88027180922777,-73.19943274261283"
"17425","","December 7, 2015, 8:05 PM","Bennington","US Route 7 North","US-7","Property Damage Only","Single Vehicle Crash","Clear","State System (State Highways and Class I TH links)","15BN07889","Bennington PD.","1","999.99","Deer","Night","Exit 1","None","None","","VT0020100","Not at a Junction","None","US Route 7 North","Dry","0070","42.88228130629183,-73.1976193220494"
"16381","","December 8, 2015, 1:03 PM","Bennington","106 River Street","RIVER ST","Property Damage Only","No Turns, Thru moves only, Broadside ^<","Cloudy","Street or Town Highways in FA Urban Area","15BN07907","Bennington PD.","5","999.99","None/Other","Day","","None","None","","VT0020100","Not at a Junction","None","106 River Street","Dry","0000","42.88213127866185,-73.20154691983913"
"26170","","December 8, 2015, 3:34 PM","Bennington","735 Main Street","MAIN ST","Property Damage Only","Rear-to-rear","Clear","Other Public Roadway (Rest Areas, Shopping Center - anything open to public)","15BN07910","Bennington PD.","9","999.99","None/Other","Day","Mincers Parking Lot","None","None","","VT0020100","Parking Lot","None","735 Main Street","Dry","0000","42.87888986172426,-73.18531649902782"
"11725","","December 8, 2015, 5:31 PM","Bennington","1 Homestead Mews","HOMESTEAD MEWS","Injury","Single Vehicle Crash","Clear","Other Public Roadway (Rest Areas, Shopping Center - anything open to public)","15BN07913","Bennington PD.","9","999.99","None/Other","Day","Homestead Mews, North Bennington","None","None","","VT0020100","Parking Lot","None","1 Homestead Mews","Dry","0000","42.93155282774733,-73.24690787585693"
"450","","December 8, 2015, 5:53 PM","Bennington","FAU-1024 (804 Gage Street)","GAGE ST.","Property Damage Only","Other - Explain in Narrative","Cloudy","Federal Aid Urban System (Class 2 TH's and 3 TH's only)","15BN07914","Bennington PD.","2","0.68","None/Other","Day","","None","None","","VT0020100","Not at a Junction","None","FAU-1024 (804 Gage Street)","Dry","U1024","42.88134745807685,-73.18380818235893"
"1175","","December 9, 2015, 3:44 PM","Bennington","FAU-1048 Silver Street","SILVER ST.","Property Damage Only","No Turns, Thru moves only, Broadside ^<","Clear","Federal Aid Urban System (Class 2 TH's and 3 TH's only)","15BN07931","Bennington PD.","2","0.18","None/Other","Day","Grandview Street","None","None","","VT0020100","Four-way Intersection","None","FAU-1048 Silver Street","Dry","U1048","42.874965967457634,-73.19433361209002"
"17709","","December 10, 2015, 2:02 AM","Bennington","106 Rutter Road","RUTTER RD","Property Damage Only","Left Turn and Thru, Angle Broadside -->v--","Cloudy","Street or Town Highways in FA Urban Area","15BN07943","Bennington PD.","5","999.99","None/Other","Night","","None","None","","VT0020100","Driveway","None","106 Rutter Road","Wet","0000","42.875959417421406,-73.17704684807262"
"540","","December 10, 2015, 5:00 PM","Bennington","301 Main Street","VT-9","Injury","Left Turn and Thru, Angle Broadside -->v--","Clear","State System (State Highways and Class I TH links)","15BN07955","Bennington PD.","1","4.3","None/Other","Day","Washington Avenue","Alcohol","None","","VT0020100","Four-way Intersection","None","301 Main Street","Dry","0090","42.87916263896176,-73.19867542170282"
"1276","","December 11, 2015, 7:05 AM","Bennington","VT-67A Main Street","VT-67A","Property Damage Only","Left Turn and Thru, Angle Broadside -->v--","Cloudy","State System (State Highways and Class I TH links)","15BN07972","Bennington PD.","1","1.59","None/Other","Day","Bank Street","None","None","","VT0020100","Other - Explain in Narrative","","VT-67A Main Street","Dry","0671","42.91359032667291,-73.23533330256562"
"2635","","December 11, 2015, 12:59 PM","Bennington","216 Washington Avenue","WASHINGTON ST.","Property Damage Only","Single Vehicle Crash","Cloudy","Federal Aid Urban System (Class 2 TH's and 3 TH's only)","15BN07978","Bennington PD.","2","0.08","None/Other","Day","","None","None","","VT0020100","Not at a Junction","None","216 Washington Avenue","Dry","U1058","42.87572525872212,-73.20060042394505"
"2141","","December 11, 2015, 4:12 PM","Bennington","Depot Street","DEPOT ST.","Property Damage Only","No Turns, Thru moves only, Broadside ^<","Cloudy","Federal Aid Urban System (Class 2 TH's and 3 TH's only)","15BN07981","Bennington PD.","2","0.36","None/Other","Day","County Street","None","None","","VT0020100","Four-way Intersection","None","Depot Street","Dry","U1018","42.88443946328986,-73.19858955409799"
"2006","","December 12, 2015, 10:27 AM","Bennington","Northside Drive","VT-7A","Property Damage Only","Left Turn and Thru, Broadside v<--","Clear","State System (State Highways and Class I TH links)","15BN07997","Bennington PD.","1","0.19","None/Other","Day","Cumberland Farms","None","None","","VT0020100","Not at a Junction","None","Northside Drive","Dry","0071","42.89529278474209,-73.20343639824722"
"22362","","December 12, 2015, 12:21 PM","Bennington","210 Northside Drive","NORTHSIDE DR","Injury","Rear-to-rear","Clear","Other Public Roadway (Rest Areas, Shopping Center - anything open to public)","15BN07999","Bennington PD.","9","999.99","None/Other","Day","","None","None","","VT0020100","Parking Lot","None","210 Northside Drive","Dry","0000","42.89732357965719,-73.20642073537964"
"26479","","December 12, 2015, 8:44 PM","Bennington","104 Putnam Street","PUTNAM ST","Property Damage Only","Other - Explain in Narrative","Rain","Street or Town Highways in FA Urban Area","15BN08010","Bennington PD.","5","999.99","None/Other","Night","104 Putnam Street","None","None","","VT0020100","Not at a Junction","None","104 Putnam Street","Wet","0000","42.87687045290057,-73.2021482650857"
"14483","","December 12, 2015, 11:50 PM","Bennington","211 River Street","Unknown","Property Damage Only","Same Direction Sideswipe","Cloudy","Street or Town Highways in FA Urban Area","15BN08012","Bennington PD.","5","999.99","None/Other","Night","","None","None","","VT0020100","Other - Explain in Narrative","Road Surface Condition(wet, icy, snow, slush, etc)","211 River Street","Wet","0000","42.87764867630315,-73.19706529596964"
"767","","December 13, 2015, 2:53 PM","Bennington","110 Northside Drive","VT-7A","Property Damage Only","Rear End","Clear","State System (State Highways and Class I TH links)","15BN08027","Bennington PD.","1","0.22","None/Other","Day","Stove Depot","None","None","","VT0020100","Four-way Intersection","None","110 Northside Drive","Dry","0071","42.89558816736498,-73.20387669899247"
"2929","","December 15, 2015, 6:33 PM","Bennington","FAU-1036 (301 Park Street)","NORTH BRANCH ST.","Property Damage Only","Rear-to-rear","Clear","Federal Aid Urban System (Class 2 TH's and 3 TH's only)","15BN08078","Bennington PD.","2","0.12","None/Other","Night","MAU","None","None","","VT0020100","Parking Lot","None","FAU-1036 (301 Park Street)","Dry","U1036","42.88117360028847,-73.18082919851439"
"425","","December 16, 2015, 10:32 AM","Bennington","Route 7 Kocher Drive","US-7","Property Damage Only","Rear End","Clear","State System (State Highways and Class I TH links)","15BN08097","Bennington PD.","1","4.15","None/Other","Day","","None","None","","VT0020100","Four-way Intersection","None","Route 7 Kocher Drive","Dry","0070","42.894240344343764,-73.19997243291877"
"21391","","December 16, 2015, 11:47 AM","Bennington","210 Northside Drive","Unknown","Property Damage Only","No Turns, Thru moves only, Broadside ^<","Cloudy","Other Public Roadway (Rest Areas, Shopping Center - anything open to public)","15BN08092","Bennington PD.","9","999.99","None/Other","Day","Walmart Parking Lot","None","None","","VT0020100","Parking Lot","None","210 Northside Drive","Dry","0000","42.89801043876655,-73.21034662824567"
"1580","","December 16, 2015, 12:51 PM","Bennington","North Bennington Road","VT-67A","Property Damage Only","Right Turn and Thru, Same Direction Sideswipe/Angle Crash ^^--","Cloudy","State System (State Highways and Class I TH links)","15BN08093","Bennington PD.","1","0.68","None/Other","Day","Home Depot","None","None","","VT0020100","Four-way Intersection","None","North Bennington Road","Dry","0671","42.908197390289274,-73.2203529670603"