"ObjectID","Mapped","Crash Date","City/Town","Address","AOT Route","Crash Type","Collision Direction","Weather","Road Group","Report Number","Reporting Agency","Road Group ID","AOT Actual Milepoint","Animal","Time of Day","Intersection With","Impairment","Involving","Non Reportable Address","Reporting Agency ID","Road Characteristics","Road Condition","Street Address","Surface Condition","AOT Route ID","Coordinates"
"2656","","December 17, 2015, 5:12 PM","Bennington","Main Street","VT-9","Injury","No Turns, Thru moves only, Broadside ^<","Rain","State System (State Highways and Class I TH links)","15BN08124","Bennington PD.","1","4.79","None/Other","Day","Union Street","Alcohol","None","","VT0020100","Not at a Junction","None","Main Street","Wet","0090","42.878278108429534,-73.18935906955036"
"1468","","December 18, 2015, 3:22 PM","Bennington","VT-7A Kocher Drive","VT-7A","Property Damage Only","Rear End","Cloudy","State System (State Highways and Class I TH links)","15BN08141","Bennington PD.","1","0","None/Other","Day","US Route 7","None","None","","VT0020100","Four-way Intersection","None","VT-7A Kocher Drive","Wet","0071","42.89431037154962,-73.19996519607773"
"2932","","December 18, 2015, 5:37 PM","Bennington","110 Northside Drive","VT-7A","Property Damage Only","Other - Explain in Narrative","Cloudy","State System (State Highways and Class I TH links)","15BN08147","Bennington PD.","1","0.22","None/Other","Day","Hicks Avenue","None","None","","VT0020100","Four-way Intersection","None","110 Northside Drive","Dry","0071","42.89558816736498,-73.20387669899247"
"10255","","December 19, 2015, 12:48 PM","Bennington","Hicks Avenue","HICKS AV","Property Damage Only","No Turns, Thru moves only, Broadside ^<","Cloudy","Street or Town Highways in FA Urban Area","15BN08164","Bennington PD.","5","999.99","None/Other","Day","Hicks Avenue & McDonald's","None","None","","VT0020100","Not at a Junction","None","Hicks Avenue","Dry","0000","42.89598319581469,-73.20481377833376"
"15105","","December 19, 2015, 3:26 PM","Bennington","109 Bennington Square","Unknown","Property Damage Only","Same Direction Sideswipe","Cloudy","Other Public Roadway (Rest Areas, Shopping Center - anything open to public)","15BN08167","Bennington PD.","9","999.99","None/Other","Day","K-Mart Parking Lot","None","None","","VT0020100","Parking Lot","None","109 Bennington Square","Dry","0000","42.893289491520235,-73.19633544602948"
"654","","December 19, 2015, 5:44 PM","Bennington","636 Main Street","VT-9","Property Damage Only","Same Direction Sideswipe","Cloudy","State System (State Highways and Class I TH links)","15BN08172","Bennington PD.","1","4.71","None/Other","Day","Stewarts","None","None","","VT0020100","Not at a Junction","None","636 Main Street","Dry","0090","42.87805241847219,-73.1908002002294"
"738435","","December 21, 2015, 9:43 PM","Bennington","982 Mansion Drive","Unknown","Property Damage Only","Single Vehicle Crash","Rain","Street or Town Highways in FA Urban Area","15BN08232","Bennington PD.","5","999.99","Deer","Night","Everett Mansion","None","None","","VT0020100","Other - Explain in Narrative","Road Surface Condition(wet, icy, snow, slush, etc)","982 Mansion Drive","Wet","0000","42.87140933452612,-73.21618528130459"
"602","","December 22, 2015, 2:30 PM","Bennington","Route 67A","VT-67A","Injury","Single Vehicle Crash","Rain","State System (State Highways and Class I TH links)","15BN08242","Bennington PD.","1","1.53","None/Other","Day","Wilkie Way","None","Pedestrian","","VT0020100","T - Intersection","Unknown","Route 67A","Wet","0671","42.91339795576813,-73.23418990361587"
"738369","","December 23, 2015, 12:01 PM","Bennington","Park Street","Unknown","Property Damage Only","Same Direction Sideswipe","Clear","Street or Town Highways in FA Urban Area","15BN08273","Bennington PD.","5","999.99","None/Other","Day","Gage Street","None","None","","VT0020100","Not at a Junction","None","Park Street","Dry","0000","42.881949796848794,-73.19291514345471"
"738687","","December 29, 2015, 1:42 PM","Bennington","113 Northside Drive","Unknown","Property Damage Only","Other - Explain in Narrative","Clear","Other Public Roadway (Rest Areas, Shopping Center - anything open to public)","15BN08368","Bennington PD.","9","999.99","None/Other","Day","Advance Auto Lot","None","None","","VT0020100","Parking Lot","None","113 Northside Drive","Slush","0000","42.89696539186006,-73.20465355287514"
"2804","","December 29, 2015, 2:41 PM","Bennington","VT-67 Main Street","VT-67","Property Damage Only","No Turns, Thru moves only, Broadside ^<","Cloudy","State System (State Highways and Class I TH links)","15BN08369","Bennington PD.","1","0.57","None/Other","Day","Post Office, North Bennington","None","None","","VT0020100","Not at a Junction","None","VT-67 Main Street","Wet","0670","42.932001700427335,-73.24265424370098"
"6580","","December 29, 2015, 3:15 PM","Bennington","Main Street","VT-9","Property Damage Only","No Turns, Thru moves only, Broadside ^<","Cloudy","State System (State Highways and Class I TH links)","15BN08370","Bennington PD.","1","4.61","None/Other","Day","Valentine Street","None","None","","VT0020100","","None","Main Street","Wet","0090","42.87800395120645,-73.1926653754268"
"2402","","December 29, 2015, 11:49 PM","Bennington","US Route 7 North","US-7","Property Damage Only","Single Vehicle Crash","Freezing Precipitation","Ramp or Spur","15BN08362","Bennington PD.","7","0.54","None/Other","Night","US Route 7 North/Welcome Center","None","None","","VT0020100","Other - Explain in Narrative","Obstruction in roadway","US Route 7 North","Snow","0070","42.90508393993444,-73.2074246262451"
"738421","","December 30, 2015, 11:29 AM","Bennington","118 South Street","Unknown","Property Damage Only","Other - Explain in Narrative","","Other Public Roadway (Rest Areas, Shopping Center - anything open to public)","15BN08390","Bennington PD.","9","999.99","None/Other","Day","Station Parking Lot","None","None","","VT0020100","Parking Lot","None","118 South Street","Unknown","0000","42.87743525154929,-73.19663449899312"
"738545","","December 30, 2015, 3:16 PM","Bennington","Northside Drive","Unknown","Property Damage Only","Other - Explain in Narrative","Cloudy","Other Public Roadway (Rest Areas, Shopping Center - anything open to public)","15BN08398","Bennington PD.","9","999.99","None/Other","Day","Bennington Beverage","Alcohol","None","","VT0020100","Parking Lot","None","Northside Drive","Dry","0000","42.89627284556392,-73.20601694692486"
"738514","","December 30, 2015, 6:19 PM","Bennington","210 Northside Drive","Unknown","Property Damage Only","Rear End","Clear","Other Public Roadway (Rest Areas, Shopping Center - anything open to public)","15BN08403","Bennington PD.","9","999.99","None/Other","Night","Walmart Parking Lot","None","None","","VT0020100","Parking Lot","Road Surface Condition(wet, icy, snow, slush, etc)","210 Northside Drive","Wet","0000","42.89835875294293,-73.21079140993946"
"738334","","December 30, 2015, 6:25 PM","Bennington","222 Depot Street","DEPOT ST","Property Damage Only","Rear-to-rear","Clear","Private Property (Driveways)","15BN08404","Bennington PD.","8","999.99","None/Other","Night","Driveway Depot Street","None","None","","VT0020100","Shared-use path or trail","None","222 Depot Street","Dry","0000","42.88271580277023,-73.19870141590621"
"3895","","December 31, 2015, 11:32 AM","Bennington","VT-9 W Main Street","VT-9","Property Damage Only","Rear End","Cloudy","State System (State Highways and Class I TH links)","15BN08417","Bennington PD.","1","4.08","None/Other","Day","Dewey Street","None","None","","VT0020100","Four-way Intersection","None","VT-9 W Main Street","Dry","0090","42.88067530519802,-73.20238282015072"
"738224","","January 2, 2016, 6:02 AM","Bennington","300 Park Street","PARK ST","Property Damage Only","No Turns, Thru moves only, Broadside ^<","Cloudy","Street or Town Highways in FA Urban Area","16BN00029","Bennington PD.","5","999.99","None/Other","Night","County Street","None","None","","VT0020100","Four-way Intersection","None","300 Park Street","Dry","0000","42.88423591411164,-73.19297745272218"
"718823","","January 2, 2016, 9:12 AM","Bennington","Safford Street","SAFFORD ST.","Property Damage Only","No Turns, Thru moves only, Broadside ^<","Cloudy","Federal Aid Urban System (Class 2 TH's and 3 TH's only)","16BN00030","Bennington PD.","2","0","None/Other","Day","Main Street","None","None","","VT0020100","Not at a Junction","None","Safford Street","Dry","U1044","42.87858580352757,-73.18780978219328"
"738722","","January 2, 2016, 11:50 AM","Bennington","636 Main Street","Unknown","Property Damage Only","Opp Direction Sideswipe","Clear","Other Public Roadway (Rest Areas, Shopping Center - anything open to public)","16BN00033","Bennington PD.","9","999.99","None/Other","Day","Gas Pump #1","None","None","","VT0020100","Parking Lot","None","636 Main Street","Dry","0000","42.87841443833667,-73.19102733643166"
"727190","","January 3, 2016, 5:55 PM","Bennington","VT Rt 279 East","VT-279","Property Damage Only","Single Vehicle Crash","Cloudy","State Highway numbered route, State owned","16BN00061","Bennington PD.","10","4.74","Deer","Day","Chapel Road","None","None","","VT0020100","Not at a Junction","None","VT Rt 279 East","Dry","2790","42.901795639543515,-73.18480350814252"
"738139","","January 4, 2016, 11:51 AM","Bennington","Northside Drive","Unknown","Property Damage Only","Rear End","","Other Public Roadway (Rest Areas, Shopping Center - anything open to public)","16BN00084","Bennington PD.","9","999.99","None/Other","Day","Dunkin Donuts Lot (Drive Thur)","None","None","","VT0020100","Other - Explain in Narrative","None","Northside Drive","Dry","0000","42.899713655190084,-73.21004783009343"
"738598","","January 4, 2016, 6:00 PM","Bennington","US Route 7","US-7","Property Damage Only","Opp Direction Sideswipe","Cloudy","State Highway numbered route, Class 1 TH","16BN00093","Bennington PD.","11","999.99","None/Other","Night","","None","None","","VT0020100","Not at a Junction","None","US Route 7","Dry","0070","42.87338204074551,-73.19701727406552"
"738394","","January 6, 2016, 10:14 AM","Bennington","Fairview Road","TOWN ROAD 0025","Property Damage Only","Opp Direction Sideswipe","Clear","City, Village or Urban Compact Street not in FA Urban Area (Class 2 and 3 Non-Federal Aid)","16BN00130","Bennington PD.","6","999.99","None/Other","Day","Silk Road","None","None","","VT0020100","Not at a Junction","None","Fairview Road","Dry","T0025","42.8910228290442,-73.22646329515786"
"718862","","January 6, 2016, 11:52 AM","Bennington","205 South Street","US-7","Property Damage Only","No Turns, Thru moves only, Broadside ^<","Clear","State Highway numbered route, Class 1 TH","16BN00131","Bennington PD.","11","2.89","None/Other","Day","Town Office Drive Way","None","None","","VT0020100","T - Intersection","None","205 South Street","Dry","0070","42.87724181782691,-73.19718212364722"
"738439","","January 7, 2016, 10:25 AM","Bennington","121 North Bennington Road","Unknown","Property Damage Only","Rear End","Cloudy","Other Public Roadway (Rest Areas, Shopping Center - anything open to public)","16BN00148","Bennington PD.","9","999.99","None/Other","Day","Home Depot Parking Lot","None","None","","VT0020100","Parking Lot","None","121 North Bennington Road","Dry","0000","42.90827945649486,-73.21934284795313"
"718793","","January 7, 2016, 3:04 PM","Bennington","66 Main Street","VT-67","Property Damage Only","Rear End","Clear","State Highway numbered route, Class 1 TH","16BN00153","Bennington PD.","11","0.64","None/Other","Day","Driveway - North Bennington, VT","None","None","","VT0020100","Not at a Junction","None","66 Main Street","Dry","0670","42.93316122861787,-73.2427141211498"
"738637","","January 8, 2016, 11:55 AM","Bennington","210 Northside Drive","Unknown","Property Damage Only","Left Turn and Thru, Same Direction Sideswipe/Angle Crash vv--","Cloudy","Other Public Roadway (Rest Areas, Shopping Center - anything open to public)","16BN00176","Bennington PD.","9","999.99","None/Other","Day","Walmart Parking Lot","None","None","","VT0020100","Parking Lot","None","210 Northside Drive","Dry","0000","42.898479492772154,-73.21019284058744"
"718865","","January 8, 2016, 3:24 PM","Bennington","Park Street","PARK ST.","Property Damage Only","Single Vehicle Crash","Cloudy","Federal Aid Urban System (Class 2 TH's and 3 TH's only)","16BN00179","Bennington PD.","2","0.66","None/Other","Day","Kocher Drive","None","None","","VT0020100","Four-way Intersection","None","Park Street","Dry","U1038","42.893851592053615,-73.1932469613959"
"718866","","January 10, 2016, 2:27 AM","Bennington","471 North Branch Street","BROOKLYN DR.","Property Damage Only","Single Vehicle Crash","Cloudy","Federal Aid Urban System (Class 2 TH's and 3 TH's only)","16BN00223","Bennington PD.","2","0.48","None/Other","Night","Chapel Road","Alcohol","None","","VT0020100","Not at a Junction","None","471 North Branch Street","Wet","U1009","42.8899974331614,-73.18099064227783"
"719364","","January 10, 2016, 9:55 PM","Bennington","440 Park Street","PARK ST.","Property Damage Only","Single Vehicle Crash","Rain","Federal Aid Urban System (Class 2 TH's and 3 TH's only)","16BN00238","Bennington PD.","2","0.64","None/Other","Night","Kocher Drive","None","None","","VT0020100","Four-way Intersection","None","440 Park Street","Wet","U1038","42.893560431592725,-73.193231642611"
"719352","","January 11, 2016, 4:26 PM","Bennington","100 Elm Street","ELM ST.","Property Damage Only","No Turns, Thru moves only, Broadside ^<","Clear","Federal Aid Urban System (Class 2 TH's and 3 TH's only)","16BN00260","Bennington PD.","2","0.35","None/Other","Day","Dewey Street","None","None","","VT0020100","Four-way Intersection","None","100 Elm Street","Dry","U1022","42.87747148110702,-73.20310945159082"
"718501","","January 12, 2016, 4:05 PM","Bennington","527 North Bennington Road","VT-279","Property Damage Only","Rear End","Freezing Precipitation","Ramp or Spur","16BN00278","Bennington PD.","7","0.3","None/Other","Day","Home Depot","None","None","","VT0020100","Four-way Intersection","Road Surface Condition(wet, icy, snow, slush, etc)","527 North Bennington Road","Ice","2790","42.9062484593141,-73.21913464887228"
"719476","","January 12, 2016, 4:07 PM","Bennington","North Bennington Road","VT-67A","Property Damage Only","Rear End","Freezing Precipitation","State Highway numbered route, State owned","16BN00279","Bennington PD.","10","2.11","None/Other","Day","Scarey Lane","None","None","","VT0020100","Not at a Junction","Road Surface Condition(wet, icy, snow, slush, etc)","North Bennington Road","Snow","0671","42.913707184189214,-73.24529865524613"
"719771","","January 12, 2016, 4:13 PM","Bennington","Matteson Road","MATTISON ROAD","Property Damage Only","Single Vehicle Crash","Freezing Precipitation","Federal Aid Urban System (Class 2 TH's and 3 TH's only)","16BN00280","Bennington PD.","2","0","None/Other","Day","Rice Lane","None","None","","VT0020100","T - Intersection","","Matteson Road","Snow","U1032","42.91398638973807,-73.22524948337298"
"738606","","January 12, 2016, 5:18 PM","Bennington","125 Phylis Lane","PHYLIS LN","Property Damage Only","Rear End","Freezing Precipitation","Street or Town Highways in FA Urban Area","16BN00283","Bennington PD.","5","999.99","None/Other","Day","Cinema 7","None","None","","VT0020100","Five-point or more","Road Surface Condition(wet, icy, snow, slush, etc)","125 Phylis Lane","Snow","0000","42.903945526411825,-73.21711283032023"
"718526","","January 12, 2016, 5:52 PM","Bennington","South Stream Road","S STREAM RD","Property Damage Only","No Turns, Thru moves only, Broadside ^<","Freezing Precipitation","Federal Aid Secondary System (Class 2 TH)","16BN00285","Bennington PD.","3","1.57","None/Other","Day","Morgan Street","None","None","","VT0020100","T - Intersection","Road Surface Condition(wet, icy, snow, slush, etc)","South Stream Road","Ice","S0103","42.85881494091848,-73.17555036387186"
"738378","","January 15, 2016, 8:52 AM","Bennington","Bowen Road","TOWN ROAD 0087","Property Damage Only","Single Vehicle Crash","Cloudy","City, Village or Urban Compact Street not in FA Urban Area (Class 2 and 3 Non-Federal Aid)","16BN00337","Bennington PD.","6","999.99","None/Other","Day","North Branch Street","None","None","","VT0020100","Not at a Junction","None","Bowen Road","Dry","T0087","42.89338828671092,-73.18743589581221"
"738681","","January 15, 2016, 11:17 AM","Bennington","735 Main Street","Unknown","Property Damage Only","Other - Explain in Narrative","Clear","Other Public Roadway (Rest Areas, Shopping Center - anything open to public)","16BN00340","Bennington PD.","9","999.99","None/Other","Day","Mincers","None","None","","VT0020100","Parking Lot","None","735 Main Street","Dry","0000","42.87886271111858,-73.1853406788066"
"719518","","January 16, 2016, 6:56 AM","Bennington","1360 North Bennington Road","VT-67A","Injury","Single Vehicle Crash","","State Highway numbered route, State owned","16BN00369","Bennington PD.","10","1.34","None/Other","Night","Murphy Road","Alcohol","None","","VT0020100","Not at a Junction","Unknown","1360 North Bennington Road","Unknown","0671","42.91236930141381,-73.23068322248554"
"725721","","January 16, 2016, 12:21 PM","Bennington","Pleasant Street","PLEASANT ST.","Injury","No Turns, Thru moves only, Broadside ^<","Cloudy","Federal Aid Urban System (Class 2 TH's and 3 TH's only)","16BN00372","Bennington PD.","2","0.25","None/Other","Day","Valentine Street","None","None","","VT0020100","T - Intersection","None","Pleasant Street","Dry","U1040","42.87912614223235,-73.19230137232492"
"738437","","January 17, 2016, 3:24 PM","Bennington","319 Northside Drive","Unknown","Property Damage Only","","Cloudy","Other Public Roadway (Rest Areas, Shopping Center - anything open to public)","16BN00392","Bennington PD.","9","999.99","None/Other","Day","Cinema 7 Parking Lot","None","None","","VT0020100","Parking Lot","None","319 Northside Drive","Dry","0000","42.90376699551415,-73.21543318913855"
"738571","","January 17, 2016, 5:56 PM","Bennington","735 Main Street","MAIN ST","Property Damage Only","Opp Direction Sideswipe","Cloudy","Other Public Roadway (Rest Areas, Shopping Center - anything open to public)","16BN00396","Bennington PD.","9","999.99","None/Other","Day","Mincer's Parking Lot","None","None","","VT0020100","Parking Lot","None","735 Main Street","Dry","0000","42.878943796604986,-73.18532933608184"
"719393","","January 17, 2016, 6:32 PM","Bennington","1123 East Road","EAST RD","Property Damage Only","Single Vehicle Crash","Clear","Federal Aid Secondary System (Class 2 TH)","16BN00397","Bennington PD.","3","0.47","None/Other","Night","Middle School","None","None","","VT0020100","Not at a Junction","None","1123 East Road","Wet","S0173","42.909667472557764,-73.18909746480185"
"738168","","January 18, 2016, 4:03 PM","Bennington","160 Benmont Avenue","Unknown","Property Damage Only","Single Vehicle Crash","Clear","Other Public Roadway (Rest Areas, Shopping Center - anything open to public)","16BN00416","Bennington PD.","9","999.99","None/Other","Day","Fosters Canery","None","None","","VT0020100","Parking Lot","None","160 Benmont Avenue","Dry","0000","42.88430635537932,-73.20356688218469"
"719498","","January 19, 2016, 2:30 PM","Bennington","Week Street","WEEKS ST.","Property Damage Only","Rear End","Clear","Federal Aid Urban System (Class 2 TH's and 3 TH's only)","16BN00434","Bennington PD.","2","0","None/Other","Day","Dewey Street","None","None","","VT0020100","T - Intersection","None","Week Street","Dry","U1060","42.874770084189535,-73.20400049446242"
"738667","","January 21, 2016, 12:21 PM","Bennington","24 Hannaford Square","Unknown","Property Damage Only","Other - Explain in Narrative","Clear","Other Public Roadway (Rest Areas, Shopping Center - anything open to public)","16BN00478","Bennington PD.","9","999.99","None/Other","Day","Chili's Parking Lot","None","None","","VT0020100","Parking Lot","None","24 Hannaford Square","Dry","0000","42.9072453824491,-73.22059213430472"
"718409","","January 21, 2016, 2:25 PM","Bennington","110 Northside Drive","VT-7A","Property Damage Only","Rear End","Clear","State Highway numbered route, State owned","16BN00480","Bennington PD.","10","0.23","None/Other","Day","Shell Station Entrance","None","None","","VT0020100","Not at a Junction","None","110 Northside Drive","Dry","0071","42.89565952759143,-73.20398622478392"
"718428","","January 21, 2016, 4:23 PM","Bennington","10 Kocher Drive","VT-7A","Property Damage Only","Rear End","Clear","State Highway numbered route, State owned","16BN00486","Bennington PD.","10","0.05","None/Other","Day","Kocher Drive/279","None","None","","VT0020100","Four-way Intersection","None","10 Kocher Drive","Dry","0071","42.894287115666025,-73.20103408763256"
"720700","","January 21, 2016, 9:24 PM","Bennington","126 Mechanic Street","MECHANIC ST.","Property Damage Only","Single Vehicle Crash","Clear","Federal Aid Urban System (Class 2 TH's and 3 TH's only)","16BN00494","Bennington PD.","2","0.66","None/Other","Night","Overlea Road/Matteson Road - North Bennington","Alcohol","None","","VT0020100","Y - Intersection","","126 Mechanic Street","Dry","U1204","42.9264333073875,-73.22824528326122"
"738696","","January 22, 2016, 11:01 AM","Bennington","982 Mansion Drive","Unknown","Property Damage Only","Rear-to-rear","Clear","Other Public Roadway (Rest Areas, Shopping Center - anything open to public)","16BN00513","Bennington PD.","9","999.99","None/Other","Day","Lower Dorm Parking Lot","None","None","","VT0020100","Parking Lot","None","982 Mansion Drive","Dry","0000","42.87199480241765,-73.21613085716481"
"717838","","January 22, 2016, 11:33 AM","Bennington","East Main Street","VT-9","Injury","No Turns, Thru moves only, Broadside ^<","Cloudy","State Highway numbered route, Class 1 TH","16BN00514","Bennington PD.","11","4.81","None/Other","Day","Pleasant Street","None","None","","VT0020100","Four-way Intersection","None","East Main Street","Dry","0090","42.87835320911883,-73.18897672194363"
"719610","","January 22, 2016, 6:12 PM","Bennington","10 Kocher Drive","VT-7A","Property Damage Only","Rear End","Cloudy","State Highway numbered route, State owned","16BN00525","Bennington PD.","10","0","None/Other","Night","North Street","None","None","","VT0020100","Four-way Intersection","None","10 Kocher Drive","Dry","0071","42.89421233345876,-73.19997532803346"
"738367","","January 22, 2016, 7:12 PM","Bennington","210 Northside Drive","Unknown","Property Damage Only","Other - Explain in Narrative","Cloudy","Other Public Roadway (Rest Areas, Shopping Center - anything open to public)","16BN00527","Bennington PD.","9","999.99","None/Other","Night","Price Chopper Parking Lot","None","None","","VT0020100","Parking Lot","None","210 Northside Drive","Dry","0000","42.899361419293314,-73.21168450823112"
"738414","","January 22, 2016, 9:37 PM","Bennington","879 Gore Road","TOWN ROAD 0054","Property Damage Only","Other - Explain in Narrative","Clear","City, Village or Urban Compact Street not in FA Urban Area (Class 2 and 3 Non-Federal Aid)","16BN00533","Bennington PD.","6","999.99","Deer","Night","","None","None","","VT0020100","Not at a Junction","None","879 Gore Road","Dry","T0054","42.86529302770947,-73.16459491906467"
"738332","","January 23, 2016, 12:30 PM","Bennington","Berard Street","TOWN ROAD 0009","Injury","Head On","Cloudy","City, Village or Urban Compact Street not in FA Urban Area (Class 2 and 3 Non-Federal Aid)","16BN00539","Bennington PD.","6","999.99","None/Other","Day","Harwood HIll Road","None","None","","VT0020100","Not at a Junction","None","Berard Street","Dry","T0009","42.90215616932142,-73.21246358248285"
"738331","","January 23, 2016, 8:03 PM","Bennington","21 Apple Gate Drive","Unknown","Property Damage Only","Other - Explain in Narrative","Clear","Street or Town Highways in FA Urban Area","16BN00545","Bennington PD.","5","999.99","None/Other","Night","Orchard Road","None","None","","VT0020100","Not at a Junction","None","21 Apple Gate Drive","Dry","0000","42.903267908551534,-73.2073824843178"
"738836","","January 24, 2016, 3:02 AM","Bennington","Mansion Drive","BENNINGTON PLZ","Injury","Rear End","Clear","Street or Town Highways in FA Urban Area","16BN00553","Bennington PD.","5","999.99","None/Other","Night","Regwood Road","Alcohol","None","","VT0020100","T - Intersection","None","Mansion Drive","Dry","0000","42.90659968425919,-73.21877226271548"
"741081","","January 24, 2016, 3:02 AM","Bennington","Mansion Drive","BENNINGTON PLZ","Injury","Rear End","Clear","Street or Town Highways in FA Urban Area","16BN0553","Bennington PD.","5","999.99","None/Other","Night","Regwood Road","Alcohol","None","","VT0020100","T - Intersection","None","Mansion Drive","Dry","0000","42.90659968425919,-73.21877226271548"
"738714","","January 26, 2016, 12:32 PM","Bennington","166 Morgan Street","MORGAN ST","Property Damage Only","Rear-to-rear","Cloudy","Street or Town Highways in FA Urban Area","16BN00596","Bennington PD.","5","999.99","None/Other","Day","","None","None","","VT0020100","Not at a Junction","None","166 Morgan Street","Wet","0000","42.87284202883969,-73.18657138237464"
"718349","","January 26, 2016, 6:17 PM","Bennington","East Road","EAST RD.","Property Damage Only","Other - Explain in Narrative","Clear","Federal Aid Urban System (Class 2 TH's and 3 TH's only)","16BN00605","Bennington PD.","2","0.07","Deer","Night","Kocher Drive","None","None","","VT0020100","Not at a Junction","None","East Road","Dry","U1021","42.894831328736416,-73.19328404274722"
"718437","","January 27, 2016, 3:24 PM","Bennington","1679 Harwood Hill","VT-7A","Property Damage Only","Rear End","Cloudy","State Highway numbered route, State owned","16BN00631","Bennington PD.","10","2.46","None/Other","Day","Marty's Sporting Goods","None","None","","VT0020100","Not at a Junction","None","1679 Harwood Hill","Dry","0071","42.92473914649665,-73.20925727113284"
"718402","","January 28, 2016, 11:10 AM","Bennington","North Street","US-7","Property Damage Only","No Turns, Thru moves only, Broadside ^<","Clear","State Highway numbered route, Class 1 TH","16BN00659","Bennington PD.","11","2.97","None/Other","Day","Main Street","None","None","","VT0020100","Not at a Junction","None","North Street","Dry","0070","42.87838038017111,-73.1971350998712"
"718511","","January 28, 2016, 3:12 PM","Bennington","North Street","US-7","Property Damage Only","Same Direction Sideswipe","Clear","State Highway numbered route, Class 1 TH","16BN00665","Bennington PD.","11","3.28","None/Other","Day","Adams Street","None","None","","VT0020100","Not at a Junction","None","North Street","Dry","0070","42.882890977506975,-73.19693453336237"
"720174","","January 29, 2016, 4:52 AM","Bennington","Vermont Route 7N","US-7","Property Damage Only","Other - Explain in Narrative","Clear","State Highway numbered route, State owned","16BN00682","Bennington PD.","10","6.04","Deer","Night","Exit 2","None","None","","VT0020100","Not at a Junction","None","Vermont Route 7N","Dry","0070","42.9183111869369,-73.20781165280754"
"719958","","January 29, 2016, 11:55 AM","Bennington","RT 7A Harwood Hill","VT-7A","Property Damage Only","Single Vehicle Crash","Freezing Precipitation","State Highway numbered route, State owned","16BN00687","Bennington PD.","10","1.86","None/Other","Day","Skytop Drive","None","None","","VT0020100","Not at a Junction","Road Surface Condition(wet, icy, snow, slush, etc)","RT 7A Harwood Hill","Snow","0071","42.91628004284826,-73.21093734027005"
"720021","","January 29, 2016, 12:13 PM","Bennington","North Bennington Road","VT-67A","Property Damage Only","Rear End","Freezing Precipitation","State Highway numbered route, State owned","16BN00688","Bennington PD.","10","0.69","None/Other","Day","","None","None","","VT0020100","Not at a Junction","Road Surface Condition(wet, icy, snow, slush, etc)","North Bennington Road","Ice","0671","42.908328622094636,-73.22044311768919"
"720027","","January 29, 2016, 4:58 PM","Bennington","US Route 7","US-7","Property Damage Only","Same Direction Sideswipe","Freezing Precipitation","State Highway numbered route, State owned","16BN00696","Bennington PD.","10","5.98","None/Other","Day","EXIT 2","None","None","","VT0020100","Not at a Junction","Road Surface Condition(wet, icy, snow, slush, etc)","US Route 7","Snow","0070","42.91748510926955,-73.20803151585326"
"720235","","January 29, 2016, 5:25 PM","Bennington","Monument Avenue","MONUMENT ROAD","Property Damage Only","Single Vehicle Crash","Freezing Precipitation","Federal Aid Urban System (Class 2 TH's and 3 TH's only)","16BN00698","Bennington PD.","2","0.01","None/Other","Day","Carpenter Hill Road","None","None","","VT0020100","Not at a Junction","Road Surface Condition(wet, icy, snow, slush, etc)","Monument Avenue","Snow","U1034","42.85274924947528,-73.20439950561438"
"719871","","January 29, 2016, 5:46 PM","Bennington","100 North Benington Road","VT-67A","Property Damage Only","Rear End","Freezing Precipitation","State Highway numbered route, State owned","16BN00699","Bennington PD.","10","0.54","None/Other","Day","279 On/off Ramp","None","None","","VT0020100","Four-way Intersection","Road Surface Condition(wet, icy, snow, slush, etc)","100 North Benington Road","Snow","0671","42.90635667365098,-73.21901639013093"
"738505","","January 29, 2016, 6:12 PM","Bennington","US Route 7 North","US-7","Property Damage Only","Single Vehicle Crash","Freezing Precipitation","Ramp or Spur","16BN00700","Bennington PD.","7","999.99","None/Other","Night","Bennington Welcome Center","None","None","","VT0020100","On Ramp","Road Surface Condition(wet, icy, snow, slush, etc)","US Route 7 North","Ice","0070","42.907690553141016,-73.20840047614307"
"719904","","January 29, 2016, 7:32 PM","Bennington","Vermont 279","VT-279","Property Damage Only","Single Vehicle Crash","Cloudy","State Highway numbered route, State owned","16BN00703","Bennington PD.","10","3.81","None/Other","Night","Orchard Road","None","None","","VT0020100","Not at a Junction","Road Surface Condition(wet, icy, snow, slush, etc)","Vermont 279","Ice","2790","42.90401865360283,-73.2073097012274"
"738190","","January 30, 2016, 3:52 PM","Bennington","210 Northside Drive","Unknown","Property Damage Only","Rear End","Clear","Other Public Roadway (Rest Areas, Shopping Center - anything open to public)","16BN00729","Bennington PD.","9","999.99","None/Other","Day","Walmart Parking Lot","None","None","","VT0020100","Parking Lot","None","210 Northside Drive","Dry","0000","42.898450361770664,-73.210535338227"