"ObjectID","Mapped","Crash Date","City/Town","Address","AOT Route","Crash Type","Collision Direction","Weather","Road Group","Report Number","Reporting Agency","Road Group ID","AOT Actual Milepoint","Animal","Time of Day","Intersection With","Impairment","Involving","Non Reportable Address","Reporting Agency ID","Road Characteristics","Road Condition","Street Address","Surface Condition","AOT Route ID","Coordinates"
"738779","","January 31, 2016, 2:06 PM","Bennington","210 Northside Drive","Unknown","Property Damage Only","Single Vehicle Crash","Cloudy","Other Public Roadway (Rest Areas, Shopping Center - anything open to public)","16BN00742","Bennington PD.","9","999.99","None/Other","Day","Walmart Parking Lot","None","None","","VT0020100","Parking Lot","None","210 Northside Drive","Dry","0000","42.898156737690805,-73.20998098941106"
"719872","","January 31, 2016, 4:42 PM","Bennington","114 Northside Drive","VT-7A","Property Damage Only","","Clear","State Highway numbered route, State owned","16BN00744","Bennington PD.","10","0.29","None/Other","Day","Stove Depot","None","None","","VT0020100","Four-way Intersection","None","114 Northside Drive","Dry","0071","42.89623113379,-73.20486455094178"
"738295","","January 31, 2016, 9:55 PM","Bennington","480 Murphy Road","TOWN ROAD 0019","Property Damage Only","Single Vehicle Crash","Freezing Precipitation","City, Village or Urban Compact Street not in FA Urban Area (Class 2 and 3 Non-Federal Aid)","16BN00756","Bennington PD.","6","999.99","None/Other","Night","Driveway","None","None","","VT0020100","Not at a Junction","Road Surface Condition(wet, icy, snow, slush, etc)","480 Murphy Road","Snow","T0019","42.909170228428884,-73.2377958592787"
"738383","","February 2, 2016, 10:47 AM","Bennington","215 North Street","Unknown","Property Damage Only","Head On","Clear","Other Public Roadway (Rest Areas, Shopping Center - anything open to public)","16BN00782","Bennington PD.","9","999.99","None/Other","Day","Goodwill Parking Lot","None","None","","VT0020100","Parking Lot","None","215 North Street","Dry","0000","42.88234998027204,-73.1966897937345"
"720646","","February 2, 2016, 11:20 AM","Bennington","North Street","US-7","Property Damage Only","Left Turn and Thru, Angle Broadside -->v--","Clear","State Highway numbered route, Class 1 TH","16BN00783","Bennington PD.","11","3","None/Other","Day","Pleasant Street","None","None","","VT0020100","T - Intersection","None","North Street","Dry","0070","42.878829073316766,-73.19709041046471"
"720494","","February 3, 2016, 12:35 PM","Bennington","Main Street","VT-9","Property Damage Only","Single Vehicle Crash","Cloudy","State Highway numbered route, State owned","16BN00810","Bennington PD.","10","5.81","None/Other","Day","VT RT 279 Off Ramp","None","None","","VT0020100","Other - Explain in Narrative","None","Main Street","Wet","0090","42.88177471963669,-73.17018703746683"
"720113","","February 4, 2016, 8:35 AM","Bennington","North Branch Street","BROOKLYN DR.","Property Damage Only","Single Vehicle Crash","Cloudy","Federal Aid Urban System (Class 2 TH's and 3 TH's only)","16BN00829","Bennington PD.","2","0.13","None/Other","Day","Sweets Lane","Alcohol","None","","VT0020100","Not at a Junction","Road Surface Condition(wet, icy, snow, slush, etc)","North Branch Street","Wet","U1009","42.88514324908941,-73.18084777019442"
"720080","","February 4, 2016, 10:06 AM","Bennington","VT RT 7 South Bound","US-7","Property Damage Only","Rear End","Cloudy","State Highway numbered route, State owned","16BN00831","Bennington PD.","10","4.15","None/Other","Day","Kocher Drive & Route 7 Intersection","None","None","","VT0020100","Four-way Intersection","None","VT RT 7 South Bound","Dry","0070","42.89424886573984,-73.20013681158996"
"720047","","February 4, 2016, 4:30 PM","Bennington","416 South Street","US-7","Property Damage Only","Left Turn and Thru, Same Direction Sideswipe/Angle Crash vv--","Cloudy","State Highway numbered route, Class 1 TH","16BN00838","Bennington PD.","11","2.7","None/Other","Day","Weeks Street","None","None","","VT0020100","T - Intersection","None","416 South Street","Dry","0070","42.87449696230606,-73.19733776162812"
"720026","","February 5, 2016, 12:25 PM","Bennington","Pleasant Street","PLEASANT ST.","Property Damage Only","Left Turn and Thru, Angle Broadside -->v--","Cloudy","Federal Aid Urban System (Class 2 TH's and 3 TH's only)","16BN00861","Bennington PD.","2","0.16","None/Other","Day","Heritage Family Credit Union","None","None","","VT0020100","Not at a Junction","None","Pleasant Street","Dry","U1040","42.87913424004051,-73.19402068055493"
"739034","","February 5, 2016, 2:43 PM","Bennington","125 Northside Drive","Unknown","Property Damage Only","Rear End","Clear","Other Public Roadway (Rest Areas, Shopping Center - anything open to public)","16BN00863","Bennington PD.","9","999.99","None/Other","Day","Parking Lot Of Beverage Outlet","None","None","","VT0020100","Parking Lot","None","125 Northside Drive","Dry","0000","42.895774695477634,-73.20358705667785"
"719903","","February 6, 2016, 1:48 PM","Bennington","Park Street","PARK ST.","Property Damage Only","Opp Direction Sideswipe","Cloudy","Federal Aid Urban System (Class 2 TH's and 3 TH's only)","16BN00879","Bennington PD.","2","0.66","None/Other","Day","Kocher Drive","None","None","","VT0020100","Four-way Intersection","None","Park Street","Dry","U1038","42.893851592053615,-73.1932469613959"
"720662","","February 6, 2016, 2:48 PM","Bennington","300 School Street","SCHOOL ST.","Property Damage Only","No Turns, Thru moves only, Broadside ^<","Clear","Federal Aid Urban System (Class 2 TH's and 3 TH's only)","16BN00880","Bennington PD.","2","0.25","None/Other","Day","Gage Street","None","None","","VT0020100","Four-way Intersection","None","300 School Street","Dry","U1046","42.88167172252574,-73.19484248483127"
"738539","","February 7, 2016, 2:32 AM","Bennington","Crescent Blvd","Unknown","Property Damage Only","Single Vehicle Crash","Clear","Street or Town Highways in FA Urban Area","16BN00894","Bennington PD.","5","999.99","None/Other","Night","Margaret Lane","None","None","","VT0020100","Not at a Junction","None","Crescent Blvd","Dry","0000","42.871481904726224,-73.1882085263077"
"720017","","February 8, 2016, 4:32 PM","Bennington","170 North Street","US-7","Property Damage Only","Rear End","Freezing Precipitation","State Highway numbered route, Class 1 TH","16BN00929","Bennington PD.","11","3.07","None/Other","Day","Bank Of Bennington","None","None","","VT0020100","Not at a Junction","Road Surface Condition(wet, icy, snow, slush, etc)","170 North Street","Snow","0070","42.879844119478456,-73.19703401842963"
"720600","","February 8, 2016, 6:33 PM","Bennington","425 North Branch Street","BROOKLYN DR.","Property Damage Only","Single Vehicle Crash","Freezing Precipitation","Federal Aid Urban System (Class 2 TH's and 3 TH's only)","16BN00934","Bennington PD.","2","0.43","None/Other","Night","","None","None","","VT0020100","Not at a Junction","Road Surface Condition(wet, icy, snow, slush, etc)","425 North Branch Street","Snow","U1009","42.88939483511251,-73.18060484853159"
"738474","","February 10, 2016, 1:28 PM","Bennington","1896 Harwood Hill","Unknown","Injury","Other - Explain in Narrative","Cloudy","Other Public Roadway (Rest Areas, Shopping Center - anything open to public)","16BN00971","Bennington PD.","9","999.99","None/Other","Day","Market Wagon","None","None","","VT0020100","Parking Lot","None","1896 Harwood Hill","Wet","0000","42.927987244840914,-73.20880259113828"
"720336","","February 10, 2016, 6:06 PM","Bennington","Kocher Drive","KOCHER DR.","Property Damage Only","Single Vehicle Crash","","Federal Aid Urban System (Class 2 TH's and 3 TH's only)","16BN00978","Bennington PD.","2","0.36","None/Other","Night","Park Street","None","None","","VT0020100","Four-way Intersection","None","Kocher Drive","Dry","U1050","42.893851592053615,-73.1932469613959"
"738392","","February 10, 2016, 7:16 PM","Bennington","210 Northside Drive","Unknown","Property Damage Only","No Turns, Thru moves only, Broadside ^<","Cloudy","Other Public Roadway (Rest Areas, Shopping Center - anything open to public)","16BN00979","Bennington PD.","9","999.99","None/Other","Night","Walmart","None","None","","VT0020100","Four-way Intersection","None","210 Northside Drive","Dry","0000","42.898792258363905,-73.21056375217854"
"720431","","February 12, 2016, 12:09 PM","Bennington","Main Street","VT-9","Property Damage Only","No Turns, Thru moves only, Broadside ^<","Cloudy","State Highway numbered route, Class 1 TH","16BN01016","Bennington PD.","11","5.22","None/Other","Day","Intersection Of Main & Branch","None","None","","VT0020100","Four-way Intersection","None","Main Street","Dry","0090","42.87946464448532,-73.18090532383208"
"722375","","February 12, 2016, 12:18 PM","Bennington","540 Main Street","VT-9","Property Damage Only","Left Turns, Opposite Directions, Head On/Angle Crash --^v--","Cloudy","State Highway numbered route, Class 1 TH","16BN01017","Bennington PD.","11","4.59","None/Other","Day","Len Nichols & Sons","None","None","","VT0020100","Not at a Junction","None","540 Main Street","Dry","0090","42.87802639072243,-73.1930884712441"
"720611","","February 15, 2016, 7:10 AM","Bennington","Washington Street","WASHINGTON ST.","Property Damage Only","Other - Explain in Narrative","Clear","Federal Aid Urban System (Class 2 TH's and 3 TH's only)","16BN01073","Bennington PD.","2","0.35","None/Other","Day","Main Street","None","None","","VT0020100","Other - Explain in Narrative","None","Washington Street","Dry","U1058","42.87938840114134,-73.19907814040552"
"739035","","February 15, 2016, 12:47 PM","Bennington","210 Northside Drive","Unknown","Property Damage Only","Other - Explain in Narrative","Clear","Other Public Roadway (Rest Areas, Shopping Center - anything open to public)","16BN01079","Bennington PD.","9","999.99","None/Other","Day","Walmart Parking Lot","None","None","","VT0020100","Parking Lot","None","210 Northside Drive","Dry","0000","42.8982986316411,-73.21032544853996"
"720515","","February 15, 2016, 5:34 PM","Bennington","VT RT 279","VT-279","Property Damage Only","Single Vehicle Crash","Clear","Ramp or Spur","16BN01084","Bennington PD.","7","0.3","None/Other","Day","Interchange 67A","None","None","","VT0020100","On Ramp","Road Surface Condition(wet, icy, snow, slush, etc)","VT RT 279","Ice","2790","42.903721645844456,-73.21728686432975"
"720508","","February 15, 2016, 5:45 PM","Bennington","VT RT 279","VT-279","Property Damage Only","Single Vehicle Crash","Freezing Precipitation","State Highway numbered route, State owned","16BN01086","Bennington PD.","10","3.34","None/Other","Day","Exit 1","None","None","","VT0020100","Not at a Junction","Road Surface Condition(wet, icy, snow, slush, etc)","VT RT 279","Snow","2790","42.90528138938488,-73.21558625590902"
"720448","","February 15, 2016, 8:35 PM","Bennington","Main Street","VT-9","Injury","Rear End","Cloudy","State Highway numbered route, Class 1 TH","16BN01091","Bennington PD.","11","5.22","None/Other","Night","South Branch Street","Alcohol","None","","VT0020100","Four-way Intersection","Road Surface Condition(wet, icy, snow, slush, etc)","Main Street","Wet","0090","42.87946464448532,-73.18090532383208"
"720766","","February 18, 2016, 1:05 PM","Bennington","Dewey Street","DEWEY ST.","Property Damage Only","No Turns, Thru moves only, Broadside ^<","Clear","Federal Aid Urban System (Class 2 TH's and 3 TH's only)","16BN01151","Bennington PD.","2","0.86","None/Other","Day","Elm Street","None","None","","VT0020100","Four-way Intersection","None","Dewey Street","Dry","U1020","42.8773757757233,-73.20317870382935"
"720598","","February 20, 2016, 9:48 PM","Bennington","Gage Street","SAFFORD ST.","Property Damage Only","No Turns, Thru moves only, Broadside ^<","Clear","Federal Aid Urban System (Class 2 TH's and 3 TH's only)","16BN01210","Bennington PD.","2","0.2","None/Other","Night","Safford Street","None","None","","VT0020100","Four-way Intersection","None","Gage Street","Dry","U1044","42.88138190940997,-73.18772905418206"
"739212","","February 21, 2016, 11:35 AM","Bennington","38 Gore Road","TOWN ROAD 0054","Injury","No Turns, Thru moves only, Broadside ^<","Cloudy","City, Village or Urban Compact Street not in FA Urban Area (Class 2 and 3 Non-Federal Aid)","16BN01217","Bennington PD.","6","999.99","None/Other","Day","","None","None","","VT0020100","Not at a Junction","None","38 Gore Road","Dry","T0054","42.87126322818457,-73.1765671611165"
"720439","","February 22, 2016, 8:01 AM","Bennington","North Branch Street","BROOKLYN DR.","Property Damage Only","Opp Direction Sideswipe","Cloudy","Federal Aid Urban System (Class 2 TH's and 3 TH's only)","16BN01231","Bennington PD.","2","0.07","None/Other","Day","Sweets Lane","None","None","","VT0020100","Not at a Junction","None","North Branch Street","Dry","U1009","42.88432292797731,-73.18114839993284"
"718273","","February 23, 2016, 11:12 AM","Bennington","South Branch Street","BEECH ST.&S. STREAM RD.","Property Damage Only","Rear End","Clear","Federal Aid Urban System (Class 2 TH's and 3 TH's only)","16BN01255","Bennington PD.","2","0.53","None/Other","Day","In Front Of 234 Beech Street","None","None","","VT0020100","Not at a Junction","None","South Branch Street","Dry","U1000","42.875315504961385,-73.18189571054599"
"739240","","February 23, 2016, 12:25 PM","Bennington","215 North Street","Unknown","Property Damage Only","No Turns, Thru moves only, Broadside ^<","Clear","Other Public Roadway (Rest Areas, Shopping Center - anything open to public)","16BN01257","Bennington PD.","9","999.99","None/Other","Day","Goodwill Parking Lot","None","None","","VT0020100","Parking Lot","None","215 North Street","Dry","0000","42.88243991909218,-73.1967030465848"
"738303","","February 23, 2016, 2:11 PM","Bennington","100 Ledge Hill Drive","LEDGE HILL DR","Injury","No Turns, Thru moves only, Broadside ^<","Clear","Other Public Roadway (Rest Areas, Shopping Center - anything open to public)","16BN01258","Bennington PD.","9","999.99","None/Other","Day","United Counseling Parking Lot","None","None","","VT0020100","Parking Lot","None","100 Ledge Hill Drive","Dry","0000","42.87282322698612,-73.20594540622595"
"738228","","February 25, 2016, 9:12 AM","Bennington","981 Houghton Lane","TOWN ROAD 0014","Property Damage Only","Head On","Cloudy","City, Village or Urban Compact Street not in FA Urban Area (Class 2 and 3 Non-Federal Aid)","16BN01290","Bennington PD.","6","999.99","None/Other","Day","","None","None","","VT0020100","Not at a Junction","None","981 Houghton Lane","Wet","T0014","42.91834441119519,-73.1944251346655"
"739199","","February 25, 2016, 9:37 PM","Bennington","Maple Street","MAPLE ST","Injury","Single Vehicle Crash","Freezing Precipitation","Street or Town Highways in FA Urban Area","16BN01301","Bennington PD.","5","999.99","None/Other","Night","County Street","None","None","","VT0020100","Not at a Junction","None","Maple Street","Wet","0000","42.883615810810724,-73.19131796780673"
"739122","","February 26, 2016, 11:13 AM","Bennington","209 Northside Drive","Unknown","Property Damage Only","Rear End","Clear","Other Public Roadway (Rest Areas, Shopping Center - anything open to public)","16BN01312","Bennington PD.","9","999.99","None/Other","Day","Dunkin Donuts Parking Lot","None","None","","VT0020100","Parking Lot","None","209 Northside Drive","Dry","0000","42.900289687404324,-73.20860960530668"
"738949","","March 4, 2016, 3:30 PM","Bennington","655 Gage Street","Unknown","Property Damage Only","Rear-to-rear","Clear","Other Public Roadway (Rest Areas, Shopping Center - anything open to public)","16BN01449","Bennington PD.","9","999.99","None/Other","Day","Rec. Center Parking Lot","None","None","","VT0020100","Parking Lot","None","655 Gage Street","Dry","0000","42.87302336534459,-73.18935163984848"
"738987","","March 4, 2016, 6:48 PM","Bennington","237 North Street","Unknown","Property Damage Only","Same Direction Sideswipe","Clear","Other Public Roadway (Rest Areas, Shopping Center - anything open to public)","16BN01441","Bennington PD.","9","999.99","None/Other","Night","Dunkin Donuts Lot","None","None","","VT0020100","Parking Lot","None","237 North Street","Dry","0000","42.88351197111039,-73.19656821761012"
"718249","","March 8, 2016, 9:44 AM","Bennington","160 Benmont Avenue","BENMONT AVE.","Property Damage Only","Left Turn and Thru, Angle Broadside -->v--","Clear","Federal Aid Urban System (Class 2 TH's and 3 TH's only)","16BN01526","Bennington PD.","2","0.25","None/Other","Day","County Street","None","None","","VT0020100","T - Intersection","None","160 Benmont Avenue","Dry","U1006","42.884269072632954,-73.20193849238382"
"724474","","March 9, 2016, 7:45 AM","Bennington","Harwood Hill","VT-7A","Property Damage Only","Rear End","Clear","State Highway numbered route, State owned","16BN01562","Bennington PD.","10","2.68","None/Other","Day","The Market Wagon","None","None","","VT0020100","Not at a Junction","None","Harwood Hill","Dry","0071","42.92782662839209,-73.20846344502682"
"738888","","March 9, 2016, 2:06 PM","Bennington","312 Crescent Blvd","CRESCENT BLVD","Property Damage Only","Rear-to-rear","Clear","Other Public Roadway (Rest Areas, Shopping Center - anything open to public)","16BN01574","Bennington PD.","9","999.99","None/Other","Day","Parking Lot","None","None","","VT0020100","Parking Lot","None","312 Crescent Blvd","Dry","0000","42.87142396257545,-73.19333588038467"
"724278","","March 10, 2016, 9:23 AM","Bennington","Elm & Washington Street","ELM ST.","Property Damage Only","Other - Explain in Narrative","Rain","Federal Aid Urban System (Class 2 TH's and 3 TH's only)","16BN01592","Bennington PD.","2","0.5","None/Other","Day","Elm & Washington Intersection","None","None","","VT0020100","Not at a Junction","None","Elm & Washington Street","Wet","U1022","42.87711573914774,-73.20025067864897"
"739043","","March 11, 2016, 4:25 PM","Bennington","214 Northside Drive","Unknown","Property Damage Only","Rear-to-rear","Clear","Other Public Roadway (Rest Areas, Shopping Center - anything open to public)","16BN01622","Bennington PD.","9","999.99","None/Other","Day","Price Chopper Parking Lot","None","None","","VT0020100","Parking Lot","None","214 Northside Drive","","0000","42.8989029753508,-73.21302608528248"
"727861","","March 13, 2016, 9:42 PM","Bennington","408 Rice Lane","RICE LN.","Injury","Single Vehicle Crash","Clear","Federal Aid Urban System (Class 2 TH's and 3 TH's only)","16BN01682","Bennington PD.","2","0.46","None/Other","Night","Harwood Hill Road","None","None","","VT0020100","Not at a Junction","None","408 Rice Lane","Dry","U1042","42.914683683985814,-73.21914923411926"
"739858","","March 13, 2016, 10:58 PM","Bennington","208 Maple Street","Unknown","Property Damage Only","Single Vehicle Crash","Clear","Street or Town Highways in FA Urban Area","16BN01684","Bennington PD.","5","999.99","None/Other","Night","","None","None","","VT0020100","Not at a Junction","None","208 Maple Street","Dry","0000","42.88228427761813,-73.19119293321184"
"724432","","March 15, 2016, 5:01 PM","Bennington","800 Main Street","VT-9","Property Damage Only","Rear End","Clear","State Highway numbered route, Class 1 TH","16BN01720","Bennington PD.","11","5.09","None/Other","Day","Bradford Street","None","None","","VT0020100","T - Intersection","None","800 Main Street","Dry","0090","42.8791886524276,-73.18359356165728"
"738970","","March 16, 2016, 12:05 PM","Bennington","210 Northside Drive","Unknown","Property Damage Only","Rear-to-rear","Clear","Other Public Roadway (Rest Areas, Shopping Center - anything open to public)","16BN01739","Bennington PD.","9","999.99","None/Other","Day","Walmart Plaza","None","None","","VT0020100","Parking Lot","None","210 Northside Drive","Dry","0000","42.89823592653842,-73.21027575292813"
"724371","","March 16, 2016, 6:03 PM","Bennington","52 North Bennington Rd","VT-67A","Property Damage Only","No Turns, Thru moves only, Broadside ^<","Clear","State Highway numbered route, State owned","16BN01749","Bennington PD.","10","0.06","None/Other","Day","Carbone Ford","None","None","","VT0020100","Driveway","None","52 North Bennington Rd","Dry","0671","42.90132270632451,-73.21272428606208"
"739343","","March 16, 2016, 9:42 PM","Bennington","East Road","Unknown","Property Damage Only","Rear End","Clear","Other Public Roadway (Rest Areas, Shopping Center - anything open to public)","16BN01752","Bennington PD.","9","999.99","None/Other","Night","","None","None","","VT0020100","Parking Lot","None","East Road","Dry","0000","42.90429568242668,-73.18792443373049"
"724576","","March 17, 2016, 9:26 AM","Bennington","Union Street","UNION ST.","Property Damage Only","Left Turn and Thru, Broadside v<--","Cloudy","Federal Aid Urban System (Class 2 TH's and 3 TH's only)","16BN01759","Bennington PD.","2","0.38","None/Other","Day","244 Union Street","None","None","","VT0020100","Not at a Junction","None","Union Street","Dry","U1052","42.87686585606514,-73.18998253236857"
"720779","","March 17, 2016, 5:38 PM","Bennington","112 Northside Drive","VT-7A","Property Damage Only","Rear End","Clear","State Highway numbered route, State owned","16BN01769","Bennington PD.","10","0.26","None/Other","Day","Orchard Road","None","None","","VT0020100","Not at a Junction","None","112 Northside Drive","Dry","0071","42.89594551504976,-73.20442516696872"
"724180","","March 18, 2016, 7:58 PM","Bennington","Main Street","VT-9","Injury","Left Turn and Thru, Angle Broadside -->v--","Cloudy","State Highway numbered route, Class 1 TH","16BN01795","Bennington PD.","11","4.08","None/Other","Night","Dewey Street","None","None","","VT0020100","Four-way Intersection","None","Main Street","Dry","0090","42.88067530519802,-73.20238282015072"
"720664","","March 18, 2016, 9:19 PM","Bennington","1404 East Road","EAST RD","Property Damage Only","Single Vehicle Crash","Clear","Federal Aid Secondary System (Class 2 TH)","16BN01797","Bennington PD.","3","0.77","None/Other","Night","","None","None","","VT0020100","Parking Lot","None","1404 East Road","Dry","S0173","42.913831453052474,-73.1880657710959"
"723467","","March 19, 2016, 2:07 PM","Bennington","110 Northside Drive","VT-7A","Property Damage Only","Left Turn and Thru, Broadside v<--","Clear","State Highway numbered route, State owned","16BN01808","Bennington PD.","10","0.22","None/Other","Day","Cumberland Farms","None","None","","VT0020100","Not at a Junction","None","110 Northside Drive","Dry","0071","42.89556419805112,-73.20383991226043"
"738972","","March 19, 2016, 4:50 PM","Bennington","1 Sage Street","SAGE ST","Injury","No Turns, Thru moves only, Broadside ^<","Clear","Street or Town Highways in FA Urban Area","16BN01810","Bennington PD.","5","999.99","None/Other","Day","Sage Street/Main Street Intersection","None","None","","VT0020100","T - Intersection","None","1 Sage Street","Dry","0000","42.9292509300717,-73.24235977684293"
"739039","","March 20, 2016, 1:20 PM","Bennington","Silk Road","TOWN ROAD 0026","Injury","Single Vehicle Crash","Clear","City, Village or Urban Compact Street not in FA Urban Area (Class 2 and 3 Non-Federal Aid)","16BN01829","Bennington PD.","6","999.99","None/Other","Day","VT RT 67A","None","None","","VT0020100","T - Intersection","None","Silk Road","Dry","T0026","42.912275777102884,-73.22513304283699"
"731228","","March 20, 2016, 2:51 PM","Bennington","Main Street","VT-9","Property Damage Only","Other - Explain in Narrative","Clear","State Highway numbered route, State owned","16BN01831","Bennington PD.","10","4.43","None/Other","Day","Madisons Restaurant","None","None","","VT0020100","Not at a Junction","None","Main Street","Dry","0090","42.87825480166934,-73.19646696336949"
"720708","","March 22, 2016, 6:00 PM","Bennington","West Road","VT-9","Property Damage Only","Opp Direction Sideswipe","Clear","State Highway numbered route, State owned","16BN01882","Bennington PD.","10","1.87","None/Other","Day","Colgate Park","None","None","","VT0020100","Not at a Junction","None","West Road","Dry","0090","42.8791686036146,-73.2420240863798"
"720839","","March 22, 2016, 8:08 PM","Bennington","1004 South StreamRoad","S STREAM RD","Property Damage Only","Single Vehicle Crash","Cloudy","Federal Aid Secondary System (Class 2 TH)","16BN01885","Bennington PD.","3","1.5","Deer","Night","Morgan Street","None","None","","VT0020100","Not at a Junction","None","1004 South StreamRoad","Dry","S0103","42.85796311742108,-73.17484042316444"
"738891","","March 22, 2016, 9:32 PM","Bennington","23 Greenview Drive","GREENVIEW DR","Property Damage Only","Single Vehicle Crash","Clear","Street or Town Highways in FA Urban Area","16BN01888","Bennington PD.","5","999.99","None/Other","Night","","Alcohol","None","","VT0020100","Not at a Junction","None","23 Greenview Drive","Dry","0000","42.86744859247835,-73.20015683158236"
"739078","","March 22, 2016, 11:47 PM","Bennington","1488 Morgan Street","TOWN ROAD 0051","Property Damage Only","Head On","Clear","City, Village or Urban Compact Street not in FA Urban Area (Class 2 and 3 Non-Federal Aid)","16BN01891","Bennington PD.","6","999.99","Deer","Night","South Stream Road","None","None","","VT0020100","Not at a Junction","None","1488 Morgan Street","Dry","T0051","42.86059397207953,-73.1768911679429"
"720773","","March 23, 2016, 4:42 PM","Bennington","110 Northside Drive","VT-7A","Property Damage Only","Rear End","Cloudy","State Highway numbered route, State owned","16BN01900","Bennington PD.","10","0.22","None/Other","Day","Shell Gas Station","None","None","","VT0020100","Not at a Junction","None","110 Northside Drive","Dry","0071","42.89556419805112,-73.20383991226043"
"720793","","March 23, 2016, 6:18 PM","Bennington","300 Gage Street","GAGE ST.","Property Damage Only","Rear-to-rear","Cloudy","Federal Aid Urban System (Class 2 TH's and 3 TH's only)","16BN01907","Bennington PD.","2","0.21","None/Other","Day","Park Street","None","None","","VT0020100","Not at a Junction","None","300 Gage Street","Dry","U1024","42.881557047324904,-73.1929291091861"
"722899","","March 24, 2016, 4:51 PM","Bennington","County Street","COUNTY RD.","Property Damage Only","Left Turn and Thru, Head On ^v--","Clear","Federal Aid Urban System (Class 2 TH's and 3 TH's only)","16BN01930","Bennington PD.","2","0.27","None/Other","Day","North Street","None","None","","VT0020100","Not at a Junction","None","County Street","Dry","U1012","42.884384922845996,-73.19686161276279"
"720916","","March 24, 2016, 6:33 PM","Bennington","100 Monument Avenue","MONUMENT AVE.","Property Damage Only","Rear End","Clear","Federal Aid Urban System (Class 2 TH's and 3 TH's only)","16BN01937","Bennington PD.","2","0.21","None/Other","Day","Old First Church","None","None","","VT0020100","Not at a Junction","None","100 Monument Avenue","Dry","U1406","42.88030195696154,-73.21254169416363"
"732489","","March 26, 2016, 1:21 PM","Bennington","Northside Drive","VT-7A","Property Damage Only","Rear End","Clear","State Highway numbered route, State owned","16BN01977","Bennington PD.","10","0.09","None/Other","Day","100 Feet West Of The Aldi Entrance","None","None","","VT0020100","Not at a Junction","None","Northside Drive","Dry","0071","42.894464349182996,-73.20181444783516"
"720715","","March 28, 2016, 5:53 PM","Bennington","8 Kocher Drive","KOCHER DR.","Property Damage Only","Rear End","Rain","Federal Aid Urban System (Class 2 TH's and 3 TH's only)","16BN02030","Bennington PD.","2","0.12","None/Other","Day","Bennington Plaza","None","None","","VT0020100","Not at a Junction","Road Surface Condition(wet, icy, snow, slush, etc)","8 Kocher Drive","Wet","U1050","42.89412459596592,-73.19773359334978"
"721663","","March 31, 2016, 3:41 PM","Bennington","US Route 7","US-7","Property Damage Only","Single Vehicle Crash","Cloudy","State Highway numbered route, State owned","16BN02120","Bennington PD.","10","1.34","None/Other","Day","Applebarn","None","None","","VT0020100","Not at a Junction","None","US Route 7","Dry","0070","42.856265229740416,-73.2028197648237"
"738915","","March 31, 2016, 7:02 PM","Bennington","105 Barney Road","TOWN ROAD 0052","Property Damage Only","Rear-to-rear","Clear","City, Village or Urban Compact Street not in FA Urban Area (Class 2 and 3 Non-Federal Aid)","16BN02128","Bennington PD.","6","999.99","None/Other","Day","Burgess Road","None","None","","VT0020100","Not at a Junction","None","105 Barney Road","Dry","T0052","42.8783524224569,-73.16035312746482"
"733033","","April 1, 2016, 3:29 PM","Bennington","East Road","EAST RD.","Property Damage Only","Rear End","Rain","Federal Aid Urban System (Class 2 TH's and 3 TH's only)","16BN02150","Bennington PD.","2","0.22","None/Other","Day","Near Entrance To F.W. Webb","None","None","","VT0020100","Not at a Junction","None","East Road","Wet","U1021","42.89691880679654,-73.19303730160001"
"721609","","April 4, 2016, 8:34 AM","Bennington","1246 North Bennington Road","VT-67A","Property Damage Only","Other - Explain in Narrative","Freezing Precipitation","State Highway numbered route, State owned","16BN02202","Bennington PD.","10","1.25","None/Other","Day","","None","None","","VT0020100","Not at a Junction","Road Surface Condition(wet, icy, snow, slush, etc)","1246 North Bennington Road","Snow","0671","42.912057761303345,-73.22892944430414"
"724926","","April 4, 2016, 9:31 AM","Bennington","East Road","EAST RD.","Injury","No Turns, Thru moves only, Broadside ^<","Freezing Precipitation","Federal Aid Urban System (Class 2 TH's and 3 TH's only)","16BN02205","Bennington PD.","2","0","None/Other","Day","Kocher Drive","None","None","","VT0020100","Four-way Intersection","Road Surface Condition(wet, icy, snow, slush, etc)","East Road","Slush","U1021","42.893851592053615,-73.1932469613959"
"730634","","April 4, 2016, 10:04 AM","Bennington","W Main Street","VT-9","Property Damage Only","No Turns, Thru moves only, Broadside ^<","Freezing Precipitation","State Highway numbered route, Class 1 TH","16BN02207","Bennington PD.","11","4.07","None/Other","Day","Benmont Avenue","None","None","","VT0020100","Four-way Intersection","Road Surface Condition(wet, icy, snow, slush, etc)","W Main Street","Wet","0090","42.88073947908647,-73.20255500113986"
"718264","","April 4, 2016, 12:57 PM","Bennington","1896 Harwood HIll","VT-7A","Property Damage Only","Rear End","Freezing Precipitation","State Highway numbered route, State owned","16BN02212","Bennington PD.","10","2.68","None/Other","Day","Market Wagon","None","None","","VT0020100","Not at a Junction","Road Surface Condition(wet, icy, snow, slush, etc)","1896 Harwood HIll","Snow","0071","42.92782662839209,-73.20846344502682"
"739867","","April 4, 2016, 1:04 PM","Bennington","471 Silk Road","TOWN ROAD 0026","Injury","Head On","Freezing Precipitation","City, Village or Urban Compact Street not in FA Urban Area (Class 2 and 3 Non-Federal Aid)","16BN02213","Bennington PD.","6","999.99","None/Other","Day","","None","None","","VT0020100","Not at a Junction","Road Surface Condition(wet, icy, snow, slush, etc)","471 Silk Road","Snow","T0026","42.898163919149816,-73.22386302251803"