"ObjectID","Mapped","Crash Date","City/Town","Address","AOT Route","Crash Type","Collision Direction","Weather","Road Group","Report Number","Reporting Agency","Road Group ID","AOT Actual Milepoint","Animal","Time of Day","Intersection With","Impairment","Involving","Non Reportable Address","Reporting Agency ID","Road Characteristics","Road Condition","Street Address","Surface Condition","AOT Route ID","Coordinates"
"731083","","April 4, 2016, 1:18 PM","Bennington","Route 9","VT-9","Property Damage Only","Single Vehicle Crash","Freezing Precipitation","State Highway numbered route, State owned","16BN02214","Bennington PD.","10","2.97","None/Other","Day","Camelot Village","None","None","","VT0020100","Not at a Junction","Road Surface Condition(wet, icy, snow, slush, etc)","Route 9","Snow","0090","42.88213300904408,-73.22094539251658"
"731069","","April 4, 2016, 1:19 PM","Bennington","55 Monument Avenue","VT-9","Property Damage Only","Rear End","","State Highway numbered route, Class 1 TH","16BN02215","Bennington PD.","11","3.41","None/Other","Day","Main Street","None","None","","VT0020100","T - Intersection","Road Surface Condition(wet, icy, snow, slush, etc)","55 Monument Avenue","Snow","0090","42.88388722186825,-73.21346499281377"
"721492","","April 4, 2016, 2:29 PM","Bennington","974 Monument Avenue","MONUMENT ROAD","Injury","Other - Explain in Narrative","Freezing Precipitation","Federal Aid Urban System (Class 2 TH's and 3 TH's only)","16BN02217","Bennington PD.","2","1.75","None/Other","Day","","None","None","","VT0020100","Not at a Junction","Road Surface Condition(wet, icy, snow, slush, etc)","974 Monument Avenue","Snow","U1034","42.87539895553846,-73.21385800214323"
"720876","","April 4, 2016, 2:40 PM","Bennington","137 North Street","US-7","Property Damage Only","Rear End","Clear","State Highway numbered route, Class 1 TH","16BN02227","Bennington PD.","11","3.05","None/Other","Day","VFW Post Driveway","None","None","","VT0020100","Not at a Junction","None","137 North Street","Dry","0070","42.879542700619425,-73.19704830496936"
"739007","","April 4, 2016, 6:52 PM","Bennington","125 Northside Drive","Unknown","Property Damage Only","Rear-to-rear","Freezing Precipitation","Other Public Roadway (Rest Areas, Shopping Center - anything open to public)","16BN02221","Bennington PD.","9","999.99","None/Other","Day","Bennington Beverage Outlet","None","None","","VT0020100","Parking Lot","None","125 Northside Drive","Wet","0000","42.8972350774439,-73.20617484990576"
"739049","","April 6, 2016, 12:34 PM","Bennington","120 Jefferson Avenue","JEFFERSON AVE","Property Damage Only","No Turns, Thru moves only, Broadside ^<","Clear","Street or Town Highways in FA Urban Area","16BN02242","Bennington PD.","5","999.99","None/Other","Day","","None","None","","VT0020100","Not at a Junction","None","120 Jefferson Avenue","Dry","0000","42.875365410002196,-73.19948748318485"
"718239","","April 6, 2016, 3:49 PM","Bennington","222 North Street","US-7","Property Damage Only","No Turns, Thru moves only, Broadside ^<","Cloudy","State Highway numbered route, Class 1 TH","16BN02247","Bennington PD.","11","3.28","None/Other","Day","Adams Street","None","None","","VT0020100","Not at a Junction","None","222 North Street","Dry","0070","42.882890977506975,-73.19693453336237"
"739785","","April 8, 2016, 5:40 PM","Bennington","127 Adams Street","Unknown","Property Damage Only","Single Vehicle Crash","Cloudy","Street or Town Highways in FA Urban Area","16BN02303","Bennington PD.","5","999.99","None/Other","Day","North Street","None","None","","VT0020100","Not at a Junction","None","127 Adams Street","Dry","0000","42.883138232515684,-73.19585403638766"
"739631","","April 9, 2016, 1:52 PM","Bennington","214 Northside Drive","Unknown","Property Damage Only","Single Vehicle Crash","Clear","Other Public Roadway (Rest Areas, Shopping Center - anything open to public)","16BN02324","Bennington PD.","9","999.99","None/Other","Day","Price Chopper Lot","Alcohol","None","","VT0020100","Parking Lot","None","214 Northside Drive","Dry","0000","42.89828468982033,-73.21112114630104"
"739759","","April 9, 2016, 6:02 PM","Bennington","North Street","Unknown","Property Damage Only","Rear-to-rear","Clear","Other Public Roadway (Rest Areas, Shopping Center - anything open to public)","16BN02332","Bennington PD.","9","999.99","None/Other","Day","Dunkin Donuts","None","None","","VT0020100","Parking Lot","None","North Street","Dry","0000","42.88347492302917,-73.19673917534388"
"725157","","April 11, 2016, 9:05 PM","Bennington","200 Main Street","VT-9","Injury","Single Vehicle Crash","Rain","Other Public Roadway (Rest Areas, Shopping Center - anything open to public)","16BN02370","Bennington PD.","9","3.94","None/Other","Night","Monument Elementary","None","None","","VT0020100","Not at a Junction","Road Surface Condition(wet, icy, snow, slush, etc)","200 Main Street","Wet","0090","42.88157797242754,-73.20478989064438"
"729514","","April 12, 2016, 3:44 AM","Bennington","VT Rt 7N","US-7","Property Damage Only","Other - Explain in Narrative","Clear","State Highway numbered route, State owned","16BN02373","Bennington PD.","10","4.48","None/Other","Night","Exit 1 VT RT 279","Alcohol","None","","VT0020100","Not at a Junction","None","VT Rt 7N","Dry","0070","42.89901219420208,-73.1996309605968"
"725406","","April 12, 2016, 11:15 AM","Bennington","Park Street","PARK ST.","Property Damage Only","Single Vehicle Crash","Clear","Federal Aid Urban System (Class 2 TH's and 3 TH's only)","16BN02357","Bennington PD.","2","0","None/Other","Day","Kocher Drive","None","None","","VT0020100","Four-way Intersection","None","Park Street","Dry","U1038","42.88429770842145,-73.19303016950003"
"739724","","April 12, 2016, 12:30 PM","Bennington","335 Dewey Street","Unknown","Property Damage Only","Single Vehicle Crash","Clear","Other Public Roadway (Rest Areas, Shopping Center - anything open to public)","16BN02378","Bennington PD.","9","999.99","None/Other","Day","UCS Building","None","None","","VT0020100","Parking Lot","None","335 Dewey Street","Dry","0000","42.871659086731974,-73.20495304167798"
"739991","","April 12, 2016, 3:24 PM","Bennington","West Road","VILLAGE LN","Property Damage Only","Other - Explain in Narrative","Clear","Other Public Roadway (Rest Areas, Shopping Center - anything open to public)","16BN02384","Bennington PD.","9","999.99","None/Other","Day","Brookdale At Fillmore Pond","None","None","","VT0020100","Parking Lot","None","West Road","Dry","0000","42.88253336051981,-73.2336225001741"
"724760","","April 12, 2016, 4:53 PM","Bennington","Kocher Drive","KOCHER DR.","Property Damage Only","Rear End","Clear","Federal Aid Urban System (Class 2 TH's and 3 TH's only)","16BN02386","Bennington PD.","2","0.28","None/Other","Day","Kaman Composite","None","None","","VT0020100","Not at a Junction","None","Kocher Drive","Dry","U1050","42.89394706505177,-73.19474135559605"
"725108","","April 12, 2016, 5:24 PM","Bennington","259 Union Street","UNION ST.","Property Damage Only","Single Vehicle Crash","Clear","Federal Aid Urban System (Class 2 TH's and 3 TH's only)","16BN02388","Bennington PD.","2","0.42","None/Other","Day","Hamlin Avenue","None","None","","VT0020100","T - Intersection","None","259 Union Street","Dry","U1052","42.87681423513132,-73.18923838825376"
"724930","","April 12, 2016, 5:45 PM","Bennington","252 Union Street","UNION ST.","Property Damage Only","Rear End","","Federal Aid Urban System (Class 2 TH's and 3 TH's only)","16BN02389","Bennington PD.","2","0.4","None/Other","Day","Hamlin Avenue","None","None","","VT0020100","T - Intersection","None","252 Union Street","Dry","U1052","42.876839913577896,-73.18960854336062"
"725165","","April 12, 2016, 11:18 PM","Bennington","301 County Street","COUNTY RD.","Property Damage Only","Rear End","Clear","Federal Aid Urban System (Class 2 TH's and 3 TH's only)","16BN02397","Bennington PD.","2","0.28","None/Other","Night","Depot Street","None","None","","VT0020100","Four-way Intersection","None","301 County Street","Dry","U1012","42.88438089194369,-73.19667506286413"
"724890","","April 13, 2016, 5:44 PM","Bennington","472 East Road","EAST RD.","Property Damage Only","Rear End","Clear","Federal Aid Urban System (Class 2 TH's and 3 TH's only)","16BN02413","Bennington PD.","2","0.49","None/Other","Day","BMX Park","None","None","","VT0020100","Parking Lot","None","472 East Road","Dry","U1021","42.90052467792079,-73.19154068065191"
"725189","","April 14, 2016, 5:49 PM","Bennington","RT 7 North","US-7","Property Damage Only","Same Direction Sideswipe","Clear","State Highway numbered route, State owned","16BN02438","Bennington PD.","10","7.02","None/Other","Day","Shaftsbury Town Line","None","None","","VT0020100","Not at a Junction","None","RT 7 North","Dry","0070","42.928485183461795,-73.19639386402945"
"739842","","April 15, 2016, 4:08 PM","Bennington","335 Dewey Street","Unknown","Property Damage Only","No Turns, Thru moves only, Broadside ^<","Clear","Other Public Roadway (Rest Areas, Shopping Center - anything open to public)","16BN02462","Bennington PD.","9","999.99","None/Other","Day","United Counseling Service","None","None","","VT0020100","Parking Lot","None","335 Dewey Street","Dry","0000","42.87152195634284,-73.20529416384029"
"739812","","April 18, 2016, 8:03 PM","Bennington","VT Route 279","VT-279","Property Damage Only","Single Vehicle Crash","Clear","Ramp or Spur","16BN02537","Bennington PD.","7","999.99","None/Other","Night","Welcome Center","None","None","","VT0020100","Not at a Junction","None","VT Route 279","Dry","2790","42.90282496325815,-73.20329987973224"
"739758","","April 19, 2016, 10:06 AM","Bennington","636 Main Street","Unknown","Property Damage Only","Other - Explain in Narrative","Clear","Other Public Roadway (Rest Areas, Shopping Center - anything open to public)","16BN02547","Bennington PD.","9","999.99","None/Other","Day","Stewart's Parking Lot","None","None","","VT0020100","Parking Lot","None","636 Main Street","Dry","0000","42.87824525917564,-73.1907194483652"
"739927","","April 19, 2016, 12:14 PM","Bennington","160 Benmont Avenue","Unknown","Property Damage Only","Other - Explain in Narrative","Clear","Other Public Roadway (Rest Areas, Shopping Center - anything open to public)","16BN02549","Bennington PD.","9","999.99","None/Other","Day","Revolution Fitness","None","None","","VT0020100","Parking Lot","None","160 Benmont Avenue","Dry","0000","42.88518842540736,-73.20212018248304"
"739708","","April 21, 2016, 4:39 PM","Bennington","500 Main Street","Unknown","Property Damage Only","Single Vehicle Crash","Clear","Other Public Roadway (Rest Areas, Shopping Center - anything open to public)","16BN02604","Bennington PD.","9","999.99","None/Other","Day","Bank Drive Thru","None","None","","VT0020100","Other - Explain in Narrative","None","500 Main Street","Dry","0000","42.87837126009156,-73.19470709343545"
"718297","","April 22, 2016, 9:44 AM","Bennington","Northside Drive","VT-7A","Property Damage Only","Rear End","Clear","State Highway numbered route, State owned","16BN02613","Bennington PD.","10","0.1","None/Other","Day","Kocher","None","None","","VT0020100","Four-way Intersection","None","Northside Drive","Dry","0071","42.89451255202211,-73.20199058137459"
"724579","","April 22, 2016, 12:48 PM","Bennington","North Street","US-7","Property Damage Only","Rear End","Clear","State Highway numbered route, Class 1 TH","16BN02617","Bennington PD.","11","3.38","None/Other","Day","County Street","None","None","","VT0020100","Not at a Junction","None","North Street","Dry","0070","42.88434139451663,-73.19686318278254"
"739983","","April 22, 2016, 2:09 PM","Bennington","215 North Street","Unknown","Property Damage Only","Other - Explain in Narrative","Clear","Other Public Roadway (Rest Areas, Shopping Center - anything open to public)","16BN02620","Bennington PD.","9","999.99","None/Other","Day","Goodwill Parking Lot","None","None","","VT0020100","Parking Lot","None","215 North Street","Dry","0000","42.88255024353627,-73.19632482145883"
"729679","","April 24, 2016, 3:26 AM","Bennington","Mechanic Street","MECHANIC ST.","Injury","Single Vehicle Crash","Rain","Federal Aid Urban System (Class 2 TH's and 3 TH's only)","16BN02665","Bennington PD.","2","0.7","None/Other","Night","Matteson Road","None","None","","VT0020100","T - Intersection","None","Mechanic Street","Dry","U1204","42.92623989771347,-73.22751091359028"
"739681","","April 24, 2016, 2:02 PM","Bennington","217 Northside Drive","Unknown","Property Damage Only","Other - Explain in Narrative","Clear","Other Public Roadway (Rest Areas, Shopping Center - anything open to public)","16BN02668","Bennington PD.","9","999.99","None/Other","Day","Bennington Lanes Parking Lot","None","None","","VT0020100","Parking Lot","None","217 Northside Drive","Dry","0000","42.90053059528929,-73.21185713302782"
"739779","","April 25, 2016, 11:42 AM","Bennington","982 Mansion Drive","Unknown","Injury","Single Vehicle Crash","Clear","Street or Town Highways in FA Urban Area","16BN02681","Bennington PD.","5","999.99","None/Other","Day","Southern Vermont College","None","None","","VT0020100","Not at a Junction","None","982 Mansion Drive","Dry","0000","42.867714612500535,-73.21824748666006"
"724460","","April 26, 2016, 1:32 PM","Bennington","Kocher Drive","KOCHER DR.","Property Damage Only","No Turns, Thru moves only, Broadside ^<","Rain","Federal Aid Urban System (Class 2 TH's and 3 TH's only)","16BN02709","Bennington PD.","2","0.11","None/Other","Day","Bennington Square","None","None","","VT0020100","T - Intersection","None","Kocher Drive","Wet","U1050","42.8941427442885,-73.19793625755051"
"740672","","April 26, 2016, 3:01 PM","Bennington","215 North Street","Unknown","Property Damage Only","Other - Explain in Narrative","Clear","Other Public Roadway (Rest Areas, Shopping Center - anything open to public)","16BN02710","Bennington PD.","9","999.99","None/Other","Day","","None","None","","VT0020100","Parking Lot","None","215 North Street","Dry","0000","42.88225364625426,-73.19624804103745"
"739870","","April 27, 2016, 4:19 PM","Bennington","2 Blackberry Lane","Unknown","Property Damage Only","No Turns, Thru moves only, Broadside ^<","Clear","Other Public Roadway (Rest Areas, Shopping Center - anything open to public)","16BN02733","Bennington PD.","9","999.99","None/Other","Day","Bennington Health & Rehab","None","None","","VT0020100","Parking Lot","None","2 Blackberry Lane","Dry","0000","42.86979335984307,-73.20386707302302"
"739722","","April 27, 2016, 4:52 PM","Bennington","100 Main Street, N. Bennington, VT","BANK ST","Property Damage Only","Same Direction Sideswipe","Clear","Other Public Roadway (Rest Areas, Shopping Center - anything open to public)","16BN02736","Bennington PD.","9","999.99","None/Other","Day","Prospect Street","None","None","","VT0020100","Parking Lot","None","100 Main Street, N. Bennington, VT","Dry","0000","42.93028296495492,-73.24284993317742"
"739792","","April 28, 2016, 12:59 PM","Bennington","1 Monument Circle","MONUMENT CIR","Property Damage Only","Single Vehicle Crash","Cloudy","Other Public Roadway (Rest Areas, Shopping Center - anything open to public)","16BN02757","Bennington PD.","9","999.99","None/Other","Day","The Barn Parking Lot","None","None","","VT0020100","Parking Lot","None","1 Monument Circle","Dry","0000","42.88877431568211,-73.21470899131083"
"723372","","April 29, 2016, 1:04 PM","Bennington","South Street","US-7","Property Damage Only","Rear End","Clear","State Highway numbered route, Class 1 TH","16BN02787","Bennington PD.","11","2.87","None/Other","Day","Union Street","None","None","","VT0020100","Not at a Junction","None","South Street","Dry","0070","42.876953540017446,-73.1971978364151"
"723478","","April 29, 2016, 3:41 PM","Bennington","Water Street","VT-67","Property Damage Only","Left Turn and Thru, Angle Broadside -->v--","Clear","State Highway numbered route, Class 1 TH","16BN02794","Bennington PD.","11","0.44","None/Other","Day","Paulins - North Bennington","None","None","","VT0020100","Four-way Intersection","None","Water Street","Dry","0670","42.93038482073527,-73.24288639609252"
"739720","","April 29, 2016, 4:17 PM","Bennington","Hannaford Square","Unknown","Property Damage Only","Same Direction Sideswipe","Clear","Other Public Roadway (Rest Areas, Shopping Center - anything open to public)","16BN02795","Bennington PD.","9","999.99","None/Other","Day","Hannaford Parking Lot","None","None","","VT0020100","Parking Lot","None","Hannaford Square","Dry","0000","42.90689801379665,-73.22143303916889"
"739872","","April 29, 2016, 9:23 PM","Bennington","183 Silk Road","TOWN ROAD 0026","Injury","Single Vehicle Crash","Clear","City, Village or Urban Compact Street not in FA Urban Area (Class 2 and 3 Non-Federal Aid)","16BN02806","Bennington PD.","6","999.99","None/Other","Night","Fairview Street","Alcohol","None","","VT0020100","Not at a Junction","None","183 Silk Road","Wet","T0026","42.895147501289294,-73.22618114022372"
"740678","","April 30, 2016, 1:25 PM","Bennington","River Street","RIVER ST","Property Damage Only","No Turns, Thru moves only, Broadside ^<","Clear","Street or Town Highways in FA Urban Area","16BN02820","Bennington PD.","5","999.99","None/Other","Day","Carpet Warehouse","None","None","","VT0020100","Not at a Junction","None","River Street","Dry","0000","42.882057242544995,-73.19745766762094"
"740085","","April 30, 2016, 8:19 PM","Bennington","210 Northside Drive","Unknown","Property Damage Only","Other - Explain in Narrative","Clear","Other Public Roadway (Rest Areas, Shopping Center - anything open to public)","16BN02830","Bennington PD.","9","999.99","None/Other","Night","Parking Lot","None","None","","VT0020100","Parking Lot","None","210 Northside Drive","Dry","0000","42.89847652965313,-73.21067032274179"
"724264","","May 1, 2016, 9:08 PM","Bennington","North Street","US-7","Injury","Rear End","Cloudy","State Highway numbered route, Class 1 TH","16BN02847","Bennington PD.","11","3.52","None/Other","Night","Bennington State Office Complex","None","None","","VT0020100","Not at a Junction","None","North Street","Dry","0070","42.88569370316678,-73.1982127066356"
"724095","","May 2, 2016, 2:40 PM","Bennington","County Street","COUNTY RD.","Property Damage Only","Rear End","Rain","Federal Aid Urban System (Class 2 TH's and 3 TH's only)","16BN02859","Bennington PD.","2","0","None/Other","Day","Benmont Avenue","None","None","","VT0020100","Not at a Junction","None","County Street","Wet","U1012","42.884516866796645,-73.2019292824666"
"740089","","May 4, 2016, 8:50 AM","Bennington","111 Northside Drive","TH 62","Property Damage Only","Other - Explain in Narrative","Clear","Other Public Roadway (Rest Areas, Shopping Center - anything open to public)","16BN02892","Bennington PD.","9","999.99","None/Other","Day","Cumberland Farms Lot","None","None","","VT0020100","Parking Lot","None","111 Northside Drive","Dry","0000","42.89614898613883,-73.20420348927588"
"724131","","May 6, 2016, 6:54 AM","Bennington","968 Route 7","US-7","Injury","Single Vehicle Crash","Clear","State Highway numbered route, State owned","16BN02938","Bennington PD.","10","1.18","None/Other","Night","","None","None","","VT0020100","Not at a Junction","None","968 Route 7","Dry","0070","42.854080844019926,-73.20384688099186"
"724433","","May 6, 2016, 3:33 PM","Bennington","East Road","EAST RD.","Property Damage Only","Rear End","Clear","Federal Aid Urban System (Class 2 TH's and 3 TH's only)","16BN02947","Bennington PD.","2","0.08","None/Other","Day","","None","None","","VT0020100","Not at a Junction","None","East Road","Dry","U1021","42.894971270373034,-73.19329525200807"
"729418","","May 6, 2016, 10:39 PM","Bennington","RT 279 West","VT-279","Property Damage Only","Single Vehicle Crash","Rain","State Highway numbered route, State owned","16BN02966","Bennington PD.","10","3.55","None/Other","Night","North Bennington Exit","None","None","","VT0020100","Not at a Junction","Road Surface Condition(wet, icy, snow, slush, etc)","RT 279 West","Wet","2790","42.90555364974601,-73.21178952606871"
"740358","","May 8, 2016, 10:53 AM","Bennington","210 Northside Drive","Unknown","Property Damage Only","Right Turn and Thru, Broadside ^<--","Clear","Other Public Roadway (Rest Areas, Shopping Center - anything open to public)","16BN02992","Bennington PD.","9","999.99","None/Other","Day","Walmart","None","None","","VT0020100","Parking Lot","None","210 Northside Drive","Dry","0000","42.89923499249908,-73.21029946474549"
"717877","","May 8, 2016, 3:42 PM","Bennington","344 North Street","US-7","Property Damage Only","Rear End","Clear","State Highway numbered route, Class 1 TH","16BN02993","Bennington PD.","11","3.67","None/Other","Day","Tasty Freez","None","None","","VT0020100","Not at a Junction","None","344 North Street","Dry","0070","42.887294471868366,-73.20000997200543"
"739973","","May 8, 2016, 9:21 PM","Bennington","Northside Drive","Unknown","Property Damage Only","Other - Explain in Narrative","Clear","Other Public Roadway (Rest Areas, Shopping Center - anything open to public)","16BN02998","Bennington PD.","9","999.99","None/Other","Night","McDonald's Restaurant Drive Thru","None","None","","VT0020100","Parking Lot","None","Northside Drive","Dry","0000","42.895260679732466,-73.20519733761684"
"740524","","May 10, 2016, 1:21 PM","Bennington","110 Northside Drive","NORTHSIDE DR","Property Damage Only","Other - Explain in Narrative","Clear","Other Public Roadway (Rest Areas, Shopping Center - anything open to public)","16BN03038","Bennington PD.","9","999.99","None/Other","Day","Shell Station","None","None","","VT0020100","Parking Lot","None","110 Northside Drive","Dry","0000","42.89567259521945,-73.20408787737814"
"740137","","May 10, 2016, 6:09 PM","Bennington","982 Mansion Drive","MANSION DR","Property Damage Only","Rear-to-rear","Clear","Other Public Roadway (Rest Areas, Shopping Center - anything open to public)","16BN03045","Bennington PD.","9","999.99","None/Other","Day","Parking Lot","None","None","","VT0020100","Parking Lot","None","982 Mansion Drive","Dry","0000","42.86694765814552,-73.21853230083025"
"721561","","May 11, 2016, 12:04 PM","Bennington","Elm Street","ELM ST.","Property Damage Only","Other - Explain in Narrative","Clear","Federal Aid Urban System (Class 2 TH's and 3 TH's only)","16BN03060","Bennington PD.","2","0.6","None/Other","Day","South Street","None","None","","VT0020100","Not at a Junction","None","Elm Street","Dry","U1022","42.87678655792531,-73.19834597159819"
"725146","","May 11, 2016, 1:56 PM","Bennington","Union Street","UNION ST.","Property Damage Only","Other - Explain in Narrative","Clear","Federal Aid Urban System (Class 2 TH's and 3 TH's only)","16BN03062","Bennington PD.","2","0.43","None/Other","Day","Hamlin Avenue","None","None","","VT0020100","Y - Intersection","None","Union Street","Dry","U1052","42.8768352932285,-73.18906374750775"
"725755","","May 12, 2016, 8:18 PM","Bennington","315 Main Street","VT-9","Property Damage Only","Rear End","Clear","State Highway numbered route, Class 1 TH","16BN03117","Bennington PD.","11","4.4","None/Other","Night","North South Street","None","None","","VT0020100","Four-way Intersection","None","315 Main Street","Dry","0090","42.87835726263376,-73.19707979200608"
"725888","","May 13, 2016, 3:43 PM","Bennington","US Route 7 S","US-7","Property Damage Only","Single Vehicle Crash","Rain","State Highway numbered route, State owned","16BN03140","Bennington PD.","10","1.07","None/Other","Day","Carpenter Hill Road","None","None","","VT0020100","Not at a Junction","Road Surface Condition(wet, icy, snow, slush, etc)","US Route 7 S","Wet","0070","42.85252432096445,-73.20415889978877"
"740224","","May 14, 2016, 5:15 PM","Bennington","982 Mansion Drive","Unknown","Property Damage Only","Same Direction Sideswipe","Clear","Other Public Roadway (Rest Areas, Shopping Center - anything open to public)","16BN03167","Bennington PD.","9","999.99","None/Other","Day","","None","None","","VT0020100","Parking Lot","None","982 Mansion Drive","Dry","0000","42.871343673515454,-73.21516871516904"
"740084","","May 15, 2016, 5:54 PM","Bennington","10 Kocher Drive","Unknown","Property Damage Only","No Turns, Thru moves only, Broadside ^<","","Other Public Roadway (Rest Areas, Shopping Center - anything open to public)","16BN03182","Bennington PD.","9","999.99","None/Other","Day","Aldi's Parking Lot","None","None","","VT0020100","Parking Lot","None","10 Kocher Drive","Wet","0000","42.89503968446688,-73.20160752505981"
"717969","","May 16, 2016, 2:52 PM","Bennington","Depot Street","DEPOT ST.","Property Damage Only","No Turns, Thru moves only, Broadside ^<","Clear","Federal Aid Urban System (Class 2 TH's and 3 TH's only)","16BN03197","Bennington PD.","2","0.08","None/Other","Day","TJ's Fish Fry","None","None","","VT0020100","Not at a Junction","None","Depot Street","Dry","U1018","42.88048779912546,-73.19875195690261"
"740113","","May 17, 2016, 4:46 PM","Bennington","179 Morgan Street MHP","IMPERIAL AVE","Injury","Single Vehicle Crash","Clear","Street or Town Highways in FA Urban Area","16BN03224","Bennington PD.","5","999.99","None/Other","Day","Imperial Avenue","None","None","","VT0020100","Not at a Junction","None","179 Morgan Street MHP","Dry","0000","42.87535966314697,-73.19005081355441"
"740268","","May 20, 2016, 1:45 PM","Bennington","111 Northside Drive","Unknown","Property Damage Only","Same Direction Sideswipe","Clear","Other Public Roadway (Rest Areas, Shopping Center - anything open to public)","16BN03308","Bennington PD.","9","999.99","None/Other","Day","Cumberland Farms","None","None","","VT0020100","Parking Lot","None","111 Northside Drive","Dry","0000","42.89625557057579,-73.20443732986793"
"724148","","May 26, 2016, 7:02 PM","Bennington","129 Benmont Avenue","BENMONT AVE.","Injury","Single Vehicle Crash","Clear","Federal Aid Urban System (Class 2 TH's and 3 TH's only)","16BN03454","Bennington PD.","2","0.13","None/Other","Day","River Street","None","Bicycle","","VT0020100","Not at a Junction","None","129 Benmont Avenue","Dry","U1006","42.882504435677596,-73.20201668266854"
"740264","","May 26, 2016, 10:46 PM","Bennington","863 Coleville Road","TOWN ROAD 0056","Injury","Single Vehicle Crash","Clear","City, Village or Urban Compact Street not in FA Urban Area (Class 2 and 3 Non-Federal Aid)","16BN03464","Bennington PD.","6","999.99","None/Other","Night","Andrian Drive","None","None","","VT0020100","Not at a Junction","None","863 Coleville Road","Dry","T0056","42.8446005755561,-73.16405499296388"
"718316","","May 27, 2016, 3:30 PM","Bennington","200 Elm Street","ELM ST.","Property Damage Only","No Turns, Thru moves only, Broadside ^<","Cloudy","Federal Aid Urban System (Class 2 TH's and 3 TH's only)","16BN03477","Bennington PD.","2","0.35","None/Other","Day","Dewey Street","None","None","","VT0020100","Four-way Intersection","None","200 Elm Street","Wet","U1022","42.87747148110702,-73.20310945159082"
"721618","","May 27, 2016, 7:57 PM","Bennington","233 Union Street","UNION ST.","Property Damage Only","Rear-to-rear","Clear","Federal Aid Urban System (Class 2 TH's and 3 TH's only)","16BN03488","Bennington PD.","2","0.32","None/Other","Day","Short Street","None","None","","VT0020100","Not at a Junction","None","233 Union Street","Dry","U1052","42.87694474609724,-73.19110434673426"
"740335","","May 28, 2016, 12:55 PM","Bennington","Municipal Parking Lot","Unknown","Property Damage Only","Rear End","Clear","Other Public Roadway (Rest Areas, Shopping Center - anything open to public)","16BN03503","Bennington PD.","9","999.99","None/Other","Day","Green Mountain Express","None","None","","VT0020100","Parking Lot","None","Municipal Parking Lot","Dry","0000","42.879030250140836,-73.19339655969891"
"740427","","May 29, 2016, 2:20 AM","Bennington","505 Gore Road","TOWN ROAD 0054","Injury","Single Vehicle Crash","Cloudy","City, Village or Urban Compact Street not in FA Urban Area (Class 2 and 3 Non-Federal Aid)","16BN03523","Bennington PD.","6","999.99","None/Other","Night","","None","None","","VT0020100","Not at a Junction","None","505 Gore Road","Dry","T0054","42.86745521418591,-73.16893808622572"
"740923","","May 29, 2016, 1:52 PM","Bennington","121 North Bennington Road","Unknown","Property Damage Only","Right Turn and Thru, Broadside ^<--","Clear","Other Public Roadway (Rest Areas, Shopping Center - anything open to public)","16BN03535","Bennington PD.","9","999.99","None/Other","Day","Home Depot Parking Lot","None","None","","VT0020100","Parking Lot","None","121 North Bennington Road","Dry","0000","42.90836069853391,-73.21930705482045"
"741262","","May 29, 2016, 5:51 PM","Bennington","112 Albe Drive","ALBE DR","Property Damage Only","Other - Explain in Narrative","Cloudy","Private Property (Driveways)","16BN03544","Bennington PD.","8","999.99","None/Other","Day","","Alcohol","None","","VT0020100","Driveway","None","112 Albe Drive","Dry","0000","42.88121011580357,-73.15808237105263"
"729975","","May 30, 2016, 11:29 AM","Bennington","569 North Branch Street","BROOKLYN DR.","Property Damage Only","Rear-to-rear","Clear","Federal Aid Urban System (Class 2 TH's and 3 TH's only)","16BN03556","Bennington PD.","2","0.58","None/Other","Day","","None","None","","VT0020100","Not at a Junction","None","569 North Branch Street","Dry","U1009","42.89086814474823,-73.18250761451722"
"721509","","May 31, 2016, 7:16 PM","Bennington","815 Main Street","VT-9","Property Damage Only","Left Turn and Thru, Same Direction Sideswipe/Angle Crash vv--","Clear","State Highway numbered route, Class 1 TH","16BN03591","Bennington PD.","11","5.17","None/Other","Day","","None","None","","VT0020100","T - Intersection","None","815 Main Street","Dry","0090","42.879361496825005,-73.18192681484534"
"740495","","May 31, 2016, 7:20 PM","Bennington","223 Elm Street","ELM ST","Property Damage Only","Other - Explain in Narrative","Clear","Other Public Roadway (Rest Areas, Shopping Center - anything open to public)","16BN03592","Bennington PD.","9","999.99","None/Other","Day","Paddock Place","None","None","","VT0020100","Parking Lot","None","223 Elm Street","Dry","0000","42.87737760376724,-73.201652182203"
"725356","","June 4, 2016, 12:33 PM","Bennington","Northside Drive","VT-7A","Property Damage Only","Left Turn and Thru, Broadside v<--","Clear","State Highway numbered route, State owned","16BN03708","Bennington PD.","10","0.31","None/Other","Day","Advanced Auto","None","None","","VT0020100","Not at a Junction","None","Northside Drive","Dry","0071","42.89642072866533,-73.20515845240027"