"ObjectID","Mapped","Crash Date","City/Town","Address","AOT Route","Crash Type","Collision Direction","Weather","Road Group","Report Number","Reporting Agency","Road Group ID","AOT Actual Milepoint","Animal","Time of Day","Intersection With","Impairment","Involving","Non Reportable Address","Reporting Agency ID","Road Characteristics","Road Condition","Street Address","Surface Condition","AOT Route ID","Coordinates"
"725198","","June 4, 2016, 1:41 PM","Bennington","153 Northside Drive","VT-7A","Property Damage Only","Rear End","Clear","State Highway numbered route, State owned","16BN03709","Bennington PD.","10","0.5","None/Other","Day","","None","None","","VT0020100","Not at a Junction","Work zone (construction / maintenance / utility)","153 Northside Drive","Dry","0071","42.89821544608361,-73.2079574984581"
"725041","","June 5, 2016, 2:48 AM","Bennington","951 North Bennington Road","VT-67A","Property Damage Only","Single Vehicle Crash","Clear","State Highway numbered route, State owned","16BN03725","Bennington PD.","10","0.95","None/Other","Night","","None","None","","VT0020100","Not at a Junction","None","951 North Bennington Road","Dry","0671","42.9116131878408,-73.22316061559084"
"741225","","June 5, 2016, 9:40 PM","Bennington","210 Northside Drive","Unknown","Property Damage Only","Other - Explain in Narrative","Cloudy","Other Public Roadway (Rest Areas, Shopping Center - anything open to public)","16BN03740","Bennington PD.","9","999.99","None/Other","Night","Parking Lot","None","None","","VT0020100","Unknown","None","210 Northside Drive","Dry","0000","42.89863789094863,-73.2122271684695"
"729694","","June 6, 2016, 8:39 AM","Bennington","Monument Avenue","MONUMENT ROAD","Injury","Single Vehicle Crash","Clear","Federal Aid Urban System (Class 2 TH's and 3 TH's only)","16BN03748","Bennington PD.","2","0.01","None/Other","Day","Carpenter Hill Road","None","Pedestrian","","VT0020100","T - Intersection","None","Monument Avenue","Dry","U1034","42.85274924947528,-73.20439950561438"
"740429","","June 6, 2016, 6:09 PM","Bennington","214 Northside Drive","Unknown","Property Damage Only","Other - Explain in Narrative","Clear","Other Public Roadway (Rest Areas, Shopping Center - anything open to public)","16BN03757","Bennington PD.","9","999.99","None/Other","Day","Price Chopper Parking Lot","None","None","","VT0020100","Parking Lot","None","214 Northside Drive","Dry","0000","42.89902159298086,-73.21277032575325"
"740283","","June 6, 2016, 6:17 PM","Bennington","10 Kocher Drive","Unknown","Property Damage Only","Opp Direction Sideswipe","Clear","Other Public Roadway (Rest Areas, Shopping Center - anything open to public)","16BN03758","Bennington PD.","9","999.99","None/Other","Day","Aldi Supermarket","None","None","","VT0020100","Parking Lot","None","10 Kocher Drive","Dry","0000","42.895268916596294,-73.20092449502579"
"718274","","June 7, 2016, 2:52 PM","Bennington","VT Route 279 East","VT-279","Property Damage Only","Left Turn and Thru, Angle Broadside -->v--","Clear","State Highway numbered route, State owned","16BN03782","Bennington PD.","10","4.56","Deer","Day","East Road Overpass","None","None","","VT0020100","Not at a Junction","None","VT Route 279 East","Dry","2790","42.90177880067664,-73.18835255194661"
"730030","","June 7, 2016, 6:41 PM","Bennington","1000 North Bennington  Road","VT-67A","Injury","Rear End","Cloudy","State Highway numbered route, State owned","16BN03793","Bennington PD.","10","1.06","None/Other","Day","Silk Road","None","None","","VT0020100","Four-way Intersection","None","1000 North Bennington  Road","Wet","0671","42.91225720117274,-73.22513943063265"
"740726","","June 7, 2016, 6:41 PM","Bennington","108 River Street","RIVER ST","Property Damage Only","Other - Explain in Narrative","Clear","Street or Town Highways in FA Urban Area","16BN03760","Bennington PD.","5","999.99","None/Other","Day","108 River Street","None","None","","VT0020100","Not at a Junction","None","108 River Street","Dry","0000","42.88212415204224,-73.20124081980583"
"724684","","June 8, 2016, 2:36 PM","Bennington","155 Main Street","VT-9","Property Damage Only","Same Direction Sideswipe","Cloudy","State Highway numbered route, Class 1 TH","16BN03816","Bennington PD.","11","4.04","None/Other","Day","Benmont Avenue","None","None","","VT0020100","Not at a Junction","None","155 Main Street","Dry","0090","42.88093567388439,-73.20306889886608"
"725058","","June 9, 2016, 12:36 PM","Bennington","Vermont Route 7","US-7","Property Damage Only","Single Vehicle Crash","Clear","Ramp or Spur","16BN03834","Bennington PD.","7","0.33","None/Other","Day","Exit 2 - Rock Cut","None","None","","VT0020100","Not at a Junction","Work zone (construction / maintenance / utility)","Vermont Route 7","Dry","0070","42.922081656177745,-73.20331085747858"
"922976","","June 12, 2016, 3:05 PM","Bennington","Northside Drive","Unknown","Property Damage Only","Right Turn and Thru, Same Direction Sideswipe/Angle Crash ^^--","Clear","Other Public Roadway (Rest Areas, Shopping Center - anything open to public)","16BN03930","Bennington PD.","9","999.99","None/Other","Day","Bond Auto Parking Lot","None","None","","VT0020100","Parking Lot","None","Northside Drive","Wet","0000","42.90005380484039,-73.21035784125357"
"722337","","June 12, 2016, 3:09 PM","Bennington","500 Main Street","VT-9","Property Damage Only","Same Direction Sideswipe","Clear","State Highway numbered route, Class 1 TH","16BN03931","Bennington PD.","11","4.51","None/Other","Day","Lucky Dragon","None","None","","VT0020100","Not at a Junction","None","500 Main Street","Dry","0090","42.878137197028444,-73.19477818671182"
"923120","","June 13, 2016, 12:50 PM","Bennington","120 Depot Street","Unknown","Property Damage Only","Other - Explain in Narrative","Cloudy","Other Public Roadway (Rest Areas, Shopping Center - anything open to public)","16BN03948","Bennington PD.","9","999.99","None/Other","Day","","None","None","","VT0020100","Parking Lot","None","120 Depot Street","Dry","0000","42.88021178990715,-73.19894244890368"
"722423","","June 13, 2016, 11:40 PM","Bennington","321 Depot Street","DEPOT ST.","Injury","Head On","Rain","Federal Aid Urban System (Class 2 TH's and 3 TH's only)","16BN03962","Bennington PD.","2","0.32","None/Other","Night","County Street","None","None","","VT0020100","Not at a Junction","None","321 Depot Street","Wet","U1018","42.88387686864987,-73.19861050752951"
"722656","","June 14, 2016, 12:20 PM","Bennington","222 Depot Street","DEPOT ST.","Property Damage Only","Rear End","Clear","Federal Aid Urban System (Class 2 TH's and 3 TH's only)","16BN03965","Bennington PD.","2","0.25","None/Other","Day","River Street","None","None","","VT0020100","Not at a Junction","None","222 Depot Street","Dry","U1018","42.88288879887456,-73.19866987392899"
"722290","","June 14, 2016, 5:23 PM","Bennington","700 Main Street","VT-9","Injury","No Turns, Thru moves only, Broadside ^<","","State Highway numbered route, Class 1 TH","16BN03969","Bennington PD.","11","4.83","None/Other","Day","Pleasant Street","None","None","","VT0020100","T - Intersection","None","700 Main Street","Dry","0090","42.87842183050062,-73.18863005949369"
"923550","","June 16, 2016, 8:01 AM","Bennington","140 Scott Street","SCOTT ST","Property Damage Only","Single Vehicle Crash","Clear","Street or Town Highways in FA Urban Area","16BN04007","Bennington PD.","5","999.99","None/Other","Day","Division Street","None","Heavy Truck","","VT0020100","T - Intersection","None","140 Scott Street","Dry","0000","42.88012602305303,-73.18933278425169"
"922645","","June 16, 2016, 7:24 PM","Bennington","38 Willowbrook Drive","Unknown","Property Damage Only","Other - Explain in Narrative","Clear","Other Public Roadway (Rest Areas, Shopping Center - anything open to public)","16BN04027","Bennington PD.","9","999.99","None/Other","Day","Apt. 38","None","None","","VT0020100","Parking Lot","None","38 Willowbrook Drive","Dry","0000","42.899230022694965,-73.20527930464843"
"722125","","June 16, 2016, 7:41 PM","Bennington","MAIN STREET","VT-67A","Injury","Right Turn and Thru, Broadside ^<--","Clear","State Highway numbered route, Class 1 TH","16BN04028","Bennington PD.","11","3.27","None/Other","Day","Sage Street - North Bennington","None","Bicycle","","VT0020100","Y - Intersection","None","MAIN STREET","Dry","0671","42.92924035991573,-73.24242635738248"
"722430","","June 17, 2016, 10:06 AM","Bennington","North Street","US-7","Property Damage Only","Rear End","Clear","State Highway numbered route, Class 1 TH","16BN04042","Bennington PD.","11","3.19","None/Other","Day","Gage Street","None","None","","VT0020100","Not at a Junction","None","North Street","Dry","0070","42.88158527532625,-73.19698663020887"
"944311","","June 17, 2016, 10:03 PM","Bennington","US Route 9","Unknown","Property Damage Only","Opp Direction Sideswipe","Cloudy","Other Public Roadway (Rest Areas, Shopping Center - anything open to public)","16BN04058","Bennington PD.","9","999.99","None/Other","Night","Martins Mobile Parking Lot","None","None","","VT0020100","Parking Lot","None","US Route 9","Dry","0000",""
"722514","","June 18, 2016, 10:34 AM","Bennington","306 Silver Street","SILVER ST.","Property Damage Only","No Turns, Thru moves only, Broadside ^<","Clear","Federal Aid Urban System (Class 2 TH's and 3 TH's only)","16BN04069","Bennington PD.","2","0.16","None/Other","Day","Silver Street","None","None","","VT0020100","Not at a Junction","None","306 Silver Street","Dry","U1048","42.87472456515763,-73.1943847490814"
"719398","","June 19, 2016, 8:57 AM","Bennington","Northside Drive","VT-7A","Property Damage Only","Rear End","Clear","State Highway numbered route, State owned","16BN04084","Bennington PD.","10","0.62","None/Other","Day","Emma Street","None","None","","VT0020100","Four-way Intersection","None","Northside Drive","Dry","0071","42.899376572331995,-73.20966158967695"
"719454","","June 19, 2016, 10:16 AM","Bennington","Northside Drive","VT-7A","Property Damage Only","Rear End","Clear","State Highway numbered route, State owned","16BN04085","Bennington PD.","10","0.62","None/Other","Day","Emma Street","None","None","","VT0020100","Four-way Intersection","None","Northside Drive","Dry","0071","42.899376572331995,-73.20966158967695"
"722445","","June 19, 2016, 11:07 AM","Bennington","US Route 7","US-7","Property Damage Only","Same Direction Sideswipe","Clear","State Highway numbered route, State owned","16BN04088","Bennington PD.","10","4.15","None/Other","Day","Kocher Drive","None","None","","VT0020100","Four-way Intersection","None","US Route 7","Dry","0070","42.894240344343764,-73.19997243291877"
"727802","","June 20, 2016, 2:58 AM","Bennington","North Street","US-7","Property Damage Only","Single Vehicle Crash","Clear","State Highway numbered route, State owned","16BN04114","Bennington PD.","10","4.05","None/Other","Night","Kocher Drive","None","None","","VT0020100","Not at a Junction","None","North Street","Dry","0070","42.89282218975892,-73.20024069508352"
"943985","","June 20, 2016, 1:02 PM","Bennington","100 Hospital Drive","Unknown","Property Damage Only","Other - Explain in Narrative","Clear","Other Public Roadway (Rest Areas, Shopping Center - anything open to public)","16BN04121","Bennington PD.","9","999.99","None/Other","Day","","None","None","","VT0020100","Parking Lot","None","100 Hospital Drive","Dry","0000",""
"722114","","June 20, 2016, 5:10 PM","Bennington","751 North Bennington Road","VT-67A","Injury","Left Turn and Thru, Broadside v<--","Clear","State Highway numbered route, State owned","16BN04129","Bennington PD.","10","0.76","None/Other","Day","Carbone Auto","None","None","","VT0020100","Driveway","None","751 North Bennington Road","Dry","0671","42.90918647779455,-73.22124842378555"
"725130","","June 22, 2016, 10:10 AM","Bennington","Morgan Street","VT-9","Property Damage Only","Single Vehicle Crash","Clear","State Highway numbered route, Class 1 TH","16BN04170","Bennington PD.","11","4.93","None/Other","Day","Main Street","None","Pedestrian","","VT0020100","T - Intersection","None","Morgan Street","Dry","0090","42.87878742731537,-73.18681901756025"
"723287","","June 22, 2016, 12:03 PM","Bennington","South Street","US-7","Property Damage Only","Left Turn and Thru, Same Direction Sideswipe/Angle Crash vv--","Rain","State Highway numbered route, Class 1 TH","16BN04172","Bennington PD.","11","2.47","None/Other","Day","Crescent Blvd.","None","None","","VT0020100","Four-way Intersection","None","South Street","Wet","0070","42.87132119922327,-73.19602955563185"
"729431","","June 22, 2016, 7:05 PM","Bennington","225 Northside Drive","VT-7A","Injury","Right Turn and Thru, Broadside ^<--","Clear","State Highway numbered route, State owned","16BN04182","Bennington PD.","10","0.75","None/Other","Day","Harwood HIll Road","None","Bicycle","","VT0020100","Y - Intersection","None","225 Northside Drive","Dry","0071","42.90057531502753,-73.21156800768618"
"723274","","June 23, 2016, 11:01 AM","Bennington","Elm Street","ELM ST.","Property Damage Only","No Turns, Thru moves only, Broadside ^<","Clear","Federal Aid Urban System (Class 2 TH's and 3 TH's only)","16BN04194","Bennington PD.","2","0.5","None/Other","Day","Washington Avenue","None","None","","VT0020100","Four-way Intersection","None","Elm Street","Dry","U1022","42.87711573914774,-73.20025067864897"
"731179","","June 23, 2016, 2:52 PM","Bennington","US Route 7 N","US-7","Property Damage Only","Single Vehicle Crash","Clear","State Highway numbered route, State owned","16BN04200","Bennington PD.","10","5.75","Deer","Day","Houghton Lane Overpass","None","None","","VT0020100","Not at a Junction","None","US Route 7 N","Dry","0070","42.91427035372937,-73.20830971714558"
"943492","","June 23, 2016, 3:12 PM","Bennington","214 Northside Drive","Unknown","Property Damage Only","Same Direction Sideswipe","Clear","Other Public Roadway (Rest Areas, Shopping Center - anything open to public)","16BN04201","Bennington PD.","9","999.99","None/Other","Day","Petco Parking Lot","None","None","","VT0020100","Parking Lot","None","214 Northside Drive","Dry","0000",""
"722301","","June 24, 2016, 11:19 AM","Bennington","500 Main Street","VT-9","Property Damage Only","Other - Explain in Narrative","Clear","State Highway numbered route, Class 1 TH","16BN04213","Bennington PD.","11","4.51","None/Other","Day","","None","None","","VT0020100","Not at a Junction","None","500 Main Street","Dry","0090","42.878137197028444,-73.19477818671182"
"722726","","June 24, 2016, 12:12 PM","Bennington","US Route 7 S","US-7","Property Damage Only","Other - Explain in Narrative","Clear","State Highway numbered route, Class 1 TH","16BN04215","Bennington PD.","11","3.77","None/Other","Day","Veterans Memorial Drive","None","None","","VT0020100","Not at a Junction","None","US Route 7 S","Dry","0070","42.888729486421205,-73.20018175806045"
"719506","","June 24, 2016, 4:27 PM","Bennington","2196 Harwood HIll","VT-7A","Property Damage Only","Rear End","Clear","State Highway numbered route, State owned","16BN04221","Bennington PD.","10","2.98","None/Other","Day","Town Line Road","None","None","","VT0020100","Not at a Junction","None","2196 Harwood HIll","Dry","0071","42.931928502608784,-73.21004731523988"
"722136","","June 24, 2016, 7:31 PM","Bennington","302 Silver Street","SCHOOL ST.","Property Damage Only","No Turns, Thru moves only, Broadside ^<","Clear","Federal Aid Urban System (Class 2 TH's and 3 TH's only)","16BN04226","Bennington PD.","2","0.17","None/Other","Day","Grandview Drive","None","None","","VT0020100","Four-way Intersection","None","302 Silver Street","Dry","U1046","42.88054514297938,-73.19488553283952"
"730943","","June 26, 2016, 1:31 PM","Bennington","Benmont Avenue","BENMONT AVE.","Property Damage Only","Same Direction Sideswipe","Clear","Federal Aid Urban System (Class 2 TH's and 3 TH's only)","16BN04259","Bennington PD.","2","0.21","None/Other","Day","Holden Street","None","None","","VT0020100","Not at a Junction","None","Benmont Avenue","Dry","U1006","42.88368071471833,-73.2019587961746"
"722519","","June 26, 2016, 5:13 PM","Bennington","3347 West Road","VT-9","Injury","Single Vehicle Crash","Clear","State Highway numbered route, State owned","16BN04260","Bennington PD.","10","0.1","None/Other","Day","NY State Line","None","None","","VT0020100","Not at a Junction","None","3347 West Road","Dry","0090","42.87335115348243,-73.27530223727614"
"722069","","June 26, 2016, 11:26 PM","Bennington","1968 Route 7 South","US-7","Property Damage Only","Left Turn and Thru, Angle Broadside -->v--","Clear","State Highway numbered route, State owned","16BN04269","Bennington PD.","10","0.19","None/Other","Night","","None","None","","VT0020100","Not at a Junction","None","1968 Route 7 South","Dry","0070","42.84027371483762,-73.1996171578244"
"722431","","June 27, 2016, 9:56 AM","Bennington","Monument Avenue","MONUMENT AVE.","Property Damage Only","Single Vehicle Crash","","Federal Aid Urban System (Class 2 TH's and 3 TH's only)","16BN04274","Bennington PD.","2","0.81","None/Other","Day","Monument Circle","None","None","","VT0020100","T - Intersection","None","Monument Avenue","Unknown","U1406","42.8884693186493,-73.21526823760287"
"722506","","June 27, 2016, 1:31 PM","Bennington","Route 7/North Street","VT-7A","Property Damage Only","Rear End","Clear","State Highway numbered route, State owned","16BN04278","Bennington PD.","10","0","None/Other","Day","Kocher Drive","None","None","","VT0020100","Four-way Intersection","None","Route 7/North Street","Dry","0071","42.89421233345876,-73.19997532803346"
"729302","","June 27, 2016, 5:47 PM","Bennington","142 North Street","US-7","Property Damage Only","Other - Explain in Narrative","Clear","State Highway numbered route, Class 1 TH","16BN04283","Bennington PD.","11","3.03","None/Other","Day","","None","None","","VT0020100","Parking Lot","None","142 North Street","Dry","0070","42.87926057180661,-73.19706434621405"
"958371","","June 28, 2016, 1:32 PM","Bennington","114 Frank Street","Unknown","Property Damage Only","Same Direction Sideswipe","Clear","Street or Town Highways in FA Urban Area","16BN04297","Bennington PD.","5","999.99","None/Other","Day","","None","None","","VT0020100","Driveway","None","114 Frank Street","Dry","0000",""
"959101","","June 28, 2016, 6:57 PM","Bennington","217 Northside Drive","Unknown","Property Damage Only","Other - Explain in Narrative","Clear","Other Public Roadway (Rest Areas, Shopping Center - anything open to public)","16BN04310","Bennington PD.","9","999.99","None/Other","Day","Dairy Bar","None","None","","VT0020100","Not at a Junction","None","217 Northside Drive","Dry","0000",""
"722666","","June 30, 2016, 3:23 PM","Bennington","220 Northside Drive","VT-7A","Property Damage Only","Left Turns, Same Direciton, Rear End v--v--","","State Highway numbered route, State owned","16BN04348","Bennington PD.","10","0.72","None/Other","Day","Best Western","None","None","","VT0020100","Not at a Junction","Work zone (construction / maintenance / utility)","220 Northside Drive","Dry","0071","42.90028577988167,-73.21112429812122"
"729407","","July 1, 2016, 12:28 AM","Bennington","16 Matteson Road","MATTESON ROAD","Property Damage Only","Single Vehicle Crash","Clear","Federal Aid Urban System (Class 2 TH's and 3 TH's only)","16BN04364","Bennington PD.","2","0.47","None/Other","Night","Rice Lane","None","None","","VT0020100","Y - Intersection","None","16 Matteson Road","Dry","U1202","42.925367998631785,-73.2271669011062"
"729871","","July 1, 2016, 1:20 PM","Bennington","500 Main Street","VT-9","Injury","Other - Explain in Narrative","Clear","State Highway numbered route, Class 1 TH","16BN04386","Bennington PD.","11","4.51","None/Other","Day","School Street","None","None","","VT0020100","Not at a Junction","None","500 Main Street","Dry","0090","42.878137197028444,-73.19477818671182"
"959635","","July 2, 2016, 4:34 PM","Bennington","Mount Anthony Road","TOWN ROAD 0046","Property Damage Only","Single Vehicle Crash","Clear","City, Village or Urban Compact Street not in FA Urban Area (Class 2 and 3 Non-Federal Aid)","16BN04400","Bennington PD.","6","999.99","None/Other","Day","Quarry Road","None","None","","VT0020100","Not at a Junction","None","Mount Anthony Road","Dry","T0046",""
"962895","","July 3, 2016, 9:46 PM","Bennington","219 Northside Drive","Unknown","Property Damage Only","Other - Explain in Narrative","Clear","Other Public Roadway (Rest Areas, Shopping Center - anything open to public)","16BN04426","Bennington PD.","9","999.99","None/Other","Night","Northside Dairy Bar","None","Heavy Truck","","VT0020100","Parking Lot","None","219 Northside Drive","Dry","0000",""
"959603","","July 4, 2016, 12:13 PM","Bennington","Northside Drive","Unknown","Property Damage Only","Other - Explain in Narrative","Clear","Other Public Roadway (Rest Areas, Shopping Center - anything open to public)","16BN04439","Bennington PD.","9","999.99","None/Other","Day","Taco Bell","None","None","","VT0020100","Parking Lot","None","Northside Drive","Dry","0000",""
"958287","","July 5, 2016, 1:25 PM","Bennington","171 Rocky Lane","Unknown","Property Damage Only","Single Vehicle Crash","Clear","City, Village or Urban Compact Street not in FA Urban Area (Class 2 and 3 Non-Federal Aid)","16BN04447","Bennington PD.","6","999.99","None/Other","Day","","None","None","","VT0020100","Not at a Junction","None","171 Rocky Lane","Dry","T0088",""
"1007834","","July 6, 2016, 4:15 PM","Bennington","214 Northside Drive","Unknown","Property Damage Only","Rear End","Clear","Other Public Roadway (Rest Areas, Shopping Center - anything open to public)","16BN04491","Bennington PD.","9","999.99","None/Other","Day","","None","None","","VT0020100","Parking Lot","None","214 Northside Drive","Dry","0000","42.89845449710458,-73.21131900169037"
"726978","","July 7, 2016, 6:52 PM","Bennington","239 Beech Street","BEECH ST.&S. STREAM RD.","Property Damage Only","Same Direction Sideswipe","Clear","Federal Aid Urban System (Class 2 TH's and 3 TH's only)","16BN04519","Bennington PD.","2","0.5","None/Other","Day","East Main Street","Alcohol","None","","VT0020100","Not at a Junction","None","239 Beech Street","Dry","U1000","42.8750296869325,-73.1814525676638"
"727202","","July 8, 2016, 2:01 PM","Bennington","100 Main Street","VT-9","Property Damage Only","Left Turn and Thru, Angle Broadside -->v--","Clear","State Highway numbered route, Class 1 TH","16BN04531","Bennington PD.","11","3.78","None/Other","Day","Bennington Museum","None","None","","VT0020100","Not at a Junction","None","100 Main Street","Dry","0090","42.88246654704496,-73.20763153303577"
"726392","","July 8, 2016, 4:37 PM","Bennington","105 Gage Street","GAGE ST.","Property Damage Only","Other - Explain in Narrative","Cloudy","Federal Aid Urban System (Class 2 TH's and 3 TH's only)","16BN04534","Bennington PD.","2","0.04","None/Other","Day","North Street","None","None","","VT0020100","Not at a Junction","None","105 Gage Street","Dry","U1024","42.88166800811891,-73.19620610297609"
"727090","","July 8, 2016, 10:05 PM","Bennington","Harwood Hill Road","VT-7A","Property Damage Only","Left Turn and Thru, Same Direction Sideswipe/Angle Crash vv--","Clear","State Highway numbered route, State owned","16BN04545","Bennington PD.","10","0.88","None/Other","Night","Berard Street","None","None","","VT0020100","T - Intersection","None","Harwood Hill Road","Dry","0071","42.90206394822684,-73.21222363767076"
"1006714","","July 10, 2016, 3:14 PM","Bennington","1 Bennington Square","Unknown","Property Damage Only","Right Turn and Thru, Angle Broadside -->^--","Rain","Other Public Roadway (Rest Areas, Shopping Center - anything open to public)","16BN04583","Bennington PD.","9","999.99","None/Other","Day","Kocher Drive","None","None","","VT0020100","Parking Lot","None","1 Bennington Square","Wet","0000","42.89341646157847,-73.19765911915933"
"1005791","","July 12, 2016, 2:05 PM","Bennington","210 Northside Drive","Unknown","Property Damage Only","Other - Explain in Narrative","Clear","Other Public Roadway (Rest Areas, Shopping Center - anything open to public)","16BN04629","Bennington PD.","9","999.99","None/Other","Day","Walmart","None","None","","VT0020100","Parking Lot","None","210 Northside Drive","Dry","0000","42.8982637658626,-73.21014138888768"
"727369","","July 12, 2016, 5:16 PM","Bennington","1868 Harwood Hill Road","VT-7A","Property Damage Only","Rear End","Clear","State Highway numbered route, State owned","16BN04641","Bennington PD.","10","2.65","None/Other","Day","Overlea Road","None","None","","VT0020100","Not at a Junction","None","1868 Harwood Hill Road","Dry","0071","42.927394801307855,-73.20843164424565"
"726101","","July 12, 2016, 6:33 PM","Bennington","96 Northside Drive","HUNT ST. WEST","Property Damage Only","Right Turn and Thru, Same Direction Sideswipe/Angle Crash ^^--","Clear","Federal Aid Urban System (Class 2 TH's and 3 TH's only)","16BN04644","Bennington PD.","2","0.07","None/Other","Day","Hunt Street","None","None","","VT0020100","Y - Intersection","None","96 Northside Drive","Dry","U1030","42.892571199920475,-73.20179632086669"
"1005856","","July 13, 2016, 9:21 AM","Bennington","Main Street","Unknown","Property Damage Only","Other - Explain in Narrative","Clear","Other Public Roadway (Rest Areas, Shopping Center - anything open to public)","16BN04654","Bennington PD.","9","999.99","None/Other","Day","Lot Of J&J Auto Polishing","None","None","","VT0020100","Parking Lot","None","Main Street","Dry","0000","42.88153199379414,-73.20385361329427"
"1008041","","July 13, 2016, 5:16 PM","Bennington","134 Gore Road","TOWN ROAD 0054","Property Damage Only","Same Direction Sideswipe","Clear","City, Village or Urban Compact Street not in FA Urban Area (Class 2 and 3 Non-Federal Aid)","16BN04664","Bennington PD.","6","999.99","None/Other","Day","Shady Lane","None","None","","VT0020100","Not at a Junction","None","134 Gore Road","Dry","T0054","42.87038494259892,-73.17437912267954"
"1006315","","July 13, 2016, 5:51 PM","Bennington","160 Benmont Avenue","HOLDEN ST","Property Damage Only","Opp Direction Sideswipe","Clear","Other Public Roadway (Rest Areas, Shopping Center - anything open to public)","16BN04667","Bennington PD.","9","999.99","None/Other","Day","Keene Medical","None","None","","VT0020100","Parking Lot","None","160 Benmont Avenue","Dry","0000","42.88360171571464,-73.20250614329547"
"1005730","","July 14, 2016, 4:38 PM","Bennington","1 Monument Drive","Unknown","Property Damage Only","Other - Explain in Narrative","Cloudy","Other Public Roadway (Rest Areas, Shopping Center - anything open to public)","16BN04697","Bennington PD.","9","999.99","None/Other","Day","Bennington Monument","None","None","","VT0020100","Parking Lot","None","1 Monument Drive","Dry","0000","42.88957402567578,-73.21638316976168"
"726103","","July 15, 2016, 5:44 PM","Bennington","47 US Route 7 S","US-7","Fatal","Other - Explain in Narrative","Cloudy","State Highway numbered route, State owned","16BN04725","Bennington PD.","10","2.11","None/Other","Day","Park Lawn Cemetary","None","None","","VT0020100","Not at a Junction","None","47 US Route 7 S","Dry","0070","42.86623508801188,-73.19685997608997"
"1005083","","July 16, 2016, 5:12 AM","Bennington","111 Northside Drive","Unknown","Property Damage Only","Rear-to-rear","Clear","Other Public Roadway (Rest Areas, Shopping Center - anything open to public)","16BN04741","Bennington PD.","9","999.99","None/Other","Night","Cumberland Farms Parking Lot","None","None","","VT0020100","Parking Lot","None","111 Northside Drive","Dry","0000","42.896221824806474,-73.2040696389656"
"729913","","July 17, 2016, 10:43 AM","Bennington","351 Elm Street","ELM ST.","Property Damage Only","Left Turn and Thru, Angle Broadside -->v--","Clear","Federal Aid Urban System (Class 2 TH's and 3 TH's only)","16BN04762","Bennington PD.","2","0.05","None/Other","Day","Frost Drive","None","None","","VT0020100","Not at a Junction","None","351 Elm Street","Dry","U1022","42.878547860716274,-73.20873941089201"
"1007976","","July 18, 2016, 8:34 AM","Bennington","367 Dermody Road","TOWN ROAD 0083","Injury","Single Vehicle Crash","Clear","City, Village or Urban Compact Street not in FA Urban Area (Class 2 and 3 Non-Federal Aid)","16BN04778","Bennington PD.","6","999.99","Domestic","Day","Jewett Drive","None","Motorcycle","","VT0020100","Not at a Junction","None","367 Dermody Road","Dry","T0083","42.88160219757186,-73.25226623257961"
"726767","","July 18, 2016, 11:17 PM","Bennington","983 North Branch Street","BROOKLYN DR.","Property Damage Only","No Turns, Thru moves only, Broadside ^<","Clear","Federal Aid Urban System (Class 2 TH's and 3 TH's only)","16BN04803","Bennington PD.","2","1","None/Other","Night","Furnace Brook Road","None","None","","VT0020100","Not at a Junction","None","983 North Branch Street","Dry","U1009","42.893563105091715,-73.18944773472242"
"1009340","","July 19, 2016, 2:55 PM","Bennington","Chapel Road","TOWN ROAD 0016","Injury","Rear End","Clear","City, Village or Urban Compact Street not in FA Urban Area (Class 2 and 3 Non-Federal Aid)","16BN04814","Bennington PD.","6","999.99","None/Other","Day","Crossover Road","None","Heavy Truck","","VT0020100","Not at a Junction","None","Chapel Road","Dry","T0016","42.91999993741893,-73.17956207841064"
"727288","","July 19, 2016, 7:19 PM","Bennington","1246 North Bennington Road","VT-67A","Property Damage Only","Single Vehicle Crash","Clear","State Highway numbered route, State owned","16BN04818","Bennington PD.","10","1.25","Deer","Day","Hairport Salon","None","None","","VT0020100","Not at a Junction","None","1246 North Bennington Road","Dry","0671","42.912057761303345,-73.22892944430414"
"728009","","July 20, 2016, 12:51 PM","Bennington","Kocher Drive","VT-7A","Property Damage Only","Rear End","Clear","State Highway numbered route, State owned","16BN04835","Bennington PD.","10","0.18","None/Other","Day","Northside Drive","None","None","","VT0020100","Four-way Intersection","None","Kocher Drive","Dry","0071","42.89517770296574,-73.20326112744858"
"1008541","","July 21, 2016, 11:24 AM","Bennington","227 Park STreet","PARK ST","Property Damage Only","Single Vehicle Crash","Clear","Private Property (Driveways)","16BN04865","Bennington PD.","8","999.99","None/Other","Day","House #227 (County Street)","None","None","","VT0020100","Driveway","None","227 Park STreet","Dry","0000","42.88351514042126,-73.19307955467097"
"1009911","","July 21, 2016, 4:26 PM","Bennington","160 Benmont Avenue","Unknown","Property Damage Only","Other - Explain in Narrative","Clear","Other Public Roadway (Rest Areas, Shopping Center - anything open to public)","16BN04872","Bennington PD.","9","999.99","None/Other","Day","Foster's Cannery","None","None","","VT0020100","Parking Lot","None","160 Benmont Avenue","Dry","0000","42.88453168912079,-73.20352047792747"