"ObjectID","Mapped","Crash Date","City/Town","Address","AOT Route","Crash Type","Collision Direction","Weather","Road Group","Report Number","Reporting Agency","Road Group ID","AOT Actual Milepoint","Animal","Time of Day","Intersection With","Impairment","Involving","Non Reportable Address","Reporting Agency ID","Road Characteristics","Road Condition","Street Address","Surface Condition","AOT Route ID","Coordinates"
"1008493","","July 21, 2016, 6:40 PM","Bennington","120 Depot Street","Unknown","Property Damage Only","Other - Explain in Narrative","Clear","Other Public Roadway (Rest Areas, Shopping Center - anything open to public)","16BN04874","Bennington PD.","9","999.99","None/Other","Day","Anytime Fitness Parking Lot","None","None","","VT0020100","Parking Lot","None","120 Depot Street","Dry","0000","42.88031756356562,-73.19931085529576"
"729330","","July 22, 2016, 11:54 AM","Bennington","700 Main Street","VT-9","Property Damage Only","Left Turn and Thru, Angle Broadside -->v--","Clear","State Highway numbered route, Class 1 TH","16BN04897","Bennington PD.","11","4.83","None/Other","Day","Union Street","None","None","","VT0020100","Four-way Intersection","None","700 Main Street","Dry","0090","42.87842183050062,-73.18863005949369"
"727039","","July 22, 2016, 1:55 PM","Bennington","210 Northside Drive","VT-7A","Property Damage Only","Rear End","Clear","State Highway numbered route, State owned","16BN04899","Bennington PD.","10","0.61","None/Other","Day","Walmart","None","None","","VT0020100","Four-way Intersection","None","210 Northside Drive","Dry","0071","42.8992561065519,-73.20958564117878"
"1005656","","July 22, 2016, 4:57 PM","Bennington","122 River Street","RIVER ST","Property Damage Only","Same Direction Sideswipe","Clear","Street or Town Highways in FA Urban Area","16BN04906","Bennington PD.","5","999.99","None/Other","Day","Lncoln Street","None","None","","VT0020100","Not at a Junction","None","122 River Street","Dry","0000","42.88212002111673,-73.20044512292701"
"727099","","July 23, 2016, 1:32 PM","Bennington","Kocher Drive","US-7","Injury","No Turns, Thru moves only, Broadside ^<","Clear","State Highway numbered route, State owned","16BN04928","Bennington PD.","10","4.15","None/Other","Day","US 7","None","None","","VT0020100","","None","Kocher Drive","Dry","0070","42.894240344343764,-73.19997243291877"
"1005749","","July 23, 2016, 2:37 PM","Bennington","Houghton Lane","Unknown","Property Damage Only","Other - Explain in Narrative","Clear","Other Public Roadway (Rest Areas, Shopping Center - anything open to public)","16BN04931","Bennington PD.","9","999.99","None/Other","Day","Transfer Station","None","None","","VT0020100","Parking Lot","None","Houghton Lane","Dry","0000","42.919408350338806,-73.19562515356128"
"726579","","July 24, 2016, 4:10 AM","Bennington","1 Houran Road","VT-9","Property Damage Only","Single Vehicle Crash","Clear","State Highway numbered route, State owned","16BN04940","Bennington PD.","10","0.87","Deer","Night","Vermont Route 9","None","None","","VT0020100","Not at a Junction","None","1 Houran Road","Wet","0090","42.87725674418463,-73.26137056710645"
"1008063","","July 24, 2016, 2:41 PM","Bennington","141 North Bennington Road","Unknown","Property Damage Only","Other - Explain in Narrative","Clear","Other Public Roadway (Rest Areas, Shopping Center - anything open to public)","16BN04948","Bennington PD.","9","999.99","None/Other","Day","Hannaford","None","None","","VT0020100","Parking Lot","None","141 North Bennington Road","Dry","0000","42.907015534989576,-73.22278143581353"
"726083","","July 25, 2016, 1:05 PM","Bennington","VT Route 7A","VT-7A","Injury","Rear End","Clear","State Highway numbered route, State owned","16BN04973","Bennington PD.","10","1.07","None/Other","Day","Orchard Road","None","None","","VT0020100","Not at a Junction","None","VT Route 7A","Wet","0071","42.904783605115476,-73.21176422149514"
"730249","","July 26, 2016, 2:39 PM","Bennington","203 South Street","US-7","Property Damage Only","Same Direction Sideswipe","Clear","State Highway numbered route, Class 1 TH","16BN05004","Bennington PD.","11","2.91","None/Other","Day","","None","None","","VT0020100","Not at a Junction","None","203 South Street","Dry","0070","42.8775300179889,-73.19716414550183"
"727154","","July 26, 2016, 6:11 PM","Bennington","100 Pleasant Street","PLEASANT ST.","Property Damage Only","Opp Direction Sideswipe","Cloudy","Federal Aid Urban System (Class 2 TH's and 3 TH's only)","16BN05011","Bennington PD.","2","0.02","None/Other","Day","North Street","None","None","","VT0020100","Parking Lot","None","100 Pleasant Street","Dry","U1040","42.8791207443358,-73.19669516136199"
"722678","","July 27, 2016, 12:53 PM","Bennington","Main Street","VT-9","Injury","Rear End","Clear","State Highway numbered route, Class 1 TH","16BN05029","Bennington PD.","11","4.87","None/Other","Day","Safford Street","None","Motorcyle","","VT0020100","T - Intersection","None","Main Street","Dry","0090","42.87856834525437,-73.18789712199899"
"1017666","","July 27, 2016, 6:01 PM","Bennington","125 Northside Drive","Unknown","Property Damage Only","","Clear","Other Public Roadway (Rest Areas, Shopping Center - anything open to public)","16BN05037","Bennington PD.","9","999.99","None/Other","Day","Bennington Beverage Outlet Parking Lot","Alcohol","None","","VT0020100","Parking Lot","None","125 Northside Drive","Dry","0000","42.88847116691818,-73.19374714278717"
"730125","","July 29, 2016, 5:29 PM","Bennington","VT RT 279","VT-279","Property Damage Only","Single Vehicle Crash","Clear","State Highway numbered route, State owned","16BN05092","Bennington PD.","10","5.96","Deer","Day","Pull Off","None","None","","VT0020100","Not at a Junction","None","VT RT 279","Dry","2790","42.88815389135381,-73.17439830840303"
"730300","","July 29, 2016, 10:12 PM","Bennington","Vermont Route 7 North","US-7","Property Damage Only","Single Vehicle Crash","Cloudy","State Highway numbered route, State owned","16BN05102","Bennington PD.","10","6.56","Deer","Night","Exit 2","None","None","","VT0020100","Not at a Junction","None","Vermont Route 7 North","Wet","0070","42.924829345384886,-73.20326374653843"
"1014859","","July 30, 2016, 12:10 PM","Bennington","300 Main Street","DEPOT ST","Property Damage Only","Other - Explain in Narrative","Rain","Other Public Roadway (Rest Areas, Shopping Center - anything open to public)","16BN05112","Bennington PD.","9","999.99","None/Other","Day","Shell Gas Station","None","Motorcycle","","VT0020100","Parking Lot","None","300 Main Street","Wet","0000","42.879554842235386,-73.19891055302085"
"1017415","","August 1, 2016, 6:47 AM","Bennington","Mansion Drive","Unknown","Injury","Single Vehicle Crash","Clear","Street or Town Highways in FA Urban Area","16BN05150","Bennington PD.","5","999.99","None/Other","Night","Regwood Road","None","None","","VT0020100","","None","Mansion Drive","Dry","0000","42.86507451627705,-73.21721341147988"
"729832","","August 3, 2016, 11:35 AM","Bennington","County Street","COUNTY RD.","Injury","Single Vehicle Crash","Clear","Federal Aid Urban System (Class 2 TH's and 3 TH's only)","16BN05205","Bennington PD.","2","0.18","None/Other","Day","Depot Street","None","Pedestrian","","VT0020100","Four-way Intersection","None","County Street","Dry","U1012","42.88445979070565,-73.1985487695965"
"730503","","August 3, 2016, 12:01 PM","Bennington","West Road","VT-9","Property Damage Only","Rear End","Clear","State Highway numbered route, State owned","16BN05206","Bennington PD.","10","0.85","None/Other","Day","Ronnie's Cycle","None","None","","VT0020100","Not at a Junction","None","West Road","Dry","0090","42.87719598773277,-73.26176750219612"
"729518","","August 3, 2016, 5:12 PM","Bennington","200 South Street","US-7","Property Damage Only","Same Direction Sideswipe","Cloudy","State Highway numbered route, Class 1 TH","16BN05217","Bennington PD.","11","2.88","None/Other","Day","Union Street","None","None","","VT0020100","T - Intersection","None","200 South Street","Dry","0070","42.87709767822671,-73.19718997908316"
"721810","","August 4, 2016, 5:28 PM","Bennington","Route 9","VT-9","Fatal","Single Vehicle Crash","Clear","State Highway numbered route, State owned","16BN05241","Bennington PD.","10","6.69","None/Other","Day","Furnace Grove Road","Alcohol","None","","VT0020100","Not at a Junction","None","Route 9","Dry","0090","42.88290944890533,-73.15327255232215"
"729338","","August 4, 2016, 7:27 PM","Bennington","Vermont Route 9 East","VT-9","Property Damage Only","Other - Explain in Narrative","Clear","State Highway numbered route, State owned","16BN05244","Bennington PD.","10","6.69","None/Other","Day","Furnace Grove Road","None","None","","VT0020100","Not at a Junction","None","Vermont Route 9 East","Dry","0090","42.88290944890533,-73.15327255232215"
"729621","","August 6, 2016, 7:30 AM","Bennington","2402 West Road","VT-9","Property Damage Only","No Turns, Thru moves only, Broadside ^<","Rain","State Highway numbered route, State owned","16BN05293","Bennington PD.","10","1.05","Deer","Day","Jewett Drive","None","None","","VT0020100","Not at a Junction","None","2402 West Road","Wet","0090","42.877462319858495,-73.25787967856739"
"729501","","August 6, 2016, 10:30 AM","Bennington","South Street","VT-9","Property Damage Only","Rear End","Cloudy","State Highway numbered route, State owned","16BN05294","Bennington PD.","10","2.47","None/Other","Day","Crescent Blvd.","None","None","","VT0020100","Four-way Intersection","Road Surface Condition(wet, icy, snow, slush, etc)","South Street","Wet","0090","42.881612501294924,-73.23080861685294"
"1015457","","August 6, 2016, 10:04 PM","Bennington","909 Chapel Hill Road","TOWN ROAD 0016","Property Damage Only","Single Vehicle Crash","Clear","City, Village or Urban Compact Street not in FA Urban Area (Class 2 and 3 Non-Federal Aid)","16BN05280","Bennington PD.","6","999.99","None/Other","Night","","None","None","","VT0020100","Not at a Junction","None","909 Chapel Hill Road","Dry","T0016","42.90219540323021,-73.17935424925206"
"721901","","August 8, 2016, 12:52 PM","Bennington","Benmont Avenue","BENMONT AVE.","Property Damage Only","Left Turn and Thru, Broadside v<--","Clear","Federal Aid Urban System (Class 2 TH's and 3 TH's only)","16BN05331","Bennington PD.","2","0.47","None/Other","Day","Leonard Street","None","None","","VT0020100","T - Intersection","None","Benmont Avenue","Dry","U1006","42.887482203279326,-73.20153479309224"
"721990","","August 8, 2016, 2:57 PM","Bennington","2 Bank Street","VT-67","Property Damage Only","Single Vehicle Crash","Clear","State Highway numbered route, Class 1 TH","16BN05334","Bennington PD.","11","0.44","None/Other","Day","N Bennington Road, N. Bennington, VT","None","None","","VT0020100","Not at a Junction","None","2 Bank Street","Dry","0670","42.93038482073527,-73.24288639609252"
"1014435","","August 8, 2016, 2:58 PM","Bennington","100 Veterans Memorial Drive","Unknown","Property Damage Only","Other - Explain in Narrative","Clear","Other Public Roadway (Rest Areas, Shopping Center - anything open to public)","16BN05335","Bennington PD.","9","999.99","None/Other","Day","","None","None","","VT0020100","Parking Lot","None","100 Veterans Memorial Drive","Dry","0000","42.88853509774465,-73.19951386015416"
"730082","","August 8, 2016, 8:35 PM","Bennington","128 South Stream Road","BEECH ST.&S. STREAM RD.","Property Damage Only","Other - Explain in Narrative","Clear","Federal Aid Urban System (Class 2 TH's and 3 TH's only)","16BN05342","Bennington PD.","2","0.04","None/Other","Night","Morgan Street","None","None","","VT0020100","Not at a Junction","None","128 South Stream Road","Dry","U1000","42.869686907213854,-73.17622772028908"
"725987","","August 9, 2016, 2:46 PM","Bennington","1171 South Stream Road","S STREAM RD","Property Damage Only","Other - Explain in Narrative","Clear","Federal Aid Secondary System (Class 2 TH)","16BN05350","Bennington PD.","3","1.31","None/Other","Day","North Of Fish Hatchery","None","None","","VT0020100","Not at a Junction","None","1171 South Stream Road","Dry","S0103","42.85541299940686,-73.17381358940986"
"1017044","","August 10, 2016, 2:05 PM","Bennington","206 Grove Street","GROVE ST","Property Damage Only","Other - Explain in Narrative","Clear","Street or Town Highways in FA Urban Area","16BN05378","Bennington PD.","5","999.99","None/Other","Day","Gage Street","None","None","","VT0020100","Not at a Junction","None","206 Grove Street","Dry","0000","42.88139750144707,-73.1859685255027"
"726691","","August 11, 2016, 1:34 PM","Bennington","County Street","COUNTY RD.","Injury","Other - Explain in Narrative","Clear","Federal Aid Urban System (Class 2 TH's and 3 TH's only)","16BN05399","Bennington PD.","2","0","None/Other","Day","160 Benmont Avenue","None","None","","VT0020100","T - Intersection","None","County Street","Dry","U1012","42.884516866796645,-73.2019292824666"
"1014244","","August 11, 2016, 2:01 PM","Bennington","112 Northside Drive","Unknown","Property Damage Only","Rear End","Clear","Other Public Roadway (Rest Areas, Shopping Center - anything open to public)","16BN05401","Bennington PD.","9","999.99","None/Other","Day","McDonalds","None","None","","VT0020100","Parking Lot","None","112 Northside Drive","Dry","0000","42.89507722950816,-73.20428924062712"
"730093","","August 11, 2016, 8:23 PM","Bennington","1077 Main Street","VT-9","Property Damage Only","Left Turn and Thru, Head On ^v--","Clear","State Highway numbered route, State owned","16BN05409","Bennington PD.","10","5.79","None/Other","Night","Vermont Route 279 E","None","None","","VT0020100","Y - Intersection","None","1077 Main Street","Dry","0090","42.881693697910485,-73.17056151367281"
"731811","","August 12, 2016, 4:25 PM","Bennington","239 Union Street","UNION ST.","Property Damage Only","Other - Explain in Narrative","Clear","Federal Aid Urban System (Class 2 TH's and 3 TH's only)","16BN05435","Bennington PD.","2","0.34","None/Other","Day","Shortt Street","None","None","","VT0020100","Not at a Junction","None","239 Union Street","Dry","U1052","42.876918051319834,-73.19073046314276"
"720764","","August 16, 2016, 5:50 PM","Bennington","108 Elm Street","ELM ST.","Property Damage Only","Opp Direction Sideswipe","Clear","Federal Aid Urban System (Class 2 TH's and 3 TH's only)","16BN05528","Bennington PD.","2","0.6","None/Other","Day","Post Office","None","None","","VT0020100","Not at a Junction","None","108 Elm Street","Dry","U1022","42.87678655792531,-73.19834597159819"
"1060798","","August 19, 2016, 6:07 PM","Bennington","2609 Mt Anthony Road","TOWN ROAD 0046","Property Damage Only","Single Vehicle Crash","Clear","City, Village or Urban Compact Street not in FA Urban Area (Class 2 and 3 Non-Federal Aid)","16BN05605","Bennington PD.","6","999.99","None/Other","Day","Small Bridge","None","None","","VT0020100","Not at a Junction","None","2609 Mt Anthony Road","Dry","T0046","42.86743143309029,-73.24564477455189"
"721874","","August 21, 2016, 10:19 AM","Bennington","1948 West Road","VT-9","Property Damage Only","Single Vehicle Crash","Clear","State Highway numbered route, State owned","16BN05645","Bennington PD.","10","1.2","None/Other","Day","Jewett Drive","None","None","","VT0020100","Not at a Junction","None","1948 West Road","Dry","0090","42.87750449129513,-73.25489894668885"
"725882","","August 21, 2016, 1:29 PM","Bennington","735 Main Street","VT-9","Property Damage Only","Other - Explain in Narrative","Clear","State Highway numbered route, Class 1 TH","16BN05648","Bennington PD.","11","5","None/Other","Day","Beech Street","None","None","","VT0020100","Parking Lot","None","735 Main Street","Dry","0090","42.87900264232305,-73.18547035900765"
"1062841","","August 22, 2016, 12:08 PM","Bennington","140 Hospital Drive","Unknown","Property Damage Only","Same Direction Sideswipe","Clear","Other Public Roadway (Rest Areas, Shopping Center - anything open to public)","16BN04662","Bennington PD.","9","999.99","None/Other","Day","Monument Avenue","None","None","","VT0020100","Parking Lot","None","140 Hospital Drive","Dry","0000","42.873702860937605,-73.20927223002786"
"1058098","","August 22, 2016, 1:05 PM","Bennington","8 Kocher Drive","Unknown","Property Damage Only","No Turns, Thru moves only, Broadside ^<","Clear","Other Public Roadway (Rest Areas, Shopping Center - anything open to public)","16BN05664","Bennington PD.","9","999.99","None/Other","Day","CVS Parking Lot","None","None","","VT0020100","Parking Lot","None","8 Kocher Drive","Dry","0000","42.89557811153108,-73.2018829846554"
"731291","","August 22, 2016, 2:03 PM","Bennington","325 North Street","US-7","Property Damage Only","Other - Explain in Narrative","Clear","State Highway numbered route, Class 1 TH","16BN05665","Bennington PD.","11","3.53","None/Other","Day","Deer Park","None","None","","VT0020100","Parking Lot","None","325 North Street","Dry","0070","42.88576646340609,-73.19836134134476"
"727224","","August 23, 2016, 5:36 PM","Bennington","VT RT 279","VT-279","Injury","Single Vehicle Crash","Clear","Ramp or Spur","16BN05701","Bennington PD.","7","0.26","None/Other","Day","Exit 1","Alcohol","None","","VT0020100","Off Ramp","None","VT RT 279","Dry","2790","42.90351799601049,-73.21802928058133"
"720291","","August 25, 2016, 4:23 PM","Bennington","300 Main Street","VT-9","Property Damage Only","Single Vehicle Crash","Rain","State Highway numbered route, Class 1 TH","16BN05763","Bennington PD.","11","4.28","None/Other","Day","Depot Street","None","Bicycle","","VT0020100","Four-way Intersection","None","300 Main Street","Wet","0090","42.87933448398083,-73.19898271971934"
"726186","","August 25, 2016, 7:33 PM","Bennington","303 Pleasant Street","PLEASANT ST.","Property Damage Only","Same Direction Sideswipe","Clear","Federal Aid Urban System (Class 2 TH's and 3 TH's only)","16BN05769","Bennington PD.","2","0.27","None/Other","Day","","None","None","","VT0020100","Not at a Junction","None","303 Pleasant Street","Dry","U1040","42.879119238487775,-73.19191939581445"
"718656","","August 25, 2016, 10:17 PM","Bennington","527 North Bennington Road","VT-67A","Property Damage Only","Rear End","Clear","State Highway numbered route, State owned","16BN05770","Bennington PD.","10","0.54","None/Other","Night","Vermont Route 279","None","None","","VT0020100","Four-way Intersection","None","527 North Bennington Road","Wet","0671","42.90635667365098,-73.21901639013093"
"1076915","","August 26, 2016, 10:23 AM","Bennington","101 Northside Drive","Unknown","Property Damage Only","Other - Explain in Narrative","Clear","Other Public Roadway (Rest Areas, Shopping Center - anything open to public)","16BN05775","Bennington PD.","9","999.99","None/Other","Day","","None","None","","VT0020100","Parking Lot","None","101 Northside Drive","Dry","0000","42.89380515538435,-73.20181390545432"
"1080587","","August 26, 2016, 3:34 PM","Bennington","227 River Street","RIVER ST","Property Damage Only","Same Direction Sideswipe","Clear","Street or Town Highways in FA Urban Area","16BN05781","Bennington PD.","5","999.99","None/Other","Day","","None","None","","VT0020100","Not at a Junction","None","227 River Street","Dry","0000","42.88198582840098,-73.1973589372173"
"725615","","August 26, 2016, 7:32 PM","Bennington","614 Main Street","VT-9","Property Damage Only","Same Direction Sideswipe","Clear","State Highway numbered route, Class 1 TH","16BN05789","Bennington PD.","11","4.64","None/Other","Day","Valentine Street","None","None","","VT0020100","Not at a Junction","None","614 Main Street","Dry","0090","42.877965737188035,-73.19210312849327"
"725545","","August 27, 2016, 10:17 AM","Bennington","222 Elm Street","ELM ST.","Property Damage Only","Other - Explain in Narrative","Clear","Federal Aid Urban System (Class 2 TH's and 3 TH's only)","16BN05800","Bennington PD.","2","0.41","None/Other","Day","Putnam","None","None","","VT0020100","Not at a Junction","None","222 Elm Street","Dry","U1022","42.8774040996607,-73.20194968480789"
"1076167","","August 27, 2016, 10:40 AM","Bennington","210 Northside Drive","Unknown","Property Damage Only","Other - Explain in Narrative","Clear","Other Public Roadway (Rest Areas, Shopping Center - anything open to public)","16BN05801","Bennington PD.","9","999.99","None/Other","Day","Walmart","None","Heavy Truck","","VT0020100","Parking Lot","None","210 Northside Drive","Dry","0000","42.89723894421455,-73.21136624809304"
"725816","","August 27, 2016, 11:17 AM","Bennington","Main Street","VT-9","Injury","Rear End","","State Highway numbered route, Class 1 TH","16BN05802","Bennington PD.","11","5.03","None/Other","Day","Dominoes Pizza","None","None","","VT0020100","Not at a Junction","None","Main Street","Dry","0090","42.87906320420452,-73.18484450869111"
"725953","","August 27, 2016, 3:55 PM","Bennington","US Route 7","US-7","Property Damage Only","Rear End","Clear","State Highway numbered route, State owned","16BN05809","Bennington PD.","10","4.15","None/Other","Day","Kocher Drive","None","None","","VT0020100","Four-way Intersection","None","US Route 7","Dry","0070","42.894240344343764,-73.19997243291877"
"722021","","August 27, 2016, 8:08 PM","Bennington","206 Harwood HIll Road","VT-7A","Property Damage Only","Single Vehicle Crash","Clear","State Highway numbered route, State owned","16BN05816","Bennington PD.","10","1.03","None/Other","Night","Railroad Bridge","None","None","","VT0020100","Not at a Junction","None","206 Harwood HIll Road","Dry","0071","42.90420061556627,-73.21182606040182"
"1075863","","August 30, 2016, 8:09 AM","Bennington","308 Crescent Blvd.","SILVER ST","Injury","Rear End","Clear","Street or Town Highways in FA Urban Area","16BN05867","Bennington PD.","5","999.99","None/Other","Day","Silver Street","None","Heavy Truck","","VT0020100","Not at a Junction","Obstruction in roadway","308 Crescent Blvd.","Dry","0000","42.875559614917705,-73.19420222366891"
"1077329","","August 30, 2016, 3:02 PM","Bennington","140 Hospital Drive","Unknown","Property Damage Only","No Turns, Thru moves only, Broadside ^<","Clear","Other Public Roadway (Rest Areas, Shopping Center - anything open to public)","16BN05877","Bennington PD.","9","999.99","None/Other","Day","ER Parking Lot","None","None","","VT0020100","Parking Lot","None","140 Hospital Drive","Dry","0000","42.8735599863696,-73.20763055751293"
"1079169","","August 30, 2016, 6:15 PM","Bennington","151 Hannaford Sq","Unknown","Property Damage Only","Other - Explain in Narrative","Clear","Other Public Roadway (Rest Areas, Shopping Center - anything open to public)","16BN05887","Bennington PD.","9","999.99","None/Other","Day","Hannaford Supermarket","None","None","","VT0020100","Parking Lot","None","151 Hannaford Sq","Dry","0000","42.907280512132175,-73.22215999881527"
"1079001","","August 31, 2016, 3:47 PM","Bennington","126 Elm Street","Unknown","Property Damage Only","Right Turn and Thru, Same Direction Sideswipe/Angle Crash ^^--","Cloudy","Other Public Roadway (Rest Areas, Shopping Center - anything open to public)","16BN05909","Bennington PD.","9","999.99","None/Other","Day","US Post Office Parking Lot","None","None","","VT0020100","Parking Lot","None","126 Elm Street","Dry","0000","42.87814553795285,-73.19677712928122"
"725931","","September 1, 2016, 11:34 PM","Bennington","Monument Avenue","MONUMENT ROAD","Injury","Single Vehicle Crash","Cloudy","Federal Aid Urban System (Class 2 TH's and 3 TH's only)","16BN05961","Bennington PD.","2","0.91","None/Other","Night","Meadowbrook Drive","None","None","","VT0020100","T - Intersection","None","Monument Avenue","Dry","U1034","42.864805314445704,-73.20773087940434"
"1093219","","September 2, 2016, 5:58 PM","Bennington","210 Northside Drive","Unknown","Property Damage Only","Rear-to-rear","Clear","Other Public Roadway (Rest Areas, Shopping Center - anything open to public)","16BN05979","Bennington PD.","9","999.99","None/Other","Day","Walmart Parking Lot","None","None","","VT0020100","Parking Lot","None","210 Northside Drive","Dry","0000","42.89720438429755,-73.21113321952366"
"1094060","","September 4, 2016, 1:07 AM","Bennington","1419 Middle Pownal Road","TOWN ROAD 0049","Injury","Single Vehicle Crash","Clear","City, Village or Urban Compact Street not in FA Urban Area (Class 2 and 3 Non-Federal Aid)","16BN06021","Bennington PD.","6","999.99","None/Other","Night","Fuller Road","Alcohol","Motorcycle","","VT0020100","Not at a Junction","None","1419 Middle Pownal Road","Dry","T0049","42.87799446224602,-73.19200184642098"
"726022","","September 4, 2016, 7:31 AM","Bennington","US Route 7","VT-279","Property Damage Only","Single Vehicle Crash","Clear","Ramp or Spur","16BN06024","Bennington PD.","7","0.55","None/Other","Day","Rt 279 E On Ramp","Alcohol","None","","VT0020100","Not at a Junction","None","US Route 7","Dry","2790","42.90453423638341,-73.20106871045557"
"1094224","","September 5, 2016, 2:48 PM","Bennington","Orchard Road","Unknown","Property Damage Only","Rear End","Clear","Other Public Roadway (Rest Areas, Shopping Center - anything open to public)","16BN06053","Bennington PD.","9","999.99","None/Other","Day","1 Applegate Apartments Parking Lot","None","None","","VT0020100","Parking Lot","None","Orchard Road","Dry","0000","42.904003539828146,-73.21069707174763"
"725758","","September 5, 2016, 3:15 PM","Bennington","Kocher Drive","VT-7A","Property Damage Only","Rear End","Clear","State Highway numbered route, State owned","16BN06054","Bennington PD.","10","0.01","None/Other","Day","North Street","None","None","","VT0020100","Four-way Intersection","None","Kocher Drive","Dry","0071","42.89422205693443,-73.20018762734887"
"725782","","September 6, 2016, 8:59 AM","Bennington","Park Street","PARK ST.","Property Damage Only","Left and Right Turns, Simultaneous Turn Crash --vv--","Clear","Federal Aid Urban System (Class 2 TH's and 3 TH's only)","16BN06072","Bennington PD.","2","0.66","None/Other","Day","Kocher Drive","None","None","","VT0020100","Four-way Intersection","None","Park Street","Dry","U1038","42.893851592053615,-73.1932469613959"
"730665","","September 7, 2016, 9:18 AM","Bennington","Main Street","VT-9","Property Damage Only","Same Direction Sideswipe","Clear","State Highway numbered route, Class 1 TH","16BN06109","Bennington PD.","11","4.41","None/Other","Day","North Street","None","None","","VT0020100","Four-way Intersection","None","Main Street","","0090","42.87829508615676,-73.19688728722527"
"1093648","","September 7, 2016, 11:22 AM","Bennington","121 North Bennington Road","Unknown","Property Damage Only","Single Vehicle Crash","Clear","Other Public Roadway (Rest Areas, Shopping Center - anything open to public)","16BN06115","Bennington PD.","9","999.99","None/Other","Day","Home Depot Lot","None","None","","VT0020100","Parking Lot","None","121 North Bennington Road","Dry","0000","42.90882914798331,-73.21925127184488"
"725917","","September 7, 2016, 1:55 PM","Bennington","Overlea Road","OVERLEA ROAD","Injury","Rear End","Cloudy","Federal Aid Urban System (Class 2 TH's and 3 TH's only)","16BN06122","Bennington PD.","2","0.05","None/Other","Day","Matteson Road","Alcohol","None","","VT0020100","Not at a Junction","None","Overlea Road","Dry","U1206","42.92655711944434,-73.22661869850221"
"1090874","","September 7, 2016, 2:11 PM","Bennington","214 Northside Drive","Unknown","Property Damage Only","Rear-to-rear","Clear","Other Public Roadway (Rest Areas, Shopping Center - anything open to public)","16BN06123","Bennington PD.","9","999.99","None/Other","Day","Petco/Price Chopper Lot","None","None","","VT0020100","Parking Lot","None","214 Northside Drive","Dry","0000","42.898497068502465,-73.21171129930654"
"1093446","","September 7, 2016, 3:34 PM","Bennington","636 Main Street","MAIN ST","Property Damage Only","Same Direction Sideswipe","Clear","Other Public Roadway (Rest Areas, Shopping Center - anything open to public)","16BN06125","Bennington PD.","9","999.99","None/Other","Day","Main Street","None","None","","VT0020100","Parking Lot","None","636 Main Street","Dry","0000","42.87808360408831,-73.19065644536681"
"730653","","September 9, 2016, 11:17 AM","Bennington","366 NOrth Street","US-7","Property Damage Only","Rear End","Clear","State Highway numbered route, Class 1 TH","16BN06178","Bennington PD.","11","3.61","None/Other","Day","Gulf Gas Station","None","None","","VT0020100","Not at a Junction","None","366 NOrth Street","Dry","0070","42.886524444670236,-73.19950392136063"
"1111575","","September 10, 2016, 1:18 AM","Bennington","982 Mansion Drive","Unknown","Injury","Rear-to-rear","Clear","Other Public Roadway (Rest Areas, Shopping Center - anything open to public)","16BN06200","Bennington PD.","9","999.99","None/Other","Night","SVC","None","None","","VT0020100","Parking Lot","None","982 Mansion Drive","Dry","0000","42.867753996300394,-73.21853796688515"
"730856","","September 10, 2016, 11:28 AM","Bennington","Route 279 West","VT-279","Property Damage Only","","Clear","State Highway numbered route, State owned","16BN06211","Bennington PD.","10","1.86","Wild","Day","","None","None","","VT0020100","Not at a Junction","None","Route 279 West","Dry","2790","42.90605630691813,-73.24454909093096"
"1111546","","September 10, 2016, 12:26 PM","Bennington","8 Main Street","LINCOLN SQ","Property Damage Only","Other - Explain in Narrative","Clear","Other Public Roadway (Rest Areas, Shopping Center - anything open to public)","16BN06213","Bennington PD.","9","999.99","None/Other","Day","Powers Market","None","None","","VT0020100","Other - Explain in Narrative","None","8 Main Street","Dry","0000","42.92899045226275,-73.2422708983186"
"725539","","September 12, 2016, 1:55 PM","Bennington","Weeks Street","WEEKS ST.","Injury","No Turns, Thru moves only, Broadside ^<","Clear","Federal Aid Urban System (Class 2 TH's and 3 TH's only)","16BN06260","Bennington PD.","2","0.22","None/Other","Day","Jefferson Avenue","None","Bicycle","","VT0020100","Four-way Intersection","None","Weeks Street","Dry","U1060","42.87453518699988,-73.19968115390087"
"1109181","","September 12, 2016, 3:59 PM","Bennington","301 Park Street","Unknown","Property Damage Only","Rear End","Clear","Other Public Roadway (Rest Areas, Shopping Center - anything open to public)","16BN06268","Bennington PD.","9","999.99","None/Other","Day","MAUHS","Alcohol","None","","VT0020100","Parking Lot","None","301 Park Street","Dry","0000","42.88570890692865,-73.19203910498648"
"727383","","September 13, 2016, 6:05 PM","Bennington","301 North Bennington Road","VT-67A","Injury","Rear End","Clear","State Highway numbered route, State owned","16BN06289","Bennington PD.","10","0.3","None/Other","Day","Morse Road","None","None","","VT0020100","Other - Explain in Narrative","None","301 North Bennington Road","Dry","0671","42.90336180338611,-73.21642536858452"
"729708","","September 15, 2016, 3:50 PM","Bennington","US Route 7","US-7","Property Damage Only","Rear End","Clear","State Highway numbered route, State owned","16BN06355","Bennington PD.","10","4.05","None/Other","Day","Kocher Drive","None","None","","VT0020100","Not at a Junction","None","US Route 7","Dry","0070","42.892818374898695,-73.20007906494865"