"ObjectID","Mapped","Crash Date","City/Town","Address","AOT Route","Crash Type","Collision Direction","Weather","Road Group","Report Number","Reporting Agency","Road Group ID","AOT Actual Milepoint","Animal","Time of Day","Intersection With","Impairment","Involving","Non Reportable Address","Reporting Agency ID","Road Characteristics","Road Condition","Street Address","Surface Condition","AOT Route ID","Coordinates"
"731138","","September 15, 2016, 3:57 PM","Bennington","County Street","COUNTY RD.","Property Damage Only","Other - Explain in Narrative","Clear","Federal Aid Urban System (Class 2 TH's and 3 TH's only)","16BN06356","Bennington PD.","2","0.38","None/Other","Day","School Street","None","None","","VT0020100","T - Intersection","None","County Street","Dry","U1012","42.88434861828977,-73.19480940288632"
"1110133","","September 15, 2016, 4:31 PM","Bennington","210 Park Street","PARK ST","Property Damage Only","Other - Explain in Narrative","Clear","Street or Town Highways in FA Urban Area","16BN06359","Bennington PD.","5","999.99","None/Other","Day","Bennington Elementary","None","None","","VT0020100","T - Intersection","None","210 Park Street","Dry","0000","42.88035522609405,-73.19311762678215"
"731297","","September 16, 2016, 8:34 AM","Bennington","305 County Street","COUNTY RD.","Property Damage Only","Rear End","Clear","Federal Aid Urban System (Class 2 TH's and 3 TH's only)","16BN06377","Bennington PD.","2","0.3","None/Other","Day","North Street","None","None","","VT0020100","Not at a Junction","Other - Explain in Narrative","305 County Street","Dry","U1012","42.8843726580466,-73.19629403118915"
"1132085","","September 16, 2016, 6:04 PM","Bennington","210 Norhside Drive","Unknown","Property Damage Only","Other - Explain in Narrative","Clear","Other Public Roadway (Rest Areas, Shopping Center - anything open to public)","16BN06386","Bennington PD.","9","999.99","None/Other","Day","Walmart Parking Lot","None","None","","VT0020100","Parking Lot","None","210 Norhside Drive","Dry","0000","42.89851534598217,-73.2102177400934"
"1128990","","September 16, 2016, 6:24 PM","Bennington","210 Northside Drive","Unknown","Property Damage Only","Other - Explain in Narrative","Clear","Other Public Roadway (Rest Areas, Shopping Center - anything open to public)","16BN06389","Bennington PD.","9","999.99","None/Other","Day","Walmart Parking Lot","None","None","","VT0020100","Parking Lot","None","210 Northside Drive","Dry","0000","42.89845104561383,-73.21042515008732"
"731042","","September 17, 2016, 3:06 PM","Bennington","Main Street","VT-9","Property Damage Only","Left Turn and Thru, Same Direction Sideswipe/Angle Crash vv--","Clear","State Highway numbered route, Class 1 TH","16BN06409","Bennington PD.","11","5.54","None/Other","Day","Gage Street","None","None","","VT0020100","T - Intersection","None","Main Street","Dry","0090","42.880124401063625,-73.17472952835783"
"725768","","September 17, 2016, 4:14 PM","Bennington","US Route 7","US-7","Property Damage Only","Rear End","Clear","State Highway numbered route, State owned","16BN06411","Bennington PD.","10","4.15","None/Other","Day","Kocher Drive","None","None","","VT0020100","Four-way Intersection","None","US Route 7","","0070","42.89424886573984,-73.20013681158996"
"720311","","September 18, 2016, 10:13 AM","Bennington","251 NOrth Street","US-7","Property Damage Only","Rear End","Rain","State Highway numbered route, Class 1 TH","16BN06428","Bennington PD.","11","3.36","None/Other","Day","County Street","None","None","","VT0020100","Four-way Intersection","","251 NOrth Street","Wet","0070","42.88405120934963,-73.19687365722706"
"719876","","September 18, 2016, 3:38 PM","Bennington","109 Northside Drive","VT-7A","Property Damage Only","Right Turn and Thru, Same Direction Sideswipe/Angle Crash ^^--","Clear","State Highway numbered route, State owned","16BN06430","Bennington PD.","10","0.22","None/Other","Day","Orchard Road","None","None","","VT0020100","Not at a Junction","None","109 Northside Drive","Dry","0071","42.89556419805112,-73.20383991226043"
"728932","","September 19, 2016, 4:23 PM","Bennington","497 Main Street","VT-9","Injury","Rear End","Cloudy","State Highway numbered route, Class 1 TH","16BN06448","Bennington PD.","11","4.55","None/Other","Day","Silver Street","None","None","","VT0020100","Not at a Junction","None","497 Main Street","Dry","0090","42.87808335101673,-73.19393313338973"
"1126883","","September 19, 2016, 7:36 PM","Bennington","105 HIcks Avenue","HICKS AVE","Property Damage Only","Single Vehicle Crash","Rain","Street or Town Highways in FA Urban Area","16BN06454","Bennington PD.","5","999.99","None/Other","Day","Northside Drive","None","None","","VT0020100","Not at a Junction","Road Surface Condition(wet, icy, snow, slush, etc)","105 HIcks Avenue","Wet","0000","42.89490532863334,-73.2058911565041"
"719927","","September 21, 2016, 1:39 PM","Bennington","1477 NOrth Bennington Road","VT-67A","Injury","Rear End","Clear","State Highway numbered route, State owned","16BN06508","Bennington PD.","10","1.47","None/Other","Day","Murphy Road","None","None","","VT0020100","Y - Intersection","None","1477 NOrth Bennington Road","Dry","0671","42.91313400734017,-73.23306687350916"
"720334","","September 22, 2016, 11:08 AM","Bennington","228 Northside Drive","VT-67A","Property Damage Only","Single Vehicle Crash","Clear","State Highway numbered route, State owned","16BN06537","Bennington PD.","10","0.02","None/Other","Day","Harmon Road","None","Bicycle","","VT0020100","T - Intersection","None","228 Northside Drive","Dry","0671","42.90103425786997,-73.21228184856439"
"720085","","September 24, 2016, 9:15 AM","Bennington","County Street","COUNTY RD.","Property Damage Only","Other - Explain in Narrative","Clear","Federal Aid Urban System (Class 2 TH's and 3 TH's only)","16BN06587","Bennington PD.","2","0.47","None/Other","Day","Park Street","None","None","","VT0020100","Four-way Intersection","None","County Street","Dry","U1012","42.88430057464151,-73.1931310595364"
"719971","","September 24, 2016, 2:05 PM","Bennington","North Bennington Road","VT-67A","Injury","Rear End","Clear","State Highway numbered route, State owned","16BN06592","Bennington PD.","10","0.1","None/Other","Day","Berard Street","None","None","","VT0020100","Not at a Junction","None","North Bennington Road","Dry","0671","42.90160818197637,-73.21316995547956"
"728362","","September 26, 2016, 10:43 AM","Bennington","227 North Street","US-7","Property Damage Only","Right Turn and Thru, Same Direction Sideswipe/Angle Crash ^^--","Clear","State Highway numbered route, Class 1 TH","16BN06626","Bennington PD.","11","3.29","None/Other","Day","River Street","None","None","","VT0020100","Not at a Junction","None","227 North Street","Dry","0070","42.88303606129041,-73.19692912985553"
"1145038","","September 27, 2016, 7:53 PM","Bennington","100 Northside Drive","Unknown","Property Damage Only","Other - Explain in Narrative","Clear","Other Public Roadway (Rest Areas, Shopping Center - anything open to public)","16BN06663","Bennington PD.","9","999.99","None/Other","Day","Taco Bell Parking Lot","Alcohol","None","","VT0020100","Parking Lot","None","100 Northside Drive","Dry","0000","42.89382577536642,-73.20285480154668"
"1147140","","September 28, 2016, 11:53 AM","Bennington","215 Union Street","Unknown","Property Damage Only","Other - Explain in Narrative","Cloudy","Other Public Roadway (Rest Areas, Shopping Center - anything open to public)","16BN06675","Bennington PD.","9","999.99","None/Other","Day","Parking Lot","None","None","","VT0020100","Parking Lot","None","215 Union Street","Dry","0000","42.87663422297811,-73.19215800216803"
"1146729","","September 28, 2016, 3:45 PM","Bennington","113 Northside Drive","Unknown","Property Damage Only","Other - Explain in Narrative","Clear","Other Public Roadway (Rest Areas, Shopping Center - anything open to public)","16BN06677","Bennington PD.","9","999.99","None/Other","Day","Advance Auto Zone","None","None","","VT0020100","Parking Lot","None","113 Northside Drive","Dry","0000","42.89668424129127,-73.20499317373277"
"1145403","","September 28, 2016, 4:02 PM","Bennington","751 Main Street","MAIN ST","Property Damage Only","Rear-to-rear","Cloudy","Other Public Roadway (Rest Areas, Shopping Center - anything open to public)","16BN06679","Bennington PD.","9","999.99","None/Other","Day","Jon E Suds","None","None","","VT0020100","Parking Lot","None","751 Main Street","Dry","0000","42.87916839245584,-73.18389971952776"
"1149618","","September 28, 2016, 8:15 PM","Bennington","Park Street","PARK ST","Property Damage Only","Same Direction Sideswipe","Cloudy","Street or Town Highways in FA Urban Area","16BN06687","Bennington PD.","5","999.99","None/Other","Night","Spring Street","None","None","","VT0020100","Not at a Junction","None","Park Street","Dry","0000","42.88351499221636,-73.19310403510794"
"720367","","September 28, 2016, 8:52 PM","Bennington","468 Route 9","VT-9","Property Damage Only","Single Vehicle Crash","Clear","State Highway numbered route, State owned","16BN0689","Bennington PD.","10","0.46","None/Other","Night","Woodford Line","None","None","","VT0020100","Not at a Junction","Debris","468 Route 9","Dry","0090","42.87501031612155,-73.26882218005913"
"731527","","September 30, 2016, 8:59 AM","Bennington","US Route 7","US-7","Property Damage Only","Head On","Cloudy","State Highway numbered route, Class 1 TH","16BN06725","Bennington PD.","11","2.37","Deer","Day","Crescent Blvd","None","None","","VT0020100","Not at a Junction","None","US Route 7","Dry","0070","42.86988713246247,-73.19580119956008"
"720215","","September 30, 2016, 9:06 AM","Bennington","Beech Street","BEECH ST.&S. STREAM RD.","Property Damage Only","Other - Explain in Narrative","Clear","Federal Aid Urban System (Class 2 TH's and 3 TH's only)","16BN06726","Bennington PD.","2","0.86","None/Other","Day","Mincers Mini Mart","None","None","","VT0020100","Not at a Junction","None","Beech Street","Dry","U1000","42.87883413158045,-73.18605479176367"
"1166380","","September 30, 2016, 9:06 PM","Bennington","301 Park Street","Unknown","Property Damage Only","Opp Direction Sideswipe","Cloudy","Other Public Roadway (Rest Areas, Shopping Center - anything open to public)","16BN06749","Bennington PD.","9","999.99","None/Other","Night","Parking Lot MAUHS","None","Heavy Truck","","VT0020100","Parking Lot","None","301 Park Street","Dry","0000","42.88531957605199,-73.19092078504772"
"720325","","October 1, 2016, 6:56 PM","Bennington","110 Northside Drive","VT-7A","Injury","Single Vehicle Crash","Cloudy","State Highway numbered route, State owned","16BN06770","Bennington PD.","10","0.22","None/Other","Day","Orchard Road","None","Bicycle","","VT0020100","Four-way Intersection","None","110 Northside Drive","Dry","0071","42.89556419805112,-73.20383991226043"
"720559","","October 3, 2016, 11:48 AM","Bennington","Northside Drive","HUNT ST. WEST","Injury","Rear End","Clear","Federal Aid Urban System (Class 2 TH's and 3 TH's only)","16BN06811","Bennington PD.","2","0.21","None/Other","Day","Benmont Avenue Off Ramp","None","None","","VT0020100","Not at a Junction","None","Northside Drive","Dry","U1030","42.89429255689456,-73.20255634932485"
"719881","","October 3, 2016, 5:43 PM","Bennington","165 Main Street","VT-9","Property Damage Only","Rear End","Clear","State Highway numbered route, Class 1 TH","16BN06819","Bennington PD.","11","4.08","None/Other","Day","Dewey Street","None","None","","VT0020100","Four-way Intersection","None","165 Main Street","Dry","0090","42.88067530519802,-73.20238282015072"
"735731","","October 4, 2016, 9:02 AM","Bennington","2092 North Bennington Road","VT-67A","Property Damage Only","Other - Explain in Narrative","Clear","State Highway numbered route, State owned","16BN06833","Bennington PD.","10","2.09","None/Other","Day","Scarey Lane","None","None","","VT0020100","Not at a Junction","None","2092 North Bennington Road","Dry","0671","42.9136806078924,-73.24494593501268"
"1162587","","October 5, 2016, 6:57 AM","Bennington","160 Benmont Avenue","Unknown","Property Damage Only","Other - Explain in Narrative","Clear","Other Public Roadway (Rest Areas, Shopping Center - anything open to public)","16BN06851","Bennington PD.","9","999.99","None/Other","Night","Revolution Parking Lot","None","None","","VT0020100","Parking Lot","None","160 Benmont Avenue","Dry","0000","42.885420882841764,-73.20237988870328"
"735707","","October 5, 2016, 2:15 PM","Bennington","1514 North Bennington Road","VT-67A","Property Damage Only","Other - Explain in Narrative","Clear","State Highway numbered route, State owned","16BN06860","Bennington PD.","10","1.5","None/Other","Day","Murphy Road","None","None","","VT0020100","Not at a Junction","None","1514 North Bennington Road","Dry","0671","42.91329768778836,-73.23361501531751"
"720365","","October 7, 2016, 8:38 AM","Bennington","Burgess Road","BURGESS RD.","Property Damage Only","Head On","Cloudy","Federal Aid Urban System (Class 2 TH's and 3 TH's only)","16BN06902","Bennington PD.","2","0.78","Deer","Day","Barney Road","None","None","","VT0020100","Not at a Junction","None","Burgess Road","Dry","U1010","42.877032904563876,-73.16071383868328"
"1182287","","October 7, 2016, 11:59 AM","Bennington","Northside Drive","Unknown","Property Damage Only","Other - Explain in Narrative","Clear","Other Public Roadway (Rest Areas, Shopping Center - anything open to public)","16BN06908","Bennington PD.","9","999.99","None/Other","Day","Aldi's Parking Lot","None","None","","VT0020100","Parking Lot","None","Northside Drive","Dry","0000","42.89548389832149,-73.2010983376686"
"736795","","October 7, 2016, 3:15 PM","Bennington","Park Street","PARK ST.","Injury","Rear End","Clear","Federal Aid Urban System (Class 2 TH's and 3 TH's only)","16BN06914","Bennington PD.","2","0.54","None/Other","Day","Bowen Road","None","None","","VT0020100","Not at a Junction","None","Park Street","Dry","U1038","42.89211201157141,-73.19295740192953"
"1182265","","October 7, 2016, 6:25 PM","Bennington","301 Park Street","PARK ST","Property Damage Only","Rear End","Clear","Other Public Roadway (Rest Areas, Shopping Center - anything open to public)","16BN06928","Bennington PD.","9","999.99","None/Other","Day","MAUHS Parking Lot","None","None","","VT0020100","Parking Lot","None","301 Park Street","Dry","0000","42.88910815292336,-73.19261576134839"
"730368","","October 7, 2016, 8:21 PM","Bennington","US Route 7 North","VT-279","Property Damage Only","Single Vehicle Crash","Clear","Ramp or Spur","16BN06933","Bennington PD.","7","0.17","None/Other","Night","Welcome Center","None","None","","VT0020100","On Ramp","None","US Route 7 North","Dry","2790","42.88467699758789,-73.17226743408729"
"736160","","October 8, 2016, 12:10 AM","Bennington","300 North Street","US-7","Property Damage Only","No Turns, Thru moves only, Broadside ^<","Clear","Federal Aid Urban System (Class 2 TH's and 3 TH's only)","16BN06940","Bennington PD.","2","3.39","None/Other","Night","County Street","None","None","","VT0020100","Four-way Intersection","None","300 North Street","Dry","0070","42.884476822647215,-73.19685956582386"
"725131","","October 9, 2016, 11:46 AM","Bennington","Vermont Route 279","VT-279","Injury","Single Vehicle Crash","Cloudy","State Highway numbered route, State owned","16BN06967","Bennington PD.","10","3.54","None/Other","Day","Harwood Hill Road","None","None","","VT0020100","On Ramp","Road Surface Condition(wet, icy, snow, slush, etc)","Vermont Route 279","Wet","2790","42.90554141032802,-73.21197041821219"
"727101","","October 11, 2016, 10:22 AM","Bennington","201 South Street","US-7","Property Damage Only","Other - Explain in Narrative","Clear","State Highway numbered route, Class 1 TH","16BN07011","Bennington PD.","11","2.92","None/Other","Day","Union Street","None","None","","VT0020100","T - Intersection","None","201 South Street","Dry","0070","42.87767409441227,-73.19715442075685"
"1184113","","October 12, 2016, 6:44 PM","Bennington","49 White Birches MHP","Unknown","Property Damage Only","Single Vehicle Crash","Clear","City, Village or Urban Compact Street not in FA Urban Area (Class 2 and 3 Non-Federal Aid)","16BN07041","Bennington PD.","6","999.99","None/Other","Day","Barney Road","None","None","","VT0020100","Not at a Junction","None","49 White Birches MHP","Dry","0000","42.881822512973784,-73.16116130050226"
"724010","","October 13, 2016, 6:04 PM","Bennington","Vermont Route 279","VT-279","Property Damage Only","Single Vehicle Crash","Rain","State Highway numbered route, State owned","16BN07070","Bennington PD.","10","3.33","None/Other","Day","Exit 1","None","None","","VT0020100","Off Ramp","Road Surface Condition(wet, icy, snow, slush, etc)","Vermont Route 279","Dry","2790","42.9052686815801,-73.21576708941548"
"729669","","October 14, 2016, 4:59 PM","Bennington","126 North Street","US-7","Property Damage Only","Same Direction Sideswipe","Clear","State Highway numbered route, Class 1 TH","16BN07095","Bennington PD.","11","3.01","None/Other","Day","Pleasant Street","None","None","","VT0020100","Four-way Intersection","None","126 North Street","Dry","0070","42.878974122710574,-73.19708351157144"
"719105","","October 18, 2016, 6:42 PM","Bennington","Kocher Drive","KOCHER DR.","Property Damage Only","Rear End","Cloudy","Federal Aid Urban System (Class 2 TH's and 3 TH's only)","16BN07178","Bennington PD.","2","0.36","None/Other","Day","East Road","None","None","","VT0020100","Four-way Intersection","None","Kocher Drive","Dry","U1050","42.893851592053615,-73.1932469613959"
"723767","","October 20, 2016, 12:49 PM","Bennington","332 Main Street","VT-9","Property Damage Only","Same Direction Sideswipe","Cloudy","State Highway numbered route, State owned","16BN07212","Bennington PD.","10","4.36","None/Other","Day","North Street","None","None","","VT0020100","Four-way Intersection","None","332 Main Street","Dry","0090","42.878672282008395,-73.19772881167681"
"723596","","October 20, 2016, 2:15 PM","Bennington","US Route 7 South","US-7","Property Damage Only","Single Vehicle Crash","Rain","State Highway numbered route, State owned","16BN07215","Bennington PD.","10","1.76","None/Other","Day","Conservation Center","None","None","","VT0020100","Not at a Junction","Road Surface Condition(wet, icy, snow, slush, etc)","US Route 7 South","Wet","0070","42.86142731184364,-73.19857041042701"
"723896","","October 21, 2016, 8:20 AM","Bennington","1518 VT Route 7 South","US-7","Injury","Single Vehicle Crash","Clear","State Highway numbered route, State owned","16BN07232","Bennington PD.","10","0.64","None/Other","Day","Pole #97","None","None","","VT0020100","Not at a Junction","None","1518 VT Route 7 South","Wet","0070","42.84648832079778,-73.20207381323952"
"1219690","","October 21, 2016, 1:51 PM","Bennington","1 Church Street","CHURCH ST","Property Damage Only","Single Vehicle Crash","Rain","Street or Town Highways in FA Urban Area","16BN07236","Bennington PD.","5","999.99","None/Other","Day","Bank Street (North Bennington)+","None","None","","VT0020100","T - Intersection","Road Surface Condition(wet, icy, snow, slush, etc)","1 Church Street","Wet","0000","42.931601843116276,-73.24491162727384"
"924638","","October 21, 2016, 2:32 PM","Bennington","Northside Drive","VT-7A","Property Damage Only","No Turns, Thru moves only, Broadside ^<","Rain","State Highway numbered route, State owned","16BN07237","Bennington PD.","10","0.28","None/Other","Day","Orchard Road","None","None","","VT0020100","Four-way Intersection","Road Surface Condition(wet, icy, snow, slush, etc)","Northside Drive","Wet","0071","42.89613617240409,-73.20471779606787"
"1216348","","October 22, 2016, 10:52 AM","Bennington","118 South Street","Unknown","Property Damage Only","Same Direction Sideswipe","Cloudy","Other Public Roadway (Rest Areas, Shopping Center - anything open to public)","16BN07259","Bennington PD.","9","999.99","None/Other","Day","","None","None","","VT0020100","Parking Lot","None","118 South Street","Wet","0000","42.87752347720539,-73.19692924818744"
"1217962","","October 22, 2016, 1:21 PM","Bennington","River Street","RIVER ST","Property Damage Only","No Turns, Thru moves only, Broadside ^<","Rain","Street or Town Highways in FA Urban Area","16BN07261","Bennington PD.","5","999.99","None/Other","Day","Depot Street","None","None","","VT0020100","Four-way Intersection","None","River Street","Wet","0000","42.88200447384459,-73.19873011103715"
"1216440","","October 22, 2016, 1:47 PM","Bennington","10 Kocher Drive","Unknown","Property Damage Only","Rear-to-rear","Rain","Other Public Roadway (Rest Areas, Shopping Center - anything open to public)","16BN07263","Bennington PD.","9","999.99","None/Other","Day","Aldi Lot","None","None","","VT0020100","Parking Lot","Road Surface Condition(wet, icy, snow, slush, etc)","10 Kocher Drive","Wet","0000","42.89507778997239,-73.20126514371618"
"735955","","October 22, 2016, 6:46 PM","Bennington","North Bennington Road","VT-67A","Injury","Left Turn and Thru, Broadside v<--","Freezing Precipitation","State Highway numbered route, State owned","16BN07268","Bennington PD.","10","0.07","None/Other","Day","Harmon Road","None","None","","VT0020100","T - Intersection","None","North Bennington Road","Wet","0671","42.90139898133961,-73.21282967791626"
"1218342","","October 22, 2016, 9:32 PM","Bennington","Gore Road","TOWN ROAD 0054","Injury","Single Vehicle Crash","Freezing Precipitation","City, Village or Urban Compact Street not in FA Urban Area (Class 2 and 3 Non-Federal Aid)","16BN07271","Bennington PD.","6","999.99","None/Other","Night","Burgess Road","Alcohol","None","","VT0020100","Not at a Junction","None","Gore Road","Wet","T0054","42.86769368080857,-73.14940892917394"
"1214438","","October 23, 2016, 6:06 PM","Bennington","13 Applegate","Unknown","Property Damage Only","Other - Explain in Narrative","Cloudy","Other Public Roadway (Rest Areas, Shopping Center - anything open to public)","16BN07282","Bennington PD.","9","999.99","None/Other","Day","","None","None","","VT0020100","Parking Lot","None","13 Applegate","Dry","0000","42.903712498855405,-73.2097263703229"
"723962","","October 24, 2016, 5:17 PM","Bennington","North Bennington Road","VT-67A","Property Damage Only","Rear End","Clear","State Highway numbered route, State owned","16BN07297","Bennington PD.","10","0.38","None/Other","Day","Bank Of Bennington","None","None","","VT0020100","Four-way Intersection","None","North Bennington Road","Dry","0671","42.90425792535073,-73.21748205316165"
"1216994","","October 27, 2016, 4:52 PM","Bennington","340 North Street","Unknown","Property Damage Only","Other - Explain in Narrative","","Other Public Roadway (Rest Areas, Shopping Center - anything open to public)","16BN07356","Bennington PD.","9","999.99","None/Other","Day","Parking Lot Of Bennington Beverage Den","None","None","","VT0020100","Parking Lot","None","340 North Street","Wet","0000","42.886569892771384,-73.19996907822862"
"722682","","October 27, 2016, 10:04 PM","Bennington","783 Harwood HIll","VT-7A","Property Damage Only","Single Vehicle Crash","Cloudy","State Highway numbered route, State owned","16BN07369","Bennington PD.","10","1.57","Deer","Night","","None","None","","VT0020100","Not at a Junction","None","783 Harwood HIll","Dry","0071","42.912083918535465,-73.2112965216446"
"1234989","","October 28, 2016, 8:10 AM","Bennington","Fairview Road","TOWN ROAD 0025","Injury","Rear End","Cloudy","City, Village or Urban Compact Street not in FA Urban Area (Class 2 and 3 Non-Federal Aid)","16BN07374","Bennington PD.","6","999.99","None/Other","Day","Silk Road/Vail Road Intersection","None","None","","VT0020100","T - Intersection","None","Fairview Road","Wet","T0025","42.88182258365967,-73.16114906053757"
"722944","","October 28, 2016, 9:17 PM","Bennington","1270 US Route 7 S","US-7","Property Damage Only","Single Vehicle Crash","Clear","State Highway numbered route, State owned","16BN07395","Bennington PD.","10","0.69","Wild","Night","Fuller Road","None","None","","VT0020100","Not at a Junction","None","1270 US Route 7 S","Dry","0070","42.847213154196155,-73.20211728431443"
"1232193","","November 1, 2016, 11:11 PM","Bennington","301 Main Street","Unknown","Property Damage Only","Other - Explain in Narrative","Clear","Other Public Roadway (Rest Areas, Shopping Center - anything open to public)","16BN07490","Bennington PD.","9","999.99","None/Other","Night","Martins's Mobile","None","None","","VT0020100","Parking Lot","None","301 Main Street","Dry","0000","42.879095176557236,-73.19900328621812"
"722873","","November 2, 2016, 5:23 PM","Bennington","200 Union Street","UNION ST.","Injury","No Turns, Thru moves only, Broadside ^<","Clear","Federal Aid Urban System (Class 2 TH's and 3 TH's only)","16BN07518","Bennington PD.","2","0.17","None/Other","Day","","None","None","","VT0020100","Four-way Intersection","None","200 Union Street","Dry","U1052","42.87718484658781,-73.19390220757249"
"730337","","November 3, 2016, 1:24 PM","Bennington","Kocher Drive","VT-7A","Injury","Right Turn and Thru, Angle Broadside -->^--","Rain","State Highway numbered route, State owned","16BN07541","Bennington PD.","10","0.01","None/Other","Day","North Street","None","None","","VT0020100","Four-way Intersection","Road Surface Condition(wet, icy, snow, slush, etc)","Kocher Drive","Wet","0071","42.89422205693443,-73.20018762734887"
"1232481","","November 3, 2016, 5:31 PM","Bennington","543 Gore Road","TOWN ROAD 0054","Injury","Single Vehicle Crash","Rain","City, Village or Urban Compact Street not in FA Urban Area (Class 2 and 3 Non-Federal Aid)","16BN07543","Bennington PD.","6","999.99","None/Other","Day","Sunset Drive","None","None","","VT0020100","Not at a Junction","Road Surface Condition(wet, icy, snow, slush, etc)","543 Gore Road","Wet","T0054","42.86751865299975,-73.16886534391436"
"726045","","November 4, 2016, 3:56 PM","Bennington","181 Orchard Road","WILLOW RD.","Property Damage Only","Left Turn and Thru, Same Direction Sideswipe/Angle Crash vv--","Clear","Federal Aid Urban System (Class 2 TH's and 3 TH's only)","16BN07561","Bennington PD.","2","0.16","None/Other","Day","Bennington Rural Fire Department","None","None","","VT0020100","Not at a Junction","None","181 Orchard Road","Dry","U1063","42.898407521136434,-73.20309470088142"
"1254561","","November 5, 2016, 2:27 PM","Bennington","432 South Street","NATHANIEL CT","Property Damage Only","Rear-to-rear","Clear","Other Public Roadway (Rest Areas, Shopping Center - anything open to public)","16BN07575","Bennington PD.","9","999.99","None/Other","Day","Parking Lot","None","None","","VT0020100","Unknown","None","432 South Street","","0000","42.87304482985743,-73.19621794559"
"730532","","November 6, 2016, 1:43 PM","Bennington","194 North Street","US-7","Property Damage Only","No Turns, Thru moves only, Broadside ^<","Cloudy","State Highway numbered route, Class 1 TH","16BN07597","Bennington PD.","11","3.19","None/Other","Day","","None","None","","VT0020100","Not at a Junction","None","194 North Street","Dry","0070","42.88158527532625,-73.19698663020887"
"723871","","November 7, 2016, 6:12 AM","Bennington","232 Branch Street","NORTH BRANCH ST.","Property Damage Only","Left Turn and Thru, Angle Broadside -->v--","Clear","Federal Aid Urban System (Class 2 TH's and 3 TH's only)","16BN07610","Bennington PD.","2","0.3","None/Other","Night","County Street","None","None","","VT0020100","T - Intersection","None","232 Branch Street","Dry","U1036","42.88349600848554,-73.1818630332176"
"731255","","November 9, 2016, 4:50 AM","Bennington","Vermont Route 7 North","US-7","Property Damage Only","No Turns, Thru moves only, Broadside ^<","Rain","State Highway numbered route, State owned","16BN07673","Bennington PD.","10","5.83","Deer","Night","Exit 2","None","None","","VT0020100","Not at a Junction","None","Vermont Route 7 North","Wet","0070","42.91539231834393,-73.20828981309425"
"730583","","November 9, 2016, 1:12 PM","Bennington","614 Harwood HIll Road","VT-7A","Property Damage Only","Rear End","Rain","State Highway numbered route, State owned","16BN07684","Bennington PD.","10","1.41","None/Other","Day","Houghton Lane","None","None","","VT0020100","Not at a Junction","None","614 Harwood HIll Road","Wet","0071","42.90974717824227,-73.21143281992305"
"727102","","November 9, 2016, 5:02 PM","Bennington","Northside Drive","VT-7A","Property Damage Only","Rear End","Rain","State Highway numbered route, State owned","16BN07691","Bennington PD.","10","0.16","None/Other","Day","Aldi's","None","None","","VT0020100","Four-way Intersection","None","Northside Drive","Wet","0071","42.894992833562675,-73.20296170158485"
"725497","","November 10, 2016, 12:52 PM","Bennington","120 Main Street","VT-9","Property Damage Only","Rear End","Cloudy","State Highway numbered route, Class 1 TH","16BN07708","Bennington PD.","11","3.86","None/Other","Day","Hemmings Motors","None","None","","VT0020100","Not at a Junction","None","120 Main Street","Dry","0090","42.88202601385897,-73.20620837855027"
"1267168","","November 11, 2016, 7:06 AM","Bennington","916 Main Street","Unknown","Property Damage Only","Single Vehicle Crash","Clear","Other Public Roadway (Rest Areas, Shopping Center - anything open to public)","16BN07731","Bennington PD.","9","999.99","None/Other","Day","Moose Lodge","Drugs","None","","VT0020100","Parking Lot","None","916 Main Street","Dry","0000","42.879726871488856,-73.17930353440855"
"731575","","November 11, 2016, 3:40 PM","Bennington","201 Union Street","UNION ST.","Property Damage Only","No Turns, Thru moves only, Broadside ^<","Clear","Federal Aid Urban System (Class 2 TH's and 3 TH's only)","16BN07740","Bennington PD.","2","0.18","None/Other","Day","Silver/Union Streets","None","None","","VT0020100","Four-way Intersection","None","201 Union Street","Dry","U1052","42.87716929161022,-73.19371558106214"
"730178","","November 11, 2016, 3:41 PM","Bennington","27 Main Street, North Bennington, VT","VT-67","Property Damage Only","Rear End","Cloudy","State Highway numbered route, Class 1 TH","16BN07741","Bennington PD.","11","0.49","None/Other","Day","Kevins Restaurant","None","None","","VT0020100","Not at a Junction","None","27 Main Street, North Bennington, VT","Dry","0670","42.93081391444422,-73.2425770376207"
"732204","","November 11, 2016, 5:13 PM","Bennington","Vermont Route 279","US-7","Property Damage Only","Single Vehicle Crash","Cloudy","Ramp or Spur","16BN07744","Bennington PD.","7","0.24","Deer","Day","Welcome Center","None","None","","VT0020100","On Ramp","None","Vermont Route 279","Dry","0070","42.90571709740653,-73.20626175163164"