"ObjectID","Mapped","Crash Date","City/Town","Address","AOT Route","Crash Type","Collision Direction","Weather","Road Group","Report Number","Reporting Agency","Road Group ID","AOT Actual Milepoint","Animal","Time of Day","Intersection With","Impairment","Involving","Non Reportable Address","Reporting Agency ID","Road Characteristics","Road Condition","Street Address","Surface Condition","AOT Route ID","Coordinates"
"731724","","November 12, 2016, 12:09 PM","Bennington","North Branch Street","BROOKLYN DR.","Injury","No Turns, Thru moves only, Broadside ^<","Clear","Federal Aid Urban System (Class 2 TH's and 3 TH's only)","16BN07758","Bennington PD.","2","1.2","None/Other","Day","Park Street","None","None","","VT0020100","Four-way Intersection","None","North Branch Street","Dry","U1009","42.893851592053615,-73.1932469613959"
"1268705","","November 13, 2016, 8:54 AM","Bennington","2 Bank Street","Unknown","Property Damage Only","Other - Explain in Narrative","Clear","Other Public Roadway (Rest Areas, Shopping Center - anything open to public)","16BN07774","Bennington PD.","9","999.99","None/Other","Day","Paulins Store","None","None","","VT0020100","Parking Lot","None","2 Bank Street","Dry","0000","42.93017455351739,-73.24290988166231"
"723913","","November 14, 2016, 12:02 PM","Bennington","North Bennington Road","VT-67A","Injury","Other - Explain in Narrative","Clear","State Highway numbered route, State owned","16BN07793","Bennington PD.","10","0.54","None/Other","Day","Bennington Subaru","None","None","","VT0020100","Four-way Intersection","None","North Bennington Road","Dry","0671","42.90635667365098,-73.21901639013093"
"730262","","November 15, 2016, 5:53 PM","Bennington","701 Main Street","VT-9","Injury","Rear End","Rain","State Highway numbered route, Class 1 TH","16BN07829","Bennington PD.","11","4.83","None/Other","Day","","None","None","","VT0020100","T - Intersection","Road Surface Condition(wet, icy, snow, slush, etc)","701 Main Street","Wet","0090","42.87842183050062,-73.18863005949369"
"726172","","November 16, 2016, 9:33 PM","Bennington","US Route 7","US-7","Property Damage Only","Single Vehicle Crash","","State Highway numbered route, State owned","16BN7859","Bennington PD.","10","7.41","Deer","Night","Exit 2","None","None","","VT0020100","Not at a Junction","None","US Route 7","Wet","0070","42.93087947884717,-73.18921037291568"
"723838","","November 17, 2016, 11:11 AM","Bennington","Northside Drive","VT-7A","Property Damage Only","Rear End","Clear","State Highway numbered route, State owned","16BN07865","Bennington PD.","10","0.34","None/Other","Day","Hicks Avenue","None","None","","VT0020100","Not at a Junction","None","Northside Drive","Dry","0071","42.896703965424734,-73.20560068177784"
"729228","","November 17, 2016, 3:26 PM","Bennington","East Road","EAST RD","Property Damage Only","Rear End","Cloudy","Federal Aid Secondary System (Class 2 TH)","16BN07868","Bennington PD.","3","0.84","None/Other","Day","Willow Road","None","None","","VT0020100","Not at a Junction","None","East Road","Dry","S0173","42.914799394011396,-73.18781664393224"
"724423","","November 17, 2016, 9:30 PM","Bennington","Northside Drive","VT-7A","Property Damage Only","Single Vehicle Crash","Clear","Ramp or Spur","16BN07876","Bennington PD.","7","0.03","None/Other","Night","Benmont Avenue","None","None","","VT0020100","T - Intersection","None","Northside Drive","Dry","0071","42.89486131428491,-73.2029950991807"
"1269973","","November 17, 2016, 9:51 PM","Bennington","US RT 7","US-7","","","","State Highway numbered route, State owned","16C303958","VSP - B3 Shaftsbury","10","999.99","","Night","","","","US RT 7 BENNINGTON VT","VTVSP0900","","","US RT 7","","0070","42.907263958464696,-73.20909271059126"
"727085","","November 17, 2016, 10:40 PM","Bennington","South Stream Road","S STREAM RD","Injury","Opp Direction Sideswipe","Cloudy","Federal Aid Secondary System (Class 2 TH)","16BN07880","Bennington PD.","3","0.17","None/Other","Night","Niles Road","None","None","","VT0020100","Not at a Junction","None","South Stream Road","Wet","S0103","42.839169533072734,-73.17158466713879"
"727267","","November 18, 2016, 3:39 PM","Bennington","Orchard Road","WILLOW RD.","Property Damage Only","Rear End","Cloudy","Federal Aid Urban System (Class 2 TH's and 3 TH's only)","16BN07895","Bennington PD.","2","0","None/Other","Day","Northside Drive","None","None","","VT0020100","Four-way Intersection","None","Orchard Road","Dry","U1063","42.89616543906403,-73.2047627168982"
"726595","","November 19, 2016, 1:19 PM","Bennington","North Bennington Road","VT-67A","Property Damage Only","Left and Right Turns, Simultaneous Turn Crash --vv--","Clear","State Highway numbered route, State owned","16BN07912","Bennington PD.","10","0.07","None/Other","Day","Short Street","None","None","","VT0020100","T - Intersection","None","North Bennington Road","Dry","0671","42.90139898133961,-73.21282967791626"
"729720","","November 20, 2016, 9:35 PM","Bennington","210 Northside Drive","VT-7A","Property Damage Only","Other - Explain in Narrative","Freezing Precipitation","State Highway numbered route, State owned","16BN07947","Bennington PD.","10","0.64","None/Other","Night","Traffic Circle","None","None","","VT0020100","Traffic circle / roundabout","Road Surface Condition(wet, icy, snow, slush, etc)","210 Northside Drive","Snow","0071","42.899436378558065,-73.21006948112237"
"1286438","","November 21, 2016, 8:01 AM","Bennington","100 River Street","RIVER ST","Property Damage Only","Same Direction Sideswipe","Cloudy","Street or Town Highways in FA Urban Area","16BN07956","Bennington PD.","5","999.99","None/Other","Day","Benmont Avenue","None","None","","VT0020100","Not at a Junction","None","100 River Street","Wet","0000","42.88211019973749,-73.20204855251222"
"723494","","November 21, 2016, 11:04 AM","Bennington","306 North Street","US-7","Property Damage Only","Other - Explain in Narrative","Freezing Precipitation","State Highway numbered route, Class 1 TH","16BN07958","Bennington PD.","11","3.41","None/Other","Day","","None","None","","VT0020100","Not at a Junction","None","306 North Street","Snow","0070","42.88473934116536,-73.19685089339355"
"1287835","","November 21, 2016, 11:53 PM","Bennington","100 Hospital Drive","Unknown","Property Damage Only","Single Vehicle Crash","Freezing Precipitation","Other Public Roadway (Rest Areas, Shopping Center - anything open to public)","16BN07952","Bennington PD.","9","999.99","None/Other","Night","Southern VT Medical Center Emergency Room Entrance","None","None","","VT0020100","T - Intersection","Road Surface Condition(wet, icy, snow, slush, etc)","100 Hospital Drive","Snow","0000","42.873613389125104,-73.20772908036531"
"728548","","November 22, 2016, 3:10 PM","Bennington","650 Main Street","VT-9","Property Damage Only","Right Turn and Thru, Same Direction Sideswipe/Angle Crash ^^--","Cloudy","State Highway numbered route, Class 1 TH","16BN07981","Bennington PD.","11","4.76","None/Other","Day","Old Junior High","None","None","","VT0020100","Not at a Junction","None","650 Main Street","Wet","0090","42.878194134100035,-73.1898830852396"
"726465","","November 22, 2016, 3:47 PM","Bennington","Main Street","VT-67A","Property Damage Only","Left Turn and Thru, Angle Broadside -->v--","Cloudy","State Highway numbered route, Class 1 TH","16BN07982","Bennington PD.","11","3.23","None/Other","Day","West Street - North Bennington","None","None","","VT0020100","Four-way Intersection","None","Main Street","Dry","0671","42.92869660655495,-73.24264879214807"
"1283535","","November 22, 2016, 3:56 PM","Bennington","335 Dewey Street","Unknown","Property Damage Only","Rear-to-rear","Cloudy","Other Public Roadway (Rest Areas, Shopping Center - anything open to public)","16BN07983","Bennington PD.","9","999.99","None/Other","Day","Parking Lot","None","None","","VT0020100","Parking Lot","None","335 Dewey Street","Dry","0000","42.87165773014978,-73.20517332286998"
"726513","","November 22, 2016, 5:55 PM","Bennington","Kocher Drive","KOCHER DR.","Property Damage Only","Right Turn and Thru, Broadside ^<--","Cloudy","Federal Aid Urban System (Class 2 TH's and 3 TH's only)","16BN07986","Bennington PD.","2","0.36","None/Other","Day","Park Street","None","None","","VT0020100","Four-way Intersection","None","Kocher Drive","Wet","U1050","42.893851592053615,-73.1932469613959"
"723984","","November 23, 2016, 8:50 PM","Bennington","693 US Route 7 South","US-7","Property Damage Only","Opp Direction Sideswipe","Rain","State Highway numbered route, State owned","16BN08013","Bennington PD.","10","1.47","None/Other","Night","","None","None","","VT0020100","Not at a Junction","None","693 US Route 7 South","Wet","0070","42.85796127403438,-73.20173651784485"
"724420","","November 25, 2016, 10:12 AM","Bennington","North Branch Street","BROOKLYN DR.","Property Damage Only","Other - Explain in Narrative","Rain","Federal Aid Urban System (Class 2 TH's and 3 TH's only)","16BN08035","Bennington PD.","2","0.17","None/Other","Day","Catamount MHP","None","None","","VT0020100","Not at a Junction","None","North Branch Street","Other - Explain in Narrative","U1009","42.88570688571444,-73.1807591470702"
"726126","","November 25, 2016, 8:31 PM","Bennington","10 Safford Street","SAFFORD ST.","Property Damage Only","Same Direction Sideswipe","Cloudy","Federal Aid Urban System (Class 2 TH's and 3 TH's only)","16BN08044","Bennington PD.","2","0.2","None/Other","Night","Safford/Gage Street","None","None","","VT0020100","Not at a Junction","None","10 Safford Street","Dry","U1044","42.88138190940997,-73.18772905418206"
"723824","","November 26, 2016, 8:54 AM","Bennington","624 Main Street","VT-9","Property Damage Only","Other - Explain in Narrative","Cloudy","State Highway numbered route, Class 1 TH","16BN08055","Bennington PD.","11","4.67","None/Other","Day","First Baptist Churvch","None","None","","VT0020100","Not at a Junction","None","624 Main Street","Dry","0090","42.87797141155996,-73.19153210060215"
"1304758","","November 26, 2016, 2:47 PM","Bennington","121 North Bennington Road","Unknown","Property Damage Only","Other - Explain in Narrative","Rain","Other Public Roadway (Rest Areas, Shopping Center - anything open to public)","16BN08058","Bennington PD.","9","999.99","None/Other","Day","","None","None","","VT0020100","Parking Lot","None","121 North Bennington Road","Wet","0000","42.908113508271526,-73.21853268813719"
"730595","","November 27, 2016, 2:53 PM","Bennington","Vermont Route 9","VT-9","Injury","Single Vehicle Crash","Freezing Precipitation","State Highway numbered route, State owned","16BN08072","Bennington PD.","10","0.46","None/Other","Day","West End Motel","None","None","","VT0020100","Not at a Junction","None","Vermont Route 9","Wet","0090","42.87501031612155,-73.26882218005913"
"726272","","November 27, 2016, 3:32 PM","Bennington","VT RT 279","VT-279","Property Damage Only","Same Direction Sideswipe","Freezing Precipitation","State Highway numbered route, State owned","16BN08074","Bennington PD.","10","4.68","None/Other","Day","US Route 7","None","None","","VT0020100","","","VT RT 279","","2790","42.901790039276825,-73.18598652375894"
"723968","","November 28, 2016, 6:03 AM","Bennington","West Road","VT-9","Property Damage Only","No Turns, Thru moves only, Broadside ^<","Clear","State Highway numbered route, State owned","16BN08083","Bennington PD.","10","2.91","Deer","Night","Fox Hill Road","None","None","","VT0020100","Not at a Junction","None","West Road","Other - Explain in Narrative","0090","42.88214371545881,-73.22214364769125"
"1303439","","November 28, 2016, 4:17 PM","Bennington","Hospital Drive","HOSPITAL DR","Property Damage Only","Rear End","Cloudy","Street or Town Highways in FA Urban Area","16BN08096","Bennington PD.","5","999.99","None/Other","Day","Dewey Street","None","None","","VT0020100","T - Intersection","None","Hospital Drive","Wet","0000","42.873922638630866,-73.20429341328052"
"727097","","November 28, 2016, 6:42 PM","Bennington","Vermont Route 279 East","VT-279","Property Damage Only","Single Vehicle Crash","Clear","Ramp or Spur","16BN08098","Bennington PD.","7","0.29","Deer","Night","Vermont Route 9","None","None","","VT0020100","Off Ramp","None","Vermont Route 279 East","Dry","2790","42.88304784669795,-73.17145434792785"
"736838","","November 30, 2016, 9:21 PM","Bennington","300 North Street","US-7","Property Damage Only","No Turns, Thru moves only, Broadside ^<","","State Highway numbered route, Class 1 TH","16BN08148","Bennington PD.","11","3.38","None/Other","Night","County Street","None","None","","VT0020100","Four-way Intersection","None","300 North Street","Wet","0070","42.88434139451663,-73.19686318278254"
"1302568","","December 1, 2016, 10:40 AM","Bennington","College Drive","Unknown","Property Damage Only","No Turns, Thru moves only, Broadside ^<","Cloudy","Other Public Roadway (Rest Areas, Shopping Center - anything open to public)","16BN08154","Bennington PD.","9","999.99","None/Other","Day","Bennington College, North Bennington(Ohio Parking Lot)","None","None","","VT0020100","Parking Lot","None","College Drive","Dry","0000","42.91934206625822,-73.24202033829845"
"723519","","December 1, 2016, 11:34 AM","Bennington","116 SouthStreet","US-7","Property Damage Only","Rear End","Clear","State Highway numbered route, Class 1 TH","16BN08157","Bennington PD.","11","2.93","None/Other","Day","Franklin Street","None","None","","VT0020100","Four-way Intersection","None","116 SouthStreet","Dry","0070","42.87781824366712,-73.19715075172691"
"736817","","December 1, 2016, 8:39 PM","Bennington","Dewey Street","DEWEY ST.","Property Damage Only","Same Direction Sideswipe","Clear","Federal Aid Urban System (Class 2 TH's and 3 TH's only)","16BN08165","Bennington PD.","2","0.77","None/Other","Night","Elm Street","None","None","","VT0020100","Not at a Junction","None","Dewey Street","Dry","U1020","42.87616744517958,-73.20355364230392"
"1302838","","December 1, 2016, 10:16 PM","Bennington","1266 Orebed Road","TOWN ROAD 0020","Property Damage Only","Single Vehicle Crash","Cloudy","City, Village or Urban Compact Street not in FA Urban Area (Class 2 and 3 Non-Federal Aid)","16BN08168","Bennington PD.","6","999.99","None/Other","Night","North Bennington","None","None","","VT0020100","Not at a Junction","Road Surface Condition(wet, icy, snow, slush, etc)","1266 Orebed Road","Wet","T0020","42.884446023405395,-73.19692148111636"
"1320025","","December 2, 2016, 4:14 AM","Bennington","2061 Middle Pownal Road","TOWN ROAD 0049","Property Damage Only","Single Vehicle Crash","Clear","City, Village or Urban Compact Street not in FA Urban Area (Class 2 and 3 Non-Federal Aid)","16BN08172","Bennington PD.","6","999.99","None/Other","Night","Niles Road","None","None","","VT0020100","Not at a Junction","None","2061 Middle Pownal Road","Dry","T0049","42.8410578986192,-73.18620432146544"
"723565","","December 2, 2016, 2:47 PM","Bennington","111 Northside Drive","VT-7A","Property Damage Only","Rear End","Clear","State Highway numbered route, State owned","16BN08181","Bennington PD.","10","0.24","None/Other","Day","Shell Gas Statation","None","None","","VT0020100","Four-way Intersection","None","111 Northside Drive","Dry","0071","42.89575485693994,-73.20413253775764"
"1317935","","December 2, 2016, 3:18 PM","Bennington","655 Gage Street","Unknown","Property Damage Only","Other - Explain in Narrative","Cloudy","Other Public Roadway (Rest Areas, Shopping Center - anything open to public)","16BN08183","Bennington PD.","9","999.99","None/Other","Day","Bennington Recreation Center Parking Lot","None","None","","VT0020100","Parking Lot","None","655 Gage Street","Dry","0000","42.88083927088283,-73.18598682216611"
"723647","","December 5, 2016, 12:47 AM","Bennington","Vermont Route 7A","VT-7A","Property Damage Only","Single Vehicle Crash","Clear","State Highway numbered route, State owned","16BN08231","Bennington PD.","10","1.07","None/Other","Night","Orchard Road","None","None","","VT0020100","Crossover","None","Vermont Route 7A","Dry","0071","42.904783605115476,-73.21176422149514"
"720348","","December 5, 2016, 8:23 PM","Bennington","US Route 7","US-7","Property Damage Only","Single Vehicle Crash","Clear","State Highway numbered route, State owned","16BN08253","Bennington PD.","10","5.63","Deer","Night","Exit 2","None","None","","VT0020100","Not at a Junction","None","US Route 7","Dry","0070","42.91258730548782,-73.20829427720348"
"728368","","December 6, 2016, 5:25 PM","Bennington","US Roue 7 North","US-7","Property Damage Only","Single Vehicle Crash","Cloudy","State Highway numbered route, State owned","16BN08278","Bennington PD.","10","4.5","Deer","Day","Exit 1","None","None","","VT0020100","On Ramp","None","US Roue 7 North","Dry","0070","42.89930169334255,-73.19961573936754"
"719201","","December 7, 2016, 5:35 PM","Bennington","229 Elm Street","ELM ST.","Property Damage Only","Other - Explain in Narrative","Cloudy","Federal Aid Urban System (Class 2 TH's and 3 TH's only)","16BN08306","Bennington PD.","2","0.4","None/Other","Day","","None","None","","VT0020100","Parking Lot","None","229 Elm Street","Wet","U1022","42.877419133379746,-73.20214251414217"
"1319930","","December 10, 2016, 12:51 PM","Bennington","210 Northsdie Drive","Unknown","Property Damage Only","Rear End","Clear","Other Public Roadway (Rest Areas, Shopping Center - anything open to public)","16BN08365","Bennington PD.","9","999.99","None/Other","Day","","None","None","","VT0020100","Not at a Junction","None","210 Northsdie Drive","Dry","0000","42.89782836158006,-73.21067512281343"
"725421","","December 12, 2016, 5:52 AM","Bennington","Park Street","PARK ST.","Property Damage Only","Single Vehicle Crash","Freezing Precipitation","Federal Aid Urban System (Class 2 TH's and 3 TH's only)","16BN08394","Bennington PD.","2","0.29","None/Other","Night","Mount Anthony Union High School","None","None","","VT0020100","Not at a Junction","Road Surface Condition(wet, icy, snow, slush, etc)","Park Street","Snow","U1038","42.888514756019404,-73.19268371605187"
"1321851","","December 12, 2016, 10:09 AM","Bennington","Pageant Street","Unknown","Property Damage Only","No Turns, Thru moves only, Broadside ^<","Freezing Precipitation","Street or Town Highways in FA Urban Area","16BN08400","Bennington PD.","5","999.99","None/Other","Day","Leonard Street","None","Heavy Truck","","VT0020100","Four-way Intersection","None","Pageant Street","Snow","0000","42.88600504504037,-73.20400239941318"
"1318957","","December 13, 2016, 10:16 AM","Bennington","116 Elm Street","Unknown","Property Damage Only","Other - Explain in Narrative","Clear","Other Public Roadway (Rest Areas, Shopping Center - anything open to public)","16BN08421","Bennington PD.","9","999.99","None/Other","Day","Post Office","None","None","","VT0020100","Parking Lot","None","116 Elm Street","Wet","0000","42.876453937159994,-73.19812893716698"
"1321539","","December 13, 2016, 12:05 PM","Bennington","210 Northside Drive","Unknown","Property Damage Only","Same Direction Sideswipe","Clear","Other Public Roadway (Rest Areas, Shopping Center - anything open to public)","16BN08426","Bennington PD.","9","999.99","None/Other","Day","Price Chopper Lot","None","None","","VT0020100","Parking Lot","None","210 Northside Drive","Wet","0000","42.899054511133905,-73.21037085774304"
"730707","","December 13, 2016, 4:55 PM","Bennington","510 South Street","US-7","Property Damage Only","Single Vehicle Crash","Cloudy","State Highway numbered route, Class 1 TH","16BN08434","Bennington PD.","11","2.49","Deer","Day","Park Lawn Cemetery","None","None","","VT0020100","Not at a Junction","None","510 South Street","Wet","0070","42.87159755184889,-73.1961453316326"
"731302","","December 13, 2016, 7:15 PM","Bennington","210 South Street","US-7","Property Damage Only","Other - Explain in Narrative","Clear","State Highway numbered route, Class 1 TH","16BN08436","Bennington PD.","11","2.87","None/Other","Night","Elm Street","None","None","","VT0020100","Not at a Junction","None","210 South Street","Wet","0070","42.876953540017446,-73.1971978364151"
"719174","","December 13, 2016, 11:03 PM","Bennington","Union Street","UNION ST.","Property Damage Only","Head On","Freezing Precipitation","Federal Aid Urban System (Class 2 TH's and 3 TH's only)","16BN08442","Bennington PD.","2","0.21","None/Other","Night","Silver Street","None","None","","VT0020100","Not at a Junction","Road Surface Condition(wet, icy, snow, slush, etc)","Union Street","Snow","U1052","42.8771233229963,-73.19315561999872"
"736141","","December 14, 2016, 1:56 PM","Bennington","1896 Harwood Hill Road","VT-7A","Property Damage Only","Other - Explain in Narrative","","State Highway numbered route, State owned","16BN08452","Bennington PD.","10","2.69","None/Other","Day","Market Wagon","None","None","","VT0020100","Parking Lot","None","1896 Harwood Hill Road","Dry","0071","42.92797765087732,-73.20848971574591"
"730630","","December 15, 2016, 2:19 PM","Bennington","301 Park Street","PARK ST.","Property Damage Only","Rear End","Cloudy","Federal Aid Urban System (Class 2 TH's and 3 TH's only)","16BN08488","Bennington PD.","2","0.07","None/Other","Day","High School Drive Way","None","None","","VT0020100","Not at a Junction","None","301 Park Street","Dry","U1038","42.88531592048261,-73.19295359011365"
"1322046","","December 15, 2016, 10:07 PM","Bennington","164 Morgan Street","MORGAN ST","Property Damage Only","Single Vehicle Crash","Freezing Precipitation","Street or Town Highways in FA Urban Area","16BN08497","Bennington PD.","5","999.99","None/Other","Night","Forestview Drive","None","None","","VT0020100","T - Intersection","Road Surface Condition(wet, icy, snow, slush, etc)","164 Morgan Street","Ice","0000","42.873219572381025,-73.18666124062169"
"1321018","","December 16, 2016, 6:23 AM","Bennington","110 Shields Drive","Unknown","Property Damage Only","Single Vehicle Crash","Clear","Other Public Roadway (Rest Areas, Shopping Center - anything open to public)","16BN08501","Bennington PD.","9","999.99","None/Other","Night","NSK Parking Lot","None","None","","VT0020100","Parking Lot","None","110 Shields Drive","Dry","0000","42.89845635283795,-73.19043075554677"
"729105","","December 17, 2016, 2:46 AM","Bennington","US Route 7 South","US-7","Property Damage Only","Single Vehicle Crash","Freezing Precipitation","State Highway numbered route, State owned","16BN08529","Bennington PD.","10","1.76","Deer","Night","604 US Route 7 South","None","None","","VT0020100","Not at a Junction","Road Surface Condition(wet, icy, snow, slush, etc)","US Route 7 South","Snow","0070","42.86142731184364,-73.19857041042701"
"737048","","December 17, 2016, 3:32 AM","Bennington","110 Benmont Avenue","BENMONT AVE.","Injury","No Turns, Thru moves only, Broadside ^<","Freezing Precipitation","Federal Aid Urban System (Class 2 TH's and 3 TH's only)","16BN08530","Bennington PD.","2","0","None/Other","Night","Main Street","None","None","","VT0020100","Four-way Intersection","Road Surface Condition(wet, icy, snow, slush, etc)","110 Benmont Avenue","Snow","U1006","42.880596678020844,-73.20217153561555"
"730663","","December 18, 2016, 5:13 PM","Bennington","100 Northside Drive","HUNT ST. WEST","Property Damage Only","Rear End","Clear","Federal Aid Urban System (Class 2 TH's and 3 TH's only)","16BN08564","Bennington PD.","2","0.2","None/Other","Day","Benmont Avenue","None","None","","VT0020100","Four-way Intersection","None","100 Northside Drive","Ice","U1030","42.89417303081147,-73.20248899041849"
"923733","","December 19, 2016, 5:43 PM","Bennington","160 Benmont Avenue","BENMONT AVE.","Injury","Left Turn and Thru, Broadside v<--","Clear","Federal Aid Urban System (Class 2 TH's and 3 TH's only)","16BN08583","Bennington PD.","2","0.24","None/Other","Day","County Street","None","None","","VT0020100","","None","160 Benmont Avenue","Dry","U1006","42.88412198955524,-73.20194395909863"
"737161","","December 20, 2016, 7:37 AM","Bennington","1014 South Stream Road","S STREAM RD","Property Damage Only","Single Vehicle Crash","Clear","Federal Aid Secondary System (Class 2 TH)","16BN08595","Bennington PD.","3","1.45","Deer","Day","1004 South Stream Road","None","None","","VT0020100","Not at a Junction","None","1014 South Stream Road","Dry","S0103","42.85733164948049,-73.17435836819627"
"1321428","","December 20, 2016, 11:47 AM","Bennington","Depot Street","Unknown","Property Damage Only","Other - Explain in Narrative","Clear","Other Public Roadway (Rest Areas, Shopping Center - anything open to public)","16BN08601","Bennington PD.","9","999.99","None/Other","Day","North Bennington Train Station Parking Lot","None","None","","VT0020100","Parking Lot","None","Depot Street","Dry","0000","42.93215081413591,-73.24216184348704"
"728892","","December 21, 2016, 6:28 AM","Bennington","State Route 7","US-7","Property Damage Only","Single Vehicle Crash","Cloudy","State Highway numbered route, State owned","16BN08613","Bennington PD.","10","5.74","Deer","Night","Houghton Road Overpass","None","None","","VT0020100","Not at a Junction","None","State Route 7","Dry","0070","42.91413010801835,-73.2083070527242"
"736495","","December 21, 2016, 11:52 AM","Bennington","VT Route 279","US-7","Property Damage Only","Single Vehicle Crash","Clear","Ramp or Spur","16BN08635","Bennington PD.","7","0.3","Deer","Day","Exit 1","None","None","","VT0020100","Off Ramp","None","VT Route 279","Dry","0070","42.90561439371534,-73.21098678212343"
"1318521","","December 22, 2016, 9:11 AM","Bennington","Hewitt Drive","HEWITT DR","Property Damage Only","Same Direction Sideswipe","Freezing Precipitation","Street or Town Highways in FA Urban Area","16BN08642","Bennington PD.","5","999.99","None/Other","Day","East Road","None","None","","VT0020100","Not at a Junction","","Hewitt Drive","Snow","0000","42.90335656993259,-73.1928854511782"
"1321434","","December 22, 2016, 9:44 AM","Bennington","761 Harrington Road","TOWN ROAD 0008","Property Damage Only","Same Direction Sideswipe","Freezing Precipitation","City, Village or Urban Compact Street not in FA Urban Area (Class 2 and 3 Non-Federal Aid)","16BN08643","Bennington PD.","6","999.99","None/Other","Day","Bert Henry Bridge","None","None","","VT0020100","Not at a Junction","Road Surface Condition(wet, icy, snow, slush, etc)","761 Harrington Road","Ice","T0008","42.920294599168045,-73.26281716048624"
"725716","","December 22, 2016, 3:48 PM","Bennington","113 North Branch Street","BROOKLYN DR.","Property Damage Only","Right Turn and Thru, Same Direction Sideswipe/Angle Crash ^^--","Cloudy","Federal Aid Urban System (Class 2 TH's and 3 TH's only)","16BN08655","Bennington PD.","2","0.11","None/Other","Day","Bridge","None","None","","VT0020100","Not at a Junction","None","113 North Branch Street","Wet","U1009","42.884862627653426,-73.18090687190416"
"1321252","","December 22, 2016, 5:29 PM","Bennington","109 Holden Street","HOLDEN ST","Property Damage Only","Other - Explain in Narrative","Clear","City, Village or Urban Compact Street not in FA Urban Area (Class 2 and 3 Non-Federal Aid)","16BN08657","Bennington PD.","6","999.99","None/Other","Day","","None","None","","VT0020100","Parking Lot","Road Surface Condition(wet, icy, snow, slush, etc)","109 Holden Street","Snow","0000","42.88354934216606,-73.20370517220783"
"736857","","December 22, 2016, 6:32 PM","Bennington","US Route 7 North","US-7","Property Damage Only","Single Vehicle Crash","Cloudy","State Highway numbered route, State owned","16BN08659","Bennington PD.","10","4.28","Deer","Night","Exit 2","None","None","","VT0020100","Not at a Junction","None","US Route 7 North","Wet","0070","42.896118990908,-73.19984278743175"
"1320039","","December 23, 2016, 1:50 PM","Bennington","Silk Road","SILK RD","Property Damage Only","Same Direction Sideswipe","Clear","Street or Town Highways in FA Urban Area","16BN08676","Bennington PD.","5","999.99","None/Other","Day","Cardinal Lane","None","None","","VT0020100","Not at a Junction","None","Silk Road","Dry","0000","42.89678464246261,-73.22495149707811"
"737330","","December 23, 2016, 6:13 PM","Bennington","111 Northside Drive","VT-7A","Property Damage Only","Rear End","Cloudy","State Highway numbered route, State owned","16BN08683","Bennington PD.","10","0.24","None/Other","Night","Cumberland Farms","None","None","","VT0020100","Not at a Junction","None","111 Northside Drive","Dry","0071","42.89575485693994,-73.20413253775764"
"728457","","December 24, 2016, 7:50 AM","Bennington","Kocher Drive","VT-7A","Property Damage Only","Rear End","Cloudy","State Highway numbered route, State owned","16BN08697","Bennington PD.","10","0.07","None/Other","Day","Northside Drive","None","None","","VT0020100","Four-way Intersection","None","Kocher Drive","Wet","0071","42.89438177317456,-73.20143235971405"
"725892","","December 25, 2016, 8:10 AM","Bennington","471 North Branch Street","BROOKLYN DR.","Property Damage Only","Single Vehicle Crash","Clear","Federal Aid Urban System (Class 2 TH's and 3 TH's only)","16BN08712","Bennington PD.","2","0.48","None/Other","Day","Mountain View Drive","None","None","","VT0020100","Not at a Junction","Road Surface Condition(wet, icy, snow, slush, etc)","471 North Branch Street","Ice","U1009","42.8899974331614,-73.18099064227783"
"724644","","December 25, 2016, 9:53 AM","Bennington","469 Burgess Road","BURGESS RD.","Property Damage Only","No Turns, Thru moves only, Broadside ^<","Cloudy","Federal Aid Urban System (Class 2 TH's and 3 TH's only)","16BN08715","Bennington PD.","2","0.46","None/Other","Day","","None","None","","VT0020100","Not at a Junction","None","469 Burgess Road","Dry","U1010","42.878830182350185,-73.16658656523073"
"725483","","December 25, 2016, 11:45 AM","Bennington","Pleasant Street","PLEASANT ST.","Property Damage Only","Other - Explain in Narrative","Clear","Federal Aid Urban System (Class 2 TH's and 3 TH's only)","16BN08717","Bennington PD.","2","0.29","None/Other","Day","Valentine Street","None","None","","VT0020100","Not at a Junction","None","Pleasant Street","Dry","U1040","42.87911233487456,-73.19153741938827"
"728971","","December 26, 2016, 9:18 AM","Bennington","Benmont Avenue","BENMONT AVE.","Property Damage Only","Right Turn and Thru, Head On v^--","Cloudy","Federal Aid Urban System (Class 2 TH's and 3 TH's only)","16BN08731","Bennington PD.","2","0.1","None/Other","Day","River Street","None","None","","VT0020100","T - Intersection","None","Benmont Avenue","Dry","U1006","42.88206326929684,-73.20203651980677"
"725790","","December 28, 2016, 5:25 AM","Bennington","VT RT 279","VT-279","Property Damage Only","Single Vehicle Crash","Wind","State Highway numbered route, State owned","16BN08764","Bennington PD.","10","1.36","Deer","Night","Austin Hill Over Pass","None","None","","VT0020100","Not at a Junction","None","VT RT 279","Snow","2790","42.90367906920019,-73.25405641630502"