"ObjectID","Mapped","Crash Date","City/Town","Address","AOT Route","Crash Type","Collision Direction","Weather","Road Group","Report Number","Reporting Agency","Road Group ID","AOT Actual Milepoint","Animal","Time of Day","Intersection With","Impairment","Involving","Non Reportable Address","Reporting Agency ID","Road Characteristics","Road Condition","Street Address","Surface Condition","AOT Route ID","Coordinates"
"1319890","","December 29, 2016, 10:19 AM","Bennington","1126 Carpenter HIll","TOWN ROAD 0048","Property Damage Only","Single Vehicle Crash","Freezing Precipitation","City, Village or Urban Compact Street not in FA Urban Area (Class 2 and 3 Non-Federal Aid)","16BN08784","Bennington PD.","6","999.99","None/Other","Day","","None","None","","VT0020100","Not at a Junction","Road Surface Condition(wet, icy, snow, slush, etc)","1126 Carpenter HIll","Snow","T0048","42.84153383029193,-73.21585233695642"
"1319236","","December 29, 2016, 10:50 AM","Bennington","Murphy Road","TOWN ROAD 0019","Property Damage Only","Single Vehicle Crash","Freezing Precipitation","City, Village or Urban Compact Street not in FA Urban Area (Class 2 and 3 Non-Federal Aid)","16BN08786","Bennington PD.","6","999.99","None/Other","Day","Murphy Road Bridge","None","None","","VT0020100","Not at a Junction","Road Surface Condition(wet, icy, snow, slush, etc)","Murphy Road","","T0019","42.912371627654,-73.23550716451355"
"1318810","","December 29, 2016, 12:03 PM","Bennington","Overlea Road","TOWN ROAD 0010","Property Damage Only","Single Vehicle Crash","Freezing Precipitation","City, Village or Urban Compact Street not in FA Urban Area (Class 2 and 3 Non-Federal Aid)","16BN08789","Bennington PD.","6","999.99","None/Other","Day","VT Route 7 A","None","None","","VT0020100","Not at a Junction","Road Surface Condition(wet, icy, snow, slush, etc)","Overlea Road","Snow","T0010","42.930230638987965,-73.20995727617115"
"1322145","","December 29, 2016, 12:59 PM","Bennington","North Bennington Road","Unknown","Property Damage Only","Rear End","Freezing Precipitation","Other Public Roadway (Rest Areas, Shopping Center - anything open to public)","16BN08790","Bennington PD.","9","999.99","None/Other","Day","Hyundai - Carbone Lot","None","None","","VT0020100","Parking Lot","Road Surface Condition(wet, icy, snow, slush, etc)","North Bennington Road","Ice","0000","42.9105902972355,-73.2211944353025"
"734073","","December 29, 2016, 4:03 PM","Bennington","Rt 279 On Ramp 7N","US-7","Property Damage Only","Single Vehicle Crash","Freezing Precipitation","Ramp or Spur","16BN08796","Bennington PD.","7","0.44","None/Other","Day","Welcome Center","None","None","","VT0020100","Off Ramp","Road Surface Condition(wet, icy, snow, slush, etc)","Rt 279 On Ramp 7N","Ice","0070","42.904081344128066,-73.20608399896072"
"726788","","December 30, 2016, 5:29 AM","Bennington","Vermont Route 279","VT-279","Injury","Single Vehicle Crash","Clear","State Highway numbered route, State owned","16BN08809","Bennington PD.","10","3.09","None/Other","Night","67A","None","None","","VT0020100","Not at a Junction","Road Surface Condition(wet, icy, snow, slush, etc)","Vermont Route 279","Slush","2790","42.904946055090534,-73.22011913023185"
"1319357","","December 30, 2016, 9:04 PM","Bennington","301 Park Street","Unknown","Property Damage Only","Left Turn and Thru, Angle Broadside -->v--","Clear","Other Public Roadway (Rest Areas, Shopping Center - anything open to public)","16BN08830","Bennington PD.","9","999.99","None/Other","Night","High School Parking Lot","None","None","","VT0020100","Parking Lot","None","301 Park Street","Dry","0000","42.88559410877178,-73.19167057794436"
"1321483","","December 30, 2016, 9:43 PM","Bennington","300 Houran Road","TOWN ROAD 0040","Property Damage Only","Single Vehicle Crash","Clear","City, Village or Urban Compact Street not in FA Urban Area (Class 2 and 3 Non-Federal Aid)","16BN08831","Bennington PD.","6","999.99","Deer","Night","Pucker HIll Road","None","None","","VT0020100","Not at a Junction","None","300 Houran Road","Dry","T0040","42.884952801964396,-73.26151241678893"
"733159","","December 31, 2016, 11:18 AM","Bennington","120 Northside Drive","VT-7A","Property Damage Only","Rear End","Clear","State Highway numbered route, State owned","16BN08842","Bennington PD.","10","0.35","None/Other","Day","Family Footwear","None","None","","VT0020100","Four-way Intersection","None","120 Northside Drive","Dry","0071","42.896797783582805,-73.20574879991219"
"1319422","","January 1, 2017, 1:30 AM","Bennington","Forest View Drive","FORESTVIEW DR","Property Damage Only","Single Vehicle Crash","Cloudy","Street or Town Highways in FA Urban Area","17BN00014","Bennington PD.","5","999.99","None/Other","Night","155 Morgan Street","None","None","","VT0020100","Not at a Junction","Road Surface Condition(wet, icy, snow, slush, etc)","Forest View Drive","Ice","0000","42.873219572381025,-73.18666124062169"
"1319401","","January 1, 2017, 8:33 AM","Bennington","Grandview Street","GRANDVIEW ST","Property Damage Only","Single Vehicle Crash","Cloudy","Street or Town Highways in FA Urban Area","17BN00011","Bennington PD.","5","999.99","None/Other","Day","Coulter Street","None","None","","VT0020100","Not at a Junction","Road Surface Condition(wet, icy, snow, slush, etc)","Grandview Street","Ice","0000","42.874031202554,-73.18791863489035"
"734450","","January 3, 2017, 9:53 AM","Bennington","Kocher Drive","KOCHER DR.","Property Damage Only","No Turns, Thru moves only, Broadside ^<","Cloudy","Federal Aid Urban System (Class 2 TH's and 3 TH's only)","17BN00051","Bennington PD.","2","0.36","None/Other","Day","Park Street","None","None","","VT0020100","Four-way Intersection","None","Kocher Drive","Dry","U1050","42.893851592053615,-73.1932469613959"
"735269","","January 3, 2017, 10:25 AM","Bennington","Northside Drive","VT-7A","Injury","Rear End","Clear","State Highway numbered route, State owned","17BN00053","Bennington PD.","10","0","None/Other","Day","US Rt 7","None","None","","VT0020100","Four-way Intersection","None","Northside Drive","Dry","0071","42.89431037154962,-73.19996519607773"
"733105","","January 4, 2017, 3:03 PM","Bennington","111 Northside Drive","VT-7A","Property Damage Only","Rear End","Cloudy","State Highway numbered route, State owned","17BN00085","Bennington PD.","10","0.24","None/Other","Day","","None","None","","VT0020100","Not at a Junction","None","111 Northside Drive","Dry","0071","42.89575485693994,-73.20413253775764"
"735072","","January 5, 2017, 3:22 PM","Bennington","228 Northside Drive","VT-67A","Property Damage Only","Other - Explain in Narrative","Clear","State Highway numbered route, State owned","17BN00107","Bennington PD.","10","0.02","None/Other","Day","Harmon Road","None","None","","VT0020100","T - Intersection","None","228 Northside Drive","Dry","0671","42.90103425786997,-73.21228184856439"
"723169","","January 6, 2017, 1:39 AM","Bennington","1005 N Bennington Road","VT-67A","Property Damage Only","Single Vehicle Crash","Freezing Precipitation","State Highway numbered route, State owned","17BN00118","Bennington PD.","10","1.02","None/Other","Night","Silk Road","None","None","","VT0020100","Not at a Junction","Road Surface Condition(wet, icy, snow, slush, etc)","1005 N Bennington Road","Snow","0671","42.91207229579317,-73.22438108693217"
"1322609","","January 6, 2017, 5:27 AM","Bennington","Barney Road","TOWN ROAD 0052","Property Damage Only","Single Vehicle Crash","Clear","City, Village or Urban Compact Street not in FA Urban Area (Class 2 and 3 Non-Federal Aid)","17BN00120","Bennington PD.","6","999.99","None/Other","Night","Route 9","None","None","","VT0020100","Not at a Junction","Road Surface Condition(wet, icy, snow, slush, etc)","Barney Road","Snow","T0052","42.88319626637483,-73.16333038459015"
"1319232","","January 6, 2017, 4:48 PM","Bennington","Silk Road","TOWN ROAD 0026","Property Damage Only","Single Vehicle Crash","Cloudy","City, Village or Urban Compact Street not in FA Urban Area (Class 2 and 3 Non-Federal Aid)","17BN00134","Bennington PD.","6","999.99","None/Other","Day","Fairview STreet","None","None","","VT0020100","Not at a Junction","None","Silk Road","Dry","T0026","42.895433832589724,-73.22645385479962"
"733462","","January 9, 2017, 9:32 AM","Bennington","32 Phylis Lane","VT-67A","Property Damage Only","Left Turn and Thru, Angle Broadside -->v--","Clear","State Highway numbered route, State owned","17BN00182","Bennington PD.","10","0.67","None/Other","Day","The Bank Of Bennington","None","None","","VT0020100","Four-way Intersection","None","32 Phylis Lane","Dry","0671","42.90806256799912,-73.2202609476939"
"733284","","January 9, 2017, 6:38 PM","Bennington","811 US Route 7 South","US-7","Property Damage Only","Single Vehicle Crash","Clear","State Highway numbered route, State owned","17BN00202","Bennington PD.","10","1.32","None/Other","Night","Bennington Sheriff's Office","None","None","","VT0020100","Not at a Junction","None","811 US Route 7 South","Dry","0070","42.85599273579462,-73.20295029119033"
"733610","","January 10, 2017, 3:13 PM","Bennington","340 NOrth Street","US-7","Property Damage Only","Rear End","Cloudy","State Highway numbered route, Class 1 TH","17BN00223","Bennington PD.","11","3.64","None/Other","Day","Depot Street","None","None","","VT0020100","Not at a Junction","None","340 NOrth Street","Dry","0070","42.88688552862592,-73.19982532957383"
"1323137","","January 12, 2017, 2:57 PM","Bennington","168 North STreet","Unknown","Property Damage Only","Same Direction Sideswipe","Rain","Other Public Roadway (Rest Areas, Shopping Center - anything open to public)","17BN00281","Bennington PD.","9","999.99","None/Other","Day","Parking Lot","None","Heavy Truck","","VT0020100","Parking Lot","None","168 North STreet","","0000","42.870689371463044,-73.19719502760158"
"1321994","","January 14, 2017, 8:56 PM","Bennington","319 Northside Drive","Unknown","Property Damage Only","Other - Explain in Narrative","Clear","Other Public Roadway (Rest Areas, Shopping Center - anything open to public)","17BN00338","Bennington PD.","9","999.99","None/Other","Night","Cinema 7 Parking Lot","None","None","","VT0020100","Parking Lot","None","319 Northside Drive","Dry","0000","42.904204076403175,-73.21607499056886"
"1319533","","January 16, 2017, 12:35 PM","Bennington","210 Northside Drive","Unknown","Property Damage Only","No Turns, Thru moves only, Broadside ^<","Clear","Other Public Roadway (Rest Areas, Shopping Center - anything open to public)","17BN00356","Bennington PD.","9","999.99","None/Other","Day","Walmart Parking Lot","None","None","","VT0020100","Parking Lot","None","210 Northside Drive","Dry","0000","42.89797002532692,-73.21105631075838"
"1321343","","January 16, 2017, 2:16 PM","Bennington","300 Beech Street","S BRANCH ST","Property Damage Only","Other - Explain in Narrative","Cloudy","Private Property (Driveways)","17BN00358","Bennington PD.","8","999.99","None/Other","Day","","None","None","","VT0020100","Driveway","None","300 Beech Street","Dry","0000","42.875071330190075,-73.18107613517327"
"1320245","","January 17, 2017, 4:20 PM","Bennington","420 Middle Pownal Road","TOWN ROAD 0049","Property Damage Only","Single Vehicle Crash","Freezing Precipitation","City, Village or Urban Compact Street not in FA Urban Area (Class 2 and 3 Non-Federal Aid)","17BN00387","Bennington PD.","6","999.99","None/Other","Day","Morgan Street","None","None","","VT0020100","Not at a Junction","Road Surface Condition(wet, icy, snow, slush, etc)","420 Middle Pownal Road","Ice","T0049","42.86246476084622,-73.18923415370034"
"1323106","","January 17, 2017, 8:30 PM","Bennington","Barney Road","TOWN ROAD 0052","Property Damage Only","Single Vehicle Crash","Freezing Precipitation","City, Village or Urban Compact Street not in FA Urban Area (Class 2 and 3 Non-Federal Aid)","17BN00391","Bennington PD.","6","999.99","None/Other","Night","Albe Drive","None","None","","VT0020100","Not at a Junction","Rut, holes, bumps","Barney Road","Ice","T0052","42.882252358632705,-73.15999077327942"
"1319025","","January 19, 2017, 2:42 PM","Bennington","393 Overlea Road","TOWN ROAD 0010","Property Damage Only","Single Vehicle Crash","Clear","City, Village or Urban Compact Street not in FA Urban Area (Class 2 and 3 Non-Federal Aid)","17BN00437","Bennington PD.","6","999.99","Deer","Day","Vermont Route 7 A","None","None","","VT0020100","Not at a Junction","None","393 Overlea Road","Wet","T0010","42.92808731194935,-73.22018579852346"
"733186","","January 19, 2017, 6:06 PM","Bennington","400 Main Street","VT-9","Property Damage Only","Rear End","Rain","State Highway numbered route, Class 1 TH","17BN00444","Bennington PD.","11","4.4","None/Other","Night","Putnam Square","None","None","","VT0020100","Not at a Junction","None","400 Main Street","Wet","0090","42.87835726263376,-73.19707979200608"
"1322501","","January 21, 2017, 11:33 AM","Bennington","Hillside Street","HILLSIDE ST","Property Damage Only","Other - Explain in Narrative","Cloudy","Street or Town Highways in FA Urban Area","17BN00481","Bennington PD.","5","999.99","None/Other","Day","South Street","None","None","","VT0020100","Not at a Junction","None","Hillside Street","Dry","0000","42.87673960495832,-73.19721967397655"
"722737","","January 21, 2017, 12:04 PM","Bennington","731 Main Street","VT-9","Property Damage Only","Rear End","Clear","State Highway numbered route, Class 1 TH","17BN00482","Bennington PD.","11","4.94","None/Other","Day","Morgan Street","None","None","","VT0020100","T - Intersection","None","731 Main Street","Dry","0090","42.878823832459865,-73.18663928500315"
"1320201","","January 23, 2017, 9:54 AM","Bennington","316 Dewey Street","Unknown","Property Damage Only","Other - Explain in Narrative","Cloudy","Other Public Roadway (Rest Areas, Shopping Center - anything open to public)","17BN00519","Bennington PD.","9","999.99","None/Other","Day","UCS Parking Lot","None","None","","VT0020100","Parking Lot","None","316 Dewey Street","Dry","0000","42.87320426343536,-73.20400374711497"
"1320487","","January 23, 2017, 1:36 PM","Bennington","530 Main Street","Unknown","Property Damage Only","Other - Explain in Narrative","Clear","Other Public Roadway (Rest Areas, Shopping Center - anything open to public)","17BN00522","Bennington PD.","9","999.99","None/Other","Day","DMV Parking Lot","None","None","","VT0020100","Parking Lot","None","530 Main Street","Dry","0000","42.87861426061736,-73.19371014365997"
"732485","","January 23, 2017, 4:49 PM","Bennington","North Street","US-7","Injury","Single Vehicle Crash","Cloudy","State Highway numbered route, Class 1 TH","17BN00531","Bennington PD.","11","3.22","None/Other","Day","River Street","None","Pedestrian","","VT0020100","T - Intersection","None","North Street","Dry","0070","42.882009175233165,-73.1969679839047"
"1320118","","January 24, 2017, 9:14 AM","Bennington","82 Applegate Drive","APPLEGATE DR","Property Damage Only","Other - Explain in Narrative","Cloudy","Other Public Roadway (Rest Areas, Shopping Center - anything open to public)","17BN00547","Bennington PD.","9","999.99","None/Other","Day","","None","None","","VT0020100","Parking Lot","None","82 Applegate Drive","Snow","0000","42.902140097932914,-73.20634103272528"
"729687","","January 24, 2017, 11:05 AM","Bennington","Fairview Street","WALLOOMSAC ROAD","Property Damage Only","Single Vehicle Crash","Cloudy","Federal Aid Urban System (Class 2 TH's and 3 TH's only)","17BN00566","Bennington PD.","2","0.01","None/Other","Day","Walloomsac Road","None","None","","VT0020100","T - Intersection","None","Fairview Street","Wet","U1408","42.88812906222472,-73.21851465814682"
"731967","","January 24, 2017, 1:12 PM","Bennington","624 Main Street","VT-9","Property Damage Only","Other - Explain in Narrative","Freezing Precipitation","State Highway numbered route, Class 1 TH","17BN00550","Bennington PD.","11","4.67","None/Other","Day","The Scarlett Creation","None","None","","VT0020100","Not at a Junction","None","624 Main Street","Wet","0090","42.87797141155996,-73.19153210060215"
"721190","","January 25, 2017, 12:56 PM","Bennington","North Bennington Road","VT-67A","Property Damage Only","Other - Explain in Narrative","Cloudy","State Highway numbered route, State owned","17BN00570","Bennington PD.","10","1.06","None/Other","Day","Silk Road","None","None","","VT0020100","Four-way Intersection","None","North Bennington Road","Wet","0671","42.91225720117274,-73.22513943063265"
"731894","","January 25, 2017, 1:36 PM","Bennington","118 South Street","US-7","Property Damage Only","Rear End","Cloudy","State Highway numbered route, Class 1 TH","17BN00571","Bennington PD.","11","2.91","None/Other","Day","","None","None","","VT0020100","Four-way Intersection","None","118 South Street","Dry","0070","42.8775300179889,-73.19716414550183"
"729754","","January 26, 2017, 8:42 PM","Bennington","Monument Avenue","MONUMENT ROAD","Property Damage Only","Single Vehicle Crash","Clear","Federal Aid Urban System (Class 2 TH's and 3 TH's only)","17BN00615","Bennington PD.","2","0.01","None/Other","Night","Carpenter Hill Road","Alcohol","None","","VT0020100","Not at a Junction","None","Monument Avenue","Wet","U1034","42.85274924947528,-73.20439950561438"
"1320473","","January 27, 2017, 7:44 AM","Bennington","220 Benmont Avenue","Unknown","Property Damage Only","Single Vehicle Crash","Cloudy","Other Public Roadway (Rest Areas, Shopping Center - anything open to public)","17BN00620","Bennington PD.","9","999.99","None/Other","Day","Walt's Towing Lot","Alcohol","None","","VT0020100","Parking Lot","None","220 Benmont Avenue","Wet","0000","42.88754857110716,-73.20185314646235"
"732467","","January 28, 2017, 4:21 PM","Bennington","US Route 7","US-7","Property Damage Only","Left and Right Turns, Simultaneous Turn Crash --vv--","","State Highway numbered route, State owned","17BN00650","Bennington PD.","10","4.15","None/Other","Day","Kocher Drive","None","None","","VT0020100","Four-way Intersection","None","US Route 7","Dry","0070","42.894240344343764,-73.19997243291877"
"735396","","January 28, 2017, 7:18 PM","Bennington","140 Harwood Hill Road","VT-7A","Property Damage Only","Single Vehicle Crash","Clear","State Highway numbered route, State owned","17BN00658","Bennington PD.","10","0.96","None/Other","Night","Harwood HIll Road","None","None","","VT0020100","Not at a Junction","None","140 Harwood Hill Road","Dry","0071","42.90316721978819,-73.21193534600798"
"1319502","","February 1, 2017, 11:11 AM","Bennington","194 Phylis Lane","PHYLIS LN","Property Damage Only","Other - Explain in Narrative","Clear","Other Public Roadway (Rest Areas, Shopping Center - anything open to public)","17BN00737","Bennington PD.","9","999.99","None/Other","Day","Bank Of Bennington","None","None","","VT0020100","Parking Lot","None","194 Phylis Lane","Dry","0000","42.903825286141526,-73.21474813973279"
"736710","","February 3, 2017, 6:02 PM","Bennington","726 Rice Lane","RICE LN.","Property Damage Only","Other - Explain in Narrative","","Federal Aid Urban System (Class 2 TH's and 3 TH's only)","17BN00789","Bennington PD.","2","0.13","None/Other","Night","Rice/Mattison Road","None","None","","VT0020100","Y - Intersection","None","726 Rice Lane","Dry","U1042","42.91394951484393,-73.22526072394034"
"737033","","February 4, 2017, 6:18 PM","Bennington","279 East Road","EAST RD.","Property Damage Only","Single Vehicle Crash","Clear","Federal Aid Urban System (Class 2 TH's and 3 TH's only)","17BN00810","Bennington PD.","2","0.28","Deer","Night","Vermont Route 9","None","None","","VT0020100","Not at a Junction","None","279 East Road","Dry","U1021","42.8977473336572,-73.19284031343771"
"734541","","February 5, 2017, 2:20 AM","Bennington","US Route 7","US-7","Property Damage Only","Single Vehicle Crash","Clear","State Highway numbered route, State owned","17BN00817","Bennington PD.","10","4.15","None/Other","Night","Kocher Drive","Alcohol","None","","VT0020100","Four-way Intersection","None","US Route 7","Dry","0070","42.894240344343764,-73.19997243291877"
"1322371","","February 5, 2017, 3:33 PM","Bennington","232 Maple Street","Unknown","Property Damage Only","Other - Explain in Narrative","Cloudy","Street or Town Highways in FA Urban Area","17BN00823","Bennington PD.","5","999.99","None/Other","Day","Maple Street","None","None","","VT0020100","Not at a Junction","None","232 Maple Street","Dry","0000","42.889706278095375,-73.1753730895836"
"726958","","February 7, 2017, 1:44 PM","Bennington","324 Main Street","VT-9","Property Damage Only","Other - Explain in Narrative","Freezing Precipitation","State Highway numbered route, Class 1 TH","17BN00855","Bennington PD.","11","4.34","None/Other","Day","","None","None","","VT0020100","Not at a Junction","None","324 Main Street","Slush","0090","42.87882940614162,-73.19805035141857"
"734181","","February 7, 2017, 8:15 PM","Bennington","206 Dewey Street","DEWEY ST.","Property Damage Only","Rear End","Freezing Precipitation","Federal Aid Urban System (Class 2 TH's and 3 TH's only)","17BN00862","Bennington PD.","2","0.82","None/Other","Night","","None","None","","VT0020100","Not at a Junction","None","206 Dewey Street","Slush","U1020","42.87683903779542,-73.20334710372568"
"724942","","February 8, 2017, 12:56 AM","Bennington","Monument Avenue","MONUMENT ROAD","Property Damage Only","Single Vehicle Crash","Freezing Precipitation","Federal Aid Urban System (Class 2 TH's and 3 TH's only)","17BN00866","Bennington PD.","2","1.07","None/Other","Night","Dewey Street","None","None","","VT0020100","Not at a Junction","Road Surface Condition(wet, icy, snow, slush, etc)","Monument Avenue","Slush","U1034","42.86667364112054,-73.20937681458577"
"1322783","","February 8, 2017, 12:24 PM","Bennington","210 Northside Drive","Unknown","Property Damage Only","Other - Explain in Narrative","Clear","Other Public Roadway (Rest Areas, Shopping Center - anything open to public)","17BN00875","Bennington PD.","9","999.99","None/Other","Day","Walmart Parking Lot","None","None","","VT0020100","Parking Lot","None","210 Northside Drive","Dry","0000","42.89797002532692,-73.21105631075838"
"1321273","","February 9, 2017, 1:37 PM","Bennington","14 Morse Road","Unknown","Property Damage Only","Opp Direction Sideswipe","Freezing Precipitation","Other Public Roadway (Rest Areas, Shopping Center - anything open to public)","17BN00892","Bennington PD.","9","999.99","None/Other","Day","JBM Parking Lot","None","None","","VT0020100","Parking Lot","","14 Morse Road","Snow","0000","42.902417405865314,-73.21819714913904"
"733451","","February 10, 2017, 5:04 AM","Bennington","Harwood HIll Road","VT-7A","Property Damage Only","Rear End","Clear","State Highway numbered route, State owned","17BN00909","Bennington PD.","10","1.67","None/Other","Night","Houghton Lane","None","None","","VT0020100","Not at a Junction","Road Surface Condition(wet, icy, snow, slush, etc)","Harwood HIll Road","Snow","0071","42.91354543568349,-73.21125215245549"
"732039","","February 10, 2017, 8:24 AM","Bennington","301 Main Street","VT-9","Property Damage Only","Rear End","Clear","State Highway numbered route, Class 1 TH","17BN00913","Bennington PD.","11","4.29","None/Other","Day","Depot Street/Washington Avenue","None","None","","VT0020100","Not at a Junction","Road Surface Condition(wet, icy, snow, slush, etc)","301 Main Street","Snow","0090","42.87924102246266,-73.19881731514779"
"1318888","","February 10, 2017, 9:05 AM","Bennington","11 Prospect Street","PROSPECT ST","Property Damage Only","No Turns, Thru moves only, Broadside ^<","Clear","Street or Town Highways in FA Urban Area","17BN00914","Bennington PD.","5","999.99","None/Other","Day","Mechanic Street, North Bennington, VT","None","None","","VT0020100","Not at a Junction","None","11 Prospect Street","Dry","0000","42.92817170786873,-73.24081558123626"
"1319494","","February 10, 2017, 1:28 PM","Bennington","215 North Street","Unknown","Property Damage Only","Other - Explain in Narrative","Clear","Other Public Roadway (Rest Areas, Shopping Center - anything open to public)","17BN00920","Bennington PD.","9","999.99","None/Other","Day","North Street - Goodwill Parking Lot","None","None","","VT0020100","Parking Lot","None","215 North Street","Dry","0000","42.88226948965993,-73.19660320242933"
"1318596","","February 10, 2017, 2:18 PM","Bennington","132 Northside Drive","Unknown","Property Damage Only","Other - Explain in Narrative","Clear","Other Public Roadway (Rest Areas, Shopping Center - anything open to public)","17BN0922","Bennington PD.","9","999.99","None/Other","Day","Hicks Avenue","None","None","","VT0020100","Parking Lot","None","132 Northside Drive","Wet","0000","42.89812340877867,-73.20809504109916"
"1323079","","February 10, 2017, 11:11 PM","Bennington","111 Northside Drive","MONUMENT AVE","Property Damage Only","Other - Explain in Narrative","Freezing Precipitation","Other Public Roadway (Rest Areas, Shopping Center - anything open to public)","17BN00936","Bennington PD.","9","999.99","None/Other","Night","Cumberland Farms","None","None","","VT0020100","Parking Lot","None","111 Northside Drive","Snow","0000","42.86675323110761,-73.20929055889233"
"1319383","","February 11, 2017, 12:23 PM","Bennington","111 Northside Drive","Unknown","Property Damage Only","Other - Explain in Narrative","Cloudy","Other Public Roadway (Rest Areas, Shopping Center - anything open to public)","17BN00948","Bennington PD.","9","999.99","None/Other","Day","Cumberland Farms","None","None","","VT0020100","Parking Lot","None","111 Northside Drive","Wet","0000","42.89549678375315,-73.20340024588121"
"1317863","","February 11, 2017, 1:09 PM","Bennington","Applegate Drive","APPLEGATE DR","Property Damage Only","Other - Explain in Narrative","Cloudy","Other Public Roadway (Rest Areas, Shopping Center - anything open to public)","17BN00949","Bennington PD.","9","999.99","None/Other","Day","Parking Lot","None","None","","VT0020100","Parking Lot","Road Surface Condition(wet, icy, snow, slush, etc)","Applegate Drive","Snow","0000","42.90294665554745,-73.20838289227514"
"724932","","February 12, 2017, 1:15 PM","Bennington","340 Pleasant Street","PLEASANT ST.","Property Damage Only","Head On","Freezing Precipitation","Federal Aid Urban System (Class 2 TH's and 3 TH's only)","17BN00971","Bennington PD.","2","0.44","None/Other","Day","","None","None","","VT0020100","Not at a Junction","Road Surface Condition(wet, icy, snow, slush, etc)","340 Pleasant Street","Snow","U1040","42.87898269486463,-73.18874876839129"
"1321877","","February 12, 2017, 1:44 PM","Bennington","49 Vermont Route 67","Unknown","Property Damage Only","Other - Explain in Narrative","Freezing Precipitation","Other Public Roadway (Rest Areas, Shopping Center - anything open to public)","17BN00972","Bennington PD.","9","999.99","None/Other","Day","Bank Street, North Bennington, VT","None","None","","VT0020100","Parking Lot","None","49 Vermont Route 67","Snow","0000","42.932170258452494,-73.24609454226427"
"1318221","","February 12, 2017, 6:33 PM","Bennington","110 Northside Drive","NORTHSIDE DR","Property Damage Only","Rear End","Freezing Precipitation","Other Public Roadway (Rest Areas, Shopping Center - anything open to public)","17BN00981","Bennington PD.","9","999.99","None/Other","Night","Hicks Avenue","Alcohol","None","","VT0020100","Parking Lot","None","110 Northside Drive","Snow","0000","42.896163447798195,-73.20477910057507"
"735374","","February 12, 2017, 9:44 PM","Bennington","Vermont Route 279","VT-279","Property Damage Only","Rear End","","State Highway numbered route, State owned","17BN00987","Bennington PD.","10","4.55","None/Other","Night","East Road Overpass","None","None","","VT0020100","Not at a Junction","None","Vermont Route 279","Wet","2790","42.90179929605295,-73.19128591694431"
"1322782","","February 13, 2017, 12:26 PM","Bennington","982 Mansion Drive","Unknown","Property Damage Only","Other - Explain in Narrative","Cloudy","Other Public Roadway (Rest Areas, Shopping Center - anything open to public)","17BN00997","Bennington PD.","9","999.99","None/Other","Day","Mansion Drive","None","None","","VT0020100","Parking Lot","None","982 Mansion Drive","Snow","0000","42.87134693774446,-73.21608665072552"
"1322738","","February 13, 2017, 1:17 PM","Bennington","620 Silk Road","TOWN ROAD 0026","Property Damage Only","Single Vehicle Crash","Freezing Precipitation","City, Village or Urban Compact Street not in FA Urban Area (Class 2 and 3 Non-Federal Aid)","17BN00998","Bennington PD.","6","999.99","None/Other","Day","Cardinal Lane","None","None","","VT0020100","Not at a Junction","Road Surface Condition(wet, icy, snow, slush, etc)","620 Silk Road","Wet","T0026","42.90061505587865,-73.22422497480223"
"1322749","","February 13, 2017, 1:19 PM","Bennington","171 Morgan Street","MORGAN ST","Property Damage Only","Other - Explain in Narrative","Cloudy","Street or Town Highways in FA Urban Area","17BN00999","Bennington PD.","5","999.99","None/Other","Day","","None","None","","VT0020100","Not at a Junction","None","171 Morgan Street","Wet","0000","42.87111428017503,-73.18646656076902"
"1320042","","February 14, 2017, 1:59 PM","Bennington","North Street","Unknown","Property Damage Only","Other - Explain in Narrative","Cloudy","Other Public Roadway (Rest Areas, Shopping Center - anything open to public)","17BN01017","Bennington PD.","9","999.99","None/Other","Day","Dunkin Donuts Parking Lot","None","None","","VT0020100","Parking Lot","None","North Street","Dry","0000","42.883647363401636,-73.19650853551072"
"735213","","February 14, 2017, 2:31 PM","Bennington","Route 9","VT-9","Property Damage Only","Single Vehicle Crash","","State Highway numbered route, State owned","17BN01020","Bennington PD.","10","6.13","None/Other","Day","Barney Road","None","None","","VT0020100","Not at a Junction","None","Route 9","Dry","0090","42.883116096805175,-73.16419795398097"
"1322293","","February 16, 2017, 9:38 AM","Bennington","111 Northside Drive","TH 62","Property Damage Only","Other - Explain in Narrative","Cloudy","Other Public Roadway (Rest Areas, Shopping Center - anything open to public)","17BN01066","Bennington PD.","9","999.99","None/Other","Day","Cumberland Farms Lot","None","None","","VT0020100","Parking Lot","None","111 Northside Drive","Wet","0000","42.8960935472838,-73.20443548557414"
"1318275","","February 16, 2017, 11:35 AM","Bennington","Mount Anthony Road","TOWN ROAD 0046","Property Damage Only","Same Direction Sideswipe","Cloudy","City, Village or Urban Compact Street not in FA Urban Area (Class 2 and 3 Non-Federal Aid)","17BN01072","Bennington PD.","6","999.99","None/Other","Day","Quarry Road","None","Heavy Truck","","VT0020100","Not at a Junction","Road Surface Condition(wet, icy, snow, slush, etc)","Mount Anthony Road","Snow","T0046","42.88120446712493,-73.2330926503257"
"1320679","","February 16, 2017, 2:12 PM","Bennington","301 Park Street","Unknown","Property Damage Only","No Turns, Thru moves only, Broadside ^<","Freezing Precipitation","Other Public Roadway (Rest Areas, Shopping Center - anything open to public)","17BN01079","Bennington PD.","9","999.99","None/Other","Day","MAUHS Parking Lot","None","None","","VT0020100","Four-way Intersection","None","301 Park Street","Wet","0000","42.886789747815016,-73.19044752526376"