"ObjectID","Mapped","Crash Date","City/Town","Address","AOT Route","Crash Type","Collision Direction","Weather","Road Group","Report Number","Reporting Agency","Road Group ID","AOT Actual Milepoint","Animal","Time of Day","Intersection With","Impairment","Involving","Non Reportable Address","Reporting Agency ID","Road Characteristics","Road Condition","Street Address","Surface Condition","AOT Route ID","Coordinates"
"815579","","June 27, 2017, 4:21 PM","Bennington","County Street","COUNTY RD.","Property Damage Only","Rear End","Clear","Federal Aid Urban System (Class 2 TH's and 3 TH's only)","17BN04375","Bennington PD.","2","0","None/Other","Day","Benmont Avenue","None","None","","VT0020100","T - Intersection","None","County Street","Dry","U1012","42.884516866796645,-73.2019292824666"
"1321104","","June 28, 2017, 11:26 AM","Bennington","305 South Street","Unknown","Property Damage Only","Single Vehicle Crash","Clear","Other Public Roadway (Rest Areas, Shopping Center - anything open to public)","17BN04395","Bennington PD.","9","999.99","None/Other","Day","Gas Station Parking Lot To 305 South Street","None","Heavy Truck","","VT0020100","Parking Lot","None","305 South Street","Dry","0000","42.8762678186756,-73.19764949407643"
"1319283","","June 28, 2017, 3:17 PM","Bennington","211 River Street","Unknown","Property Damage Only","Single Vehicle Crash","Clear","Other Public Roadway (Rest Areas, Shopping Center - anything open to public)","17BN04401","Bennington PD.","9","999.99","None/Other","Day","WCW Carpet Warehouse Parking Lot","None","None","","VT0020100","Parking Lot","None","211 River Street","Dry","0000","42.881810775191305,-73.19801796396648"
"804393","","June 28, 2017, 5:37 PM","Bennington","100 Northside Drive","HUNT ST. WEST","Property Damage Only","Rear End","Clear","Federal Aid Urban System (Class 2 TH's and 3 TH's only)","17BN04406","Bennington PD.","2","0","None/Other","Day","Benmont Avenue","None","None","","VT0020100","Y - Intersection","None","100 Northside Drive","Dry","U1030","42.89170262769301,-73.20144836070641"
"815771","","June 28, 2017, 6:06 PM","Bennington","303 Depot Street","COUNTY RD.","Injury","Single Vehicle Crash","Clear","Federal Aid Urban System (Class 2 TH's and 3 TH's only)","17BN04408","Bennington PD.","2","0.18","None/Other","Day","County Street","None","None","","VT0020100","Not at a Junction","None","303 Depot Street","Dry","U1012","42.88445979070565,-73.1985487695965"
"808743","","June 29, 2017, 7:55 AM","Bennington","Dewey Street","DEWEY ST.","Property Damage Only","Rear End","Clear","Federal Aid Urban System (Class 2 TH's and 3 TH's only)","17BN04419","Bennington PD.","2","1.07","None/Other","Day","Main Street","None","None","","VT0020100","Not at a Junction","None","Dewey Street","Dry","U1020","42.88019459446777,-73.20230067548219"
"804476","","June 29, 2017, 8:22 AM","Bennington","2196 Harwood HIll","VT-7A","Property Damage Only","Single Vehicle Crash","Clear","State Highway numbered route, State owned","17BN04420","Bennington PD.","10","2.99","Deer","Day","","None","None","","VT0020100","Not at a Junction","None","2196 Harwood HIll","Dry","0071","42.93207269298458,-73.21004502469356"
"803746","","June 29, 2017, 2:39 PM","Bennington","2813 West Road","VT-9","Property Damage Only","Other - Explain in Narrative","Clear","State Highway numbered route, State owned","17BN04430","Bennington PD.","10","0.64","None/Other","Day","","None","Heavy Truck","","VT0020100","Parking Lot","None","2813 West Road","Dry","0090","42.876290828726944,-73.26571796668208"
"808984","","July 1, 2017, 8:06 PM","Bennington","790 Orchard Road","ORCHARD RD.","Injury","Single Vehicle Crash","Rain","Federal Aid Urban System (Class 2 TH's and 3 TH's only)","17BN04489","Bennington PD.","2","0.56","None/Other","Night","Harwood Hill","None","None","","VT0020100","Not at a Junction","Road Surface Condition(wet, icy, snow, slush, etc)","790 Orchard Road","Wet","U1037","42.90439370047931,-73.2087553169587"
"804676","","July 1, 2017, 9:08 PM","Bennington","VT RTE 279","VT-279","Property Damage Only","Single Vehicle Crash","Rain","State Highway numbered route, State owned","17BN04492","Bennington PD.","10","4.37","None/Other","Night","East Road Overpass","None","None","","VT0020100","Not at a Junction","Road Surface Condition(wet, icy, snow, slush, etc)","VT RTE 279","Wet","2790","42.901579345088,-73.19218868912694"
"1319069","","July 3, 2017, 9:36 PM","Bennington","100 Pleasant Street","Unknown","Property Damage Only","Left Turn and Thru, Same Direction Sideswipe/Angle Crash vv--","Clear","Other Public Roadway (Rest Areas, Shopping Center - anything open to public)","17BN04538","Bennington PD.","9","999.99","None/Other","Night","Parking Lot Of Madison's Restaurant","None","None","","VT0020100","Parking Lot","None","100 Pleasant Street","Dry","0000","42.87840910861856,-73.19636393370841"
"809013","","July 4, 2017, 12:54 AM","Bennington","US Route 7","US-7","Property Damage Only","Rear End","Clear","State Highway numbered route, State owned","17BN04546","Bennington PD.","10","4.15","None/Other","Night","Kocher Drive","None","None","","VT0020100","Four-way Intersection","None","US Route 7","Dry","0070","42.89424886573984,-73.20013681158996"
"1319535","","July 4, 2017, 11:05 PM","Bennington","25 Performance Drive","Unknown","Property Damage Only","Other - Explain in Narrative","Clear","Street or Town Highways in FA Urban Area","17BN04563","Bennington PD.","5","999.99","None/Other","Night","","None","None","","VT0020100","T - Intersection","None","25 Performance Drive","Dry","0000","42.89474904111306,-73.19465005333421"
"815645","","July 7, 2017, 3:20 PM","Bennington","County Street","COUNTY RD.","Property Damage Only","Single Vehicle Crash","Clear","Federal Aid Urban System (Class 2 TH's and 3 TH's only)","17BN04633","Bennington PD.","2","0.18","None/Other","Day","Depot Street","None","None","","VT0020100","Four-way Intersection","None","County Street","Dry","U1012","42.88445979070565,-73.1985487695965"
"1322306","","July 8, 2017, 11:57 AM","Bennington","Elm Street","Unknown","Property Damage Only","Other - Explain in Narrative","Rain","Other Public Roadway (Rest Areas, Shopping Center - anything open to public)","17BN04659","Bennington PD.","9","999.99","None/Other","Day","Post Office Lot","None","None","","VT0020100","Parking Lot","None","Elm Street","Wet","0000","42.876424992297416,-73.19844684164555"
"1321691","","July 9, 2017, 4:46 PM","Bennington","17 Royal Street","Unknown","Property Damage Only","Other - Explain in Narrative","Cloudy","Street or Town Highways in FA Urban Area","17BN04684","Bennington PD.","5","999.99","None/Other","Day","North Bennington","None","None","","VT0020100","Driveway","None","17 Royal Street","Dry","0000","42.91518697313027,-73.2442117393212"
"1317933","","July 11, 2017, 10:19 AM","Bennington","130 Northside Drive","Unknown","Property Damage Only","Single Vehicle Crash","Cloudy","Other Public Roadway (Rest Areas, Shopping Center - anything open to public)","17BN04726","Bennington PD.","9","999.99","None/Other","Day","Knotty Pine Parking Lot","None","None","","VT0020100","Parking Lot","None","130 Northside Drive","Dry","0000","42.897406031283616,-73.20764605590043"
"809863","","July 14, 2017, 1:53 PM","Bennington","Main Street","VT-9","Property Damage Only","Rear End","Clear","State Highway numbered route, Class 1 TH","17BN04806","Bennington PD.","11","4.93","None/Other","Day","Morgan Street","None","None","","VT0020100","T - Intersection","None","Main Street","Dry","0090","42.87878742731537,-73.18681901756025"
"808917","","July 15, 2017, 12:36 PM","Bennington","Benmont Avenue","BENMONT AVE.","Property Damage Only","Left Turn and Thru, Angle Broadside -->v--","Clear","Federal Aid Urban System (Class 2 TH's and 3 TH's only)","17BN04824","Bennington PD.","2","0.75","None/Other","Day","Hunt Street","None","None","","VT0020100","Not at a Junction","None","Benmont Avenue","Dry","U1006","42.891599862300986,-73.20143962095045"
"804622","","July 16, 2017, 10:32 PM","Bennington","105 Depot Street","DEPOT ST.","Property Damage Only","Single Vehicle Crash","Clear","Federal Aid Urban System (Class 2 TH's and 3 TH's only)","17BN04868","Bennington PD.","2","0.03","None/Other","Night","Main Street","None","None","","VT0020100","Not at a Junction","None","105 Depot Street","Dry","U1018","42.87979132474539,-73.19890320428661"
"804761","","July 17, 2017, 2:04 PM","Bennington","314 Burgess Road","BURGESS RD.","Property Damage Only","Other - Explain in Narrative","Clear","Federal Aid Urban System (Class 2 TH's and 3 TH's only)","17BN04879","Bennington PD.","2","0.29","None/Other","Day","","None","None","","VT0020100","Not at a Junction","None","314 Burgess Road","Dry","U1010","42.879295401276096,-73.16989965101673"
"1320413","","July 17, 2017, 8:26 PM","Bennington","112 Northside Drive","Unknown","Property Damage Only","Rear-to-rear","Clear","Other Public Roadway (Rest Areas, Shopping Center - anything open to public)","17BN04894","Bennington PD.","9","999.99","None/Other","Night","McDonald's Parking Lot","None","None","","VT0020100","Parking Lot","None","112 Northside Drive","Dry","0000","42.89547927409321,-73.20478355246193"
"809283","","July 19, 2017, 3:51 PM","Bennington","216 North Street","US-7","Property Damage Only","Left Turn and Thru, Angle Broadside -->v--","Clear","State Highway numbered route, Class 1 TH","17BN04947","Bennington PD.","11","3.27","None/Other","Day","Subway","None","None","","VT0020100","T - Intersection","None","216 North Street","Dry","0070","42.88274586273331,-73.19693855748618"
"804544","","July 20, 2017, 7:47 AM","Bennington","Vermont Route 7","US-7","Property Damage Only","Single Vehicle Crash","Clear","State Highway numbered route, State owned","17BN04961","Bennington PD.","10","7.01","None/Other","Day","Mile Marker 151 Of Route 7 Southbound","None","None","","VT0020100","","","Vermont Route 7","","0070","42.92908714934127,-73.19634080794023"
"809944","","July 20, 2017, 5:03 PM","Bennington","320 Dewey Street","DEWEY ST.","Property Damage Only","Left Turn and Thru, Same Direction Sideswipe/Angle Crash vv--","Cloudy","Federal Aid Urban System (Class 2 TH's and 3 TH's only)","17BN04975","Bennington PD.","2","0.51","None/Other","Day","Hospital Drive","None","Heavy Truck","","VT0020100","Not at a Junction","None","320 Dewey Street","Dry","U1020","42.872662691171605,-73.20454203304897"
"1321017","","July 21, 2017, 4:18 PM","Bennington","134 Gore Road","TOWN ROAD 0054","Injury","Same Direction Sideswipe","Clear","City, Village or Urban Compact Street not in FA Urban Area (Class 2 and 3 Non-Federal Aid)","17BN05013","Bennington PD.","6","999.99","None/Other","Day","Shady Lane","None","Motorcycle","","VT0020100","Not at a Junction","None","134 Gore Road","Dry","T0054","42.87038494259892,-73.17437912267954"
"1323122","","July 21, 2017, 4:34 PM","Bennington","95 Bennington Square","Unknown","Property Damage Only","No Turns, Thru moves only, Broadside ^<","Clear","Other Public Roadway (Rest Areas, Shopping Center - anything open to public)","17BN05015","Bennington PD.","9","999.99","None/Other","Day","Parking Lot In Front Of Peoples Bank","None","None","","VT0020100","Parking Lot","None","95 Bennington Square","Dry","0000","42.893778646092336,-73.19878956492735"
"805080","","July 21, 2017, 8:02 PM","Bennington","54 Meadow Brook","MONUMENT ROAD","Injury","Single Vehicle Crash","Clear","Federal Aid Urban System (Class 2 TH's and 3 TH's only)","17BN05022","Bennington PD.","2","0.91","None/Other","Night","Monument Avenue","None","Motorcycle","","VT0020100","T - Intersection","None","54 Meadow Brook","Dry","U1034","42.864805314445704,-73.20773087940434"
"1320725","","July 22, 2017, 6:31 PM","Bennington","326 Pleasant Street","PLEASANT ST","Property Damage Only","Opp Direction Sideswipe","Clear","Other Public Roadway (Rest Areas, Shopping Center - anything open to public)","17BN05043","Bennington PD.","9","999.99","None/Other","Day","Main Street","None","None","","VT0020100","Parking Lot","None","326 Pleasant Street","Dry","0000","42.87843767314594,-73.1886652670637"
"804520","","July 25, 2017, 3:34 PM","Bennington","East Rd","EAST RD.","Injury","Left Turns, Same Direciton, Rear End v--v--","Cloudy","Federal Aid Urban System (Class 2 TH's and 3 TH's only)","17BNC001826","Bennington CSD","2","0","None/Other","Day","North Branch St","None","None","","VT0020000","Four-way Intersection","None","East Rd","Dry","U1021","42.893851592053615,-73.1932469613959"
"804751","","July 27, 2017, 10:39 AM","Bennington","104 Coolidge Avenue","COOLIDGE ST.","Property Damage Only","Other - Explain in Narrative","Cloudy","Federal Aid Urban System (Class 2 TH's and 3 TH's only)","17BN05137","Bennington PD.","2","0.03","None/Other","Day","","None","None","","VT0020100","Not at a Junction","None","104 Coolidge Avenue","Dry","U1011","42.87994929150009,-73.18718719021496"
"804516","","July 28, 2017, 1:08 PM","Bennington","99 Northside Drive","VT-7A","Injury","Rear End","Cloudy","State Highway numbered route, State owned","17BN05160","Bennington PD.","10","0.13","None/Other","Day","Benmont Avenue Ramps","None","None","","VT0020100","T - Intersection","None","99 Northside Drive","Dry","0071","42.89474598449937,-73.20249758672945"
"804782","","July 28, 2017, 6:24 PM","Bennington","165 Main Street","VT-9","Property Damage Only","Left Turn and Thru, Angle Broadside -->v--","Clear","State Highway numbered route, Class 1 TH","17BN05167","Bennington PD.","11","4.08","None/Other","Day","Main Street/Dewey","None","None","","VT0020100","Four-way Intersection","None","165 Main Street","Dry","0090","42.88067530519802,-73.20238282015072"
"804573","","July 29, 2017, 11:33 AM","Bennington","Kocher Drive","VT-7A","Property Damage Only","Rear End","Clear","State Highway numbered route, State owned","17BN05182","Bennington PD.","10","0","None/Other","Day","US Route 7","None","None","","VT0020100","Four-way Intersection","None","Kocher Drive","Dry","0071","42.89421233345876,-73.19997532803346"
"805122","","July 29, 2017, 11:15 PM","Bennington","North Street","US-7","Injury","No Turns, Thru moves only, Broadside ^<","Clear","State Highway numbered route, Class 1 TH","17BN05196","Bennington PD.","11","3.38","None/Other","Night","County Street","None","None","","VT0020100","Four-way Intersection","None","North Street","Dry","0070","42.88434139451663,-73.19686318278254"
"815923","","July 31, 2017, 1:12 PM","Bennington","Walloomsac Road","WALLOOMSAC ROAD","Property Damage Only","Head On","Clear","Federal Aid Urban System (Class 2 TH's and 3 TH's only)","17BN05226","Bennington PD.","2","0.04","None/Other","Day","Fairview Street","None","None","","VT0020100","T - Intersection","None","Walloomsac Road","Dry","U1408","42.888201271662815,-73.21799926772985"
"1322092","","July 31, 2017, 3:38 PM","Bennington","527 North Bennington Road","Unknown","Property Damage Only","Rear-to-rear","Clear","Other Public Roadway (Rest Areas, Shopping Center - anything open to public)","17BN05229","Bennington PD.","9","999.99","None/Other","Day","Bennington Subaru","None","Heavy Truck","","VT0020100","Parking Lot","None","527 North Bennington Road","Dry","0000","42.90598313160851,-73.21804261540456"
"804609","","July 31, 2017, 8:06 PM","Bennington","100 Benmont Avenue","BENMONT AVE.","Property Damage Only","Rear End","Clear","Federal Aid Urban System (Class 2 TH's and 3 TH's only)","17BN05236","Bennington PD.","2","0","None/Other","Night","Main Street","None","None","","VT0020100","Four-way Intersection","None","100 Benmont Avenue","Dry","U1006","42.880596678020844,-73.20217153561555"
"1320838","","August 2, 2017, 1:11 PM","Bennington","235 Applegate Drive","APPLE HILL RD","Property Damage Only","Other - Explain in Narrative","Clear","Street or Town Highways in FA Urban Area","17BN05273","Bennington PD.","5","999.99","None/Other","Day","","None","None","","VT0020100","Not at a Junction","None","235 Applegate Drive","Dry","0000","42.91368373862978,-73.20728115769217"
"804299","","August 2, 2017, 4:28 PM","Bennington","215 School Street","SCHOOL ST.","Property Damage Only","Other - Explain in Narrative","Cloudy","Federal Aid Urban System (Class 2 TH's and 3 TH's only)","17BN05278","Bennington PD.","2","0.13","None/Other","Day","","None","None","","VT0020100","Not at a Junction","None","215 School Street","Dry","U1046","42.87999481799576,-73.19490949692094"
"805143","","August 2, 2017, 9:45 PM","Bennington","219 Benmont Avenue","BENMONT AVE.","Property Damage Only","Single Vehicle Crash","Clear","Federal Aid Urban System (Class 2 TH's and 3 TH's only)","17BN05289","Bennington PD.","2","0.56","None/Other","Night","Bennington Tire Warehouse","Alcohol","None","","VT0020100","Not at a Junction","None","219 Benmont Avenue","Dry","U1006","42.88880483205555,-73.20150435653188"
"809727","","August 3, 2017, 12:00 PM","Bennington","North Bennington Road","VT-67A","Property Damage Only","Left Turn and Thru, Broadside v<--","Clear","State Highway numbered route, State owned","17BN05306","Bennington PD.","10","0.54","None/Other","Day","Route 279 Off Ramp","None","None","","VT0020100","Four-way Intersection","None","North Bennington Road","Dry","0671","42.90635667365098,-73.21901639013093"
"805078","","August 3, 2017, 6:58 PM","Bennington","301 GAGE STREET","GAGE ST.","Property Damage Only","No Turns, Thru moves only, Broadside ^<","Clear","Federal Aid Urban System (Class 2 TH's and 3 TH's only)","17BN05324","Bennington PD.","2","0.22","None/Other","Day","Park Street","None","None","","VT0020100","Four-way Intersection","None","301 GAGE STREET","Dry","U1024","42.88155534858814,-73.192728697173"
"805046","","August 4, 2017, 4:52 PM","Bennington","Main Street","VT-9","Property Damage Only","Rear End","Clear","State Highway numbered route, Class 1 TH","17BN05344","Bennington PD.","11","4.86","None/Other","Day","Safford Street","None","None","","VT0020100","Four-way Intersection","None","Main Street","","0090","42.87853238445613,-73.18807701483654"
"805038","","August 7, 2017, 11:46 AM","Bennington","217 Main Street","VT-9","Property Damage Only","Same Direction Sideswipe","Cloudy","State Highway numbered route, Class 1 TH","17BN05410","Bennington PD.","11","4.19","None/Other","Day","Grant Street","None","None","","VT0020100","Other - Explain in Narrative","None","217 Main Street","Dry","0090","42.879958575654044,-73.20049642851677"
"805198","","August 7, 2017, 5:03 PM","Bennington","212 Benmont Avenue","BENMONT AVE.","Property Damage Only","Rear End","Cloudy","Federal Aid Urban System (Class 2 TH's and 3 TH's only)","17BN05421","Bennington PD.","2","0.35","None/Other","Day","Leonard Street","None","None","","VT0020100","Not at a Junction","None","212 Benmont Avenue","Dry","U1006","42.88573728412116,-73.2018390976417"
"1318370","","August 7, 2017, 9:51 PM","Bennington","215 North Street","Unknown","Property Damage Only","Other - Explain in Narrative","Rain","Other Public Roadway (Rest Areas, Shopping Center - anything open to public)","17BN05431","Bennington PD.","9","999.99","None/Other","Night","Trustco Parking Lot","None","None","","VT0020100","Parking Lot","None","215 North Street","Wet","0000","42.882208639595476,-73.19624753493515"
"1322728","","August 8, 2017, 5:08 PM","Bennington","100 Hospital Drive","Unknown","Property Damage Only","No Turns, Thru moves only, Broadside ^<","Clear","Other Public Roadway (Rest Areas, Shopping Center - anything open to public)","17BN05452","Bennington PD.","9","999.99","None/Other","Day","Hospital Parking Lot","None","None","","VT0020100","Parking Lot","None","100 Hospital Drive","Dry","0000","42.87425482771548,-73.20735699458395"
"809940","","August 9, 2017, 5:39 PM","Bennington","11 Water Street","VT-67A","Property Damage Only","Opp Direction Sideswipe","Clear","State Highway numbered route, Class 1 TH","17BN05484","Bennington PD.","11","3.18","None/Other","Day","West Street","None","Heavy Truck","","VT0020100","Not at a Junction","None","11 Water Street","Dry","0671","42.92812343363007,-73.24324520062449"
"1322210","","August 9, 2017, 6:11 PM","Bennington","Morgan Street","MORGAN ST","Property Damage Only","No Turns, Thru moves only, Broadside ^<","Clear","Street or Town Highways in FA Urban Area","17BN05376","Bennington PD.","5","999.99","None/Other","Day","Forestview Drive","None","None","","VT0020100","Not at a Junction","None","Morgan Street","Wet","0000","42.87322842694076,-73.18668581682115"
"809518","","August 10, 2017, 1:35 PM","Bennington","Dewey Street","DEWEY ST.","Property Damage Only","No Turns, Thru moves only, Broadside ^<","Clear","Federal Aid Urban System (Class 2 TH's and 3 TH's only)","17BN05503","Bennington PD.","2","0.87","None/Other","Day","Elm Street","None","None","","VT0020100","Four-way Intersection","None","Dewey Street","Dry","U1020","42.877509837490436,-73.20313585088967"
"804222","","August 10, 2017, 7:10 PM","Bennington","748 Main Street","VT-9","Injury","Rear End","Clear","State Highway numbered route, Class 1 TH","17BN05516","Bennington PD.","11","5.07","None/Other","Day","Bradford Street","None","Motorcycle","","VT0020100","Not at a Junction","None","748 Main Street","Dry","0090","42.87914647479886,-73.18401049594803"
"804315","","August 10, 2017, 8:05 PM","Bennington","Weeks Street","WEEKS ST.","Property Damage Only","No Turns, Thru moves only, Broadside ^<","Clear","Federal Aid Urban System (Class 2 TH's and 3 TH's only)","17BN0558","Bennington PD.","2","0.08","None/Other","Night","Putnum Street","None","None","","VT0020100","Four-way Intersection","","Weeks Street","Dry","U1060","42.87467323096385,-73.20244573700568"
"804341","","August 10, 2017, 8:13 PM","Bennington","622 Main Street","VT-9","Property Damage Only","Left Turn and Thru, Broadside v<--","Clear","State Highway numbered route, Class 1 TH","17BN05520","Bennington PD.","11","4.67","None/Other","Night","Valentine Street","None","None","","VT0020100","Not at a Junction","None","622 Main Street","Dry","0090","42.87797141155996,-73.19153210060215"
"1318086","","August 11, 2017, 11:54 AM","Bennington","312 Crescent Blvd","Unknown","Property Damage Only","Single Vehicle Crash","Clear","Other Public Roadway (Rest Areas, Shopping Center - anything open to public)","17BN05543","Bennington PD.","9","999.99","None/Other","Day","Parking Lot Of Crescent Manor","None","Heavy Truck","","VT0020100","Parking Lot","None","312 Crescent Blvd","Dry","0000","42.87290465250328,-73.1896318144501"
"1319297","","August 12, 2017, 1:36 AM","Bennington","96 Northside Drive","NORTHSIDE DR","Property Damage Only","Other - Explain in Narrative","Rain","Other Public Roadway (Rest Areas, Shopping Center - anything open to public)","17BN05566","Bennington PD.","9","999.99","None/Other","Night","Hunt Street","Alcohol","None","","VT0020100","Parking Lot","Road Surface Condition(wet, icy, snow, slush, etc)","96 Northside Drive","Wet","0000","42.89170072582027,-73.20148397678636"
"1322278","","August 15, 2017, 7:17 PM","Bennington","121 Depot Street","Unknown","Property Damage Only","Same Direction Sideswipe","Clear","Other Public Roadway (Rest Areas, Shopping Center - anything open to public)","17BN05636","Bennington PD.","9","999.99","None/Other","Day","","None","None","","VT0020100","Parking Lot","None","121 Depot Street","Dry","0000","42.88090067065799,-73.19816683105219"
"815567","","August 15, 2017, 10:24 PM","Bennington","263 County Street","COUNTY RD.","Property Damage Only","Other - Explain in Narrative","Clear","Federal Aid Urban System (Class 2 TH's and 3 TH's only)","17BN05641","Bennington PD.","2","0.19","None/Other","Night","Depot Street","None","None","","VT0020100","Not at a Junction","None","263 County Street","Dry","U1012","42.88445380460647,-73.19836107073661"
"809985","","August 16, 2017, 1:52 AM","Bennington","206 Depot Street","DEPOT ST.","Property Damage Only","Head On","Clear","Federal Aid Urban System (Class 2 TH's and 3 TH's only)","17BN05644","Bennington PD.","2","0.22","None/Other","Night","","None","None","","VT0020100","Not at a Junction","None","206 Depot Street","Dry","U1018","42.88246508961248,-73.19868813221517"
"809485","","August 18, 2017, 10:15 AM","Bennington","116 South Street","US-7","Property Damage Only","Same Direction Sideswipe","Rain","State Highway numbered route, Class 1 TH","17BN05699","Bennington PD.","11","2.93","None/Other","Day","","None","None","","VT0020100","Four-way Intersection","None","116 South Street","Wet","0070","42.87781824366712,-73.19715075172691"
"809516","","August 18, 2017, 6:36 PM","Bennington","Main Street","VT-9","Injury","Rear End","Rain","State Highway numbered route, Class 1 TH","17BN05709","Bennington PD.","11","4.81","None/Other","Day","Union Street","None","None","","VT0020100","Other - Explain in Narrative","None","Main Street","Wet","0090","42.87835320911883,-73.18897672194363"
"809277","","August 19, 2017, 9:47 AM","Bennington","648 South Stream Road","S STREAM RD","Property Damage Only","Single Vehicle Crash","Clear","Federal Aid Secondary System (Class 2 TH)","17BN05719","Bennington PD.","3","1.8","None/Other","Day","Morgan Street","Alcohol","None","","VT0020100","Not at a Junction","None","648 South Stream Road","Dry","S0103","42.86205815900838,-73.1758239533122"
"1321485","","August 23, 2017, 6:39 PM","Bennington","Northside Drive","Unknown","Property Damage Only","Other - Explain in Narrative","Clear","Other Public Roadway (Rest Areas, Shopping Center - anything open to public)","17BN05814","Bennington PD.","9","999.99","None/Other","Day","Cumberland Farms Parking Lot","None","None","","VT0020100","Not at a Junction","None","Northside Drive","Dry","0000","42.89561357494313,-73.20343830363666"
"1322817","","August 25, 2017, 3:56 PM","Bennington","Scary Lane","SCAREY LN","Property Damage Only","No Turns, Thru moves only, Broadside ^<","Cloudy","Other Public Roadway (Rest Areas, Shopping Center - anything open to public)","17BN05861","Bennington PD.","9","999.99","None/Other","Day","Parking Lot At The End Of Scary Lane, North Bennington,","None","None","","VT0020100","Parking Lot","None","Scary Lane","Dry","0000","42.91772721634934,-73.24533236484125"
"809939","","August 27, 2017, 6:12 PM","Bennington","North Bennington Road","VT-67A","Property Damage Only","Rear End","Clear","State Highway numbered route, State owned","17BN05907","Bennington PD.","10","0.19","None/Other","Day","Morse Road","Alcohol","None","","VT0020100","Not at a Junction","None","North Bennington Road","Dry","0671","42.902338270076335,-73.21469249755201"
"809814","","August 27, 2017, 7:08 PM","Bennington","Benmont Avenue","BENMONT AVE.","Property Damage Only","Rear End","Clear","Federal Aid Urban System (Class 2 TH's and 3 TH's only)","17BN05910","Bennington PD.","2","0","None/Other","Day","Main Street","None","None","","VT0020100","Four-way Intersection","None","Benmont Avenue","Dry","U1006","42.880596678020844,-73.20217153561555"
"1322581","","August 28, 2017, 1:14 PM","Bennington","50 Hannaford Square","Unknown","Property Damage Only","Other - Explain in Narrative","Clear","Other Public Roadway (Rest Areas, Shopping Center - anything open to public)","17BN05918","Bennington PD.","9","999.99","None/Other","Day","Hannaford Parking Lot","None","None","","VT0020100","Parking Lot","None","50 Hannaford Square","Dry","0000","42.90726250964868,-73.2221597886568"
"1322390","","August 28, 2017, 2:26 PM","Bennington","Settlers Road","TOWN ROAD 0080","Property Damage Only","No Turns, Thru moves only, Broadside ^<","Cloudy","City, Village or Urban Compact Street not in FA Urban Area (Class 2 and 3 Non-Federal Aid)","17BN05921","Bennington PD.","6","999.99","None/Other","Day","Springhill Road","None","None","","VT0020100","T - Intersection","None","Settlers Road","Dry","T0080","42.92047784042162,-73.21345855133569"
"1320749","","August 29, 2017, 9:00 AM","Bennington","801 Harrington Road","TOWN ROAD 0008","Property Damage Only","Single Vehicle Crash","Clear","City, Village or Urban Compact Street not in FA Urban Area (Class 2 and 3 Non-Federal Aid)","17BN05944","Bennington PD.","6","999.99","None/Other","Day","","None","None","","VT0020100","Not at a Junction","None","801 Harrington Road","Dry","T0008","42.92191947740509,-73.26348638480026"
"810577","","September 1, 2017, 12:51 PM","Bennington","207 Northside Drive","VT-7A","Property Damage Only","Rear End","Clear","State Highway numbered route, State owned","17BN06024","Bennington PD.","10","0.61","None/Other","Day","","None","None","","VT0020100","Traffic circle / roundabout","None","207 Northside Drive","Dry","0071","42.8992561065519,-73.20958564117878"
"809605","","September 2, 2017, 12:22 PM","Bennington","North Bennington Road","VT-67A","Property Damage Only","No Turns, Thru moves only, Broadside ^<","Clear","State Highway numbered route, State owned","17BN06052","Bennington PD.","10","1.08","None/Other","Day","College Drive","None","None","","VT0020100","Four-way Intersection","None","North Bennington Road","Dry","0671","42.912240558979555,-73.22553944129712"
"810185","","September 2, 2017, 6:15 PM","Bennington","VT Rtoue 279 West","VT-279","Property Damage Only","Single Vehicle Crash","Clear","State Highway numbered route, State owned","17BN06170","Bennington PD.","10","1.36","None/Other","Day","Austin Hill Overpass","None","None","","VT0020100","Not at a Junction","None","VT Rtoue 279 West","Dry","2790","42.90367906920019,-73.25405641630502"
"810527","","September 2, 2017, 6:48 PM","Bennington","Rice Lane","VT-7A","Property Damage Only","Single Vehicle Crash","Clear","State Highway numbered route, State owned","17BN06062","Bennington PD.","10","1.71","None/Other","Day","Harwood Hill","None","None","","VT0020100","Four-way Intersection","None","Rice Lane","Dry","0071","42.91412855780487,-73.2111934532217"
"1320246","","September 5, 2017, 10:38 AM","Bennington","544 Gore Road","TOWN ROAD 0054","Injury","Single Vehicle Crash","Cloudy","City, Village or Urban Compact Street not in FA Urban Area (Class 2 and 3 Non-Federal Aid)","17BN06105","Bennington PD.","6","999.99","None/Other","Day","","None","None","","VT0020100","Not at a Junction","None","544 Gore Road","Wet","T0054","42.86714245222341,-73.16854309881143"
"1320806","","September 5, 2017, 11:19 AM","Bennington","2 Royal Street","ROYAL ST","Property Damage Only","Rear End","Clear","Street or Town Highways in FA Urban Area","17BN06107","Bennington PD.","5","999.99","None/Other","Day","Water Street, North Bennington","None","None","","VT0020100","T - Intersection","None","2 Royal Street","Dry","0000","42.913713086775836,-73.24383884026447"
"804607","","September 5, 2017, 12:12 PM","Bennington","Park Street","PARK ST.","Property Damage Only","Rear End","Cloudy","Federal Aid Urban System (Class 2 TH's and 3 TH's only)","17BN06108","Bennington PD.","2","0.66","None/Other","Day","Kocher Drive","None","None","","VT0020100","Four-way Intersection","None","Park Street","Dry","U1038","42.893851592053615,-73.1932469613959"