"ObjectID","Mapped","Crash Date","City/Town","Address","AOT Route","Crash Type","Collision Direction","Weather","Road Group","Report Number","Reporting Agency","Road Group ID","AOT Actual Milepoint","Animal","Time of Day","Intersection With","Impairment","Involving","Non Reportable Address","Reporting Agency ID","Road Characteristics","Road Condition","Street Address","Surface Condition","AOT Route ID","Coordinates"
"810566","","September 5, 2017, 3:20 PM","Bennington","118 South Street","US-7","Injury","Rear End","Cloudy","State Highway numbered route, Class 1 TH","17BN06110","Bennington PD.","11","2.91","None/Other","Day","","None","None","","VT0020100","T - Intersection","None","118 South Street","Dry","0070","42.8775300179889,-73.19716414550183"
"810090","","September 6, 2017, 7:54 AM","Bennington","VT Rt 279","VT-279","Injury","Same Direction Sideswipe","Rain","State Highway numbered route, State owned","17BN06125","Bennington PD.","10","2.95","None/Other","Day","North Bennington On Ramp","None","Heavy Truck","","VT0020100","On Ramp","None","VT Rt 279","Wet","2790","42.904884736612615,-73.22277552724924"
"1320410","","September 6, 2017, 12:41 PM","Bennington","214 Northside Drive","Unknown","Injury","Single Vehicle Crash","Cloudy","Other Public Roadway (Rest Areas, Shopping Center - anything open to public)","17BN06129","Bennington PD.","9","999.99","None/Other","Day","Price Chopper Parking Lot","None","Pedestrian","","VT0020100","Parking Lot","None","214 Northside Drive","Wet","0000","42.898544906595475,-73.21270361491511"
"1321311","","September 8, 2017, 9:34 AM","Bennington","Imperial Avenue","IMPERIAL AVE","Property Damage Only","Other - Explain in Narrative","Cloudy","Other Public Roadway (Rest Areas, Shopping Center - anything open to public)","17BN06183","Bennington PD.","9","999.99","None/Other","Day","Morgan Street","None","None","","VT0020100","Not at a Junction","None","Imperial Avenue","Dry","0000","42.87491899441666,-73.18698606616938"
"805083","","September 9, 2017, 5:03 PM","Bennington","North Bennington Road","VT-67A","Property Damage Only","No Turns, Thru moves only, Broadside ^<","Clear","State Highway numbered route, State owned","17BN06214","Bennington PD.","10","1.06","None/Other","Day","Silk Road","None","None","","VT0020100","T - Intersection","None","North Bennington Road","Dry","0671","42.91225720117274,-73.22513943063265"
"810657","","September 9, 2017, 6:20 PM","Bennington","251 Elm Street","ELM ST.","Property Damage Only","Other - Explain in Narrative","Clear","Federal Aid Urban System (Class 2 TH's and 3 TH's only)","17BN06219","Bennington PD.","2","0.35","None/Other","Day","Dewey Street","None","None","","VT0020100","Not at a Junction","None","251 Elm Street","Dry","U1022","42.87747148110702,-73.20310945159082"
"1323046","","September 11, 2017, 7:45 AM","Bennington","Sawmill Road","TOWN ROAD 0059","Injury","Single Vehicle Crash","Clear","City, Village or Urban Compact Street not in FA Urban Area (Class 2 and 3 Non-Federal Aid)","17BN06251","Bennington PD.","6","999.99","None/Other","Day","South Stream Road","None","None","","VT0020100","Not at a Junction","None","Sawmill Road","Dry","T0059","42.832302389677004,-73.16739689685735"
"810636","","September 11, 2017, 7:59 AM","Bennington","Main Street","VT-9","Property Damage Only","Opp Direction Sideswipe","Clear","State Highway numbered route, Class 1 TH","17BN06252","Bennington PD.","11","3.36","None/Other","Day","Burgess Road","None","None","","VT0020100","T - Intersection","None","Main Street","Dry","0090","42.883200637152505,-73.2133001342697"
"810174","","September 13, 2017, 8:45 AM","Bennington","424 Park Street","PARK ST.","Property Damage Only","Rear End","Clear","Federal Aid Urban System (Class 2 TH's and 3 TH's only)","17BN06311","Bennington PD.","2","0.59","None/Other","Day","Tatro's Business/ Kocher Drive","None","None","","VT0020100","Not at a Junction","None","424 Park Street","Dry","U1038","42.892834607953844,-73.19316185087632"
"1320944","","September 13, 2017, 8:49 AM","Bennington","126 Congress Street","Unknown","Property Damage Only","Rear-to-rear","Clear","Other Public Roadway (Rest Areas, Shopping Center - anything open to public)","17BN06312","Bennington PD.","9","999.99","None/Other","Day","School Parking Lot","None","None","","VT0020100","Parking Lot","None","126 Congress Street","Dry","0000","42.88582473772769,-73.1877558729145"
"805173","","September 13, 2017, 12:37 PM","Bennington","Depot Street","DEPOT ST.","Property Damage Only","No Turns, Thru moves only, Broadside ^<","Clear","Federal Aid Urban System (Class 2 TH's and 3 TH's only)","17BN06320","Bennington PD.","2","0.36","None/Other","Day","County Street","None","None","","VT0020100","Four-way Intersection","None","Depot Street","Dry","U1018","42.88444188309587,-73.19858946664098"
"810598","","September 14, 2017, 9:04 PM","Bennington","North Bennington Road","VT-67A","Property Damage Only","Single Vehicle Crash","Clear","State Highway numbered route, State owned","17BN06369","Bennington PD.","10","2.05","Deer","Night","Royal Street","None","None","","VT0020100","Not at a Junction","None","North Bennington Road","Dry","0671","42.913712859294364,-73.24419564661535"
"810362","","September 14, 2017, 9:07 PM","Bennington","15 Matteson Road","MATTESON ROAD","Property Damage Only","Single Vehicle Crash","Cloudy","Federal Aid Urban System (Class 2 TH's and 3 TH's only)","17BN06371","Bennington PD.","2","0.49","None/Other","Night","Overlea Road","None","None","","VT0020100","Not at a Junction","None","15 Matteson Road","Dry","U1202","42.925664714511626,-73.22726077825023"
"805118","","September 15, 2017, 10:52 AM","Bennington","401 Main Street","VT-9","Property Damage Only","Single Vehicle Crash","Cloudy","State Highway numbered route, Class 1 TH","17BN06387","Bennington PD.","11","4.4","None/Other","Day","South Street","None","None","","VT0020100","Four-way Intersection","None","401 Main Street","Dry","0090","42.87835726263376,-73.19707979200608"
"1319783","","September 15, 2017, 8:53 PM","Bennington","Vail Road","TOWN ROAD 0025","Property Damage Only","Single Vehicle Crash","Cloudy","City, Village or Urban Compact Street not in FA Urban Area (Class 2 and 3 Non-Federal Aid)","17BN06412","Bennington PD.","6","999.99","Deer","Night","Fairview Street/Silk Road","None","None","","VT0020100","Not at a Junction","None","Vail Road","Wet","T0025","42.89113076758786,-73.22505666902318"
"806750","","September 15, 2017, 9:16 PM","Bennington","US Route 7 SB","US-7","Property Damage Only","Single Vehicle Crash","Clear","State Highway numbered route, State owned","17BN06413","Bennington PD.","10","4.8","Deer","Night","Kocher Drive","None","None","","VT0020100","Off Ramp","None","US Route 7 SB","Dry","0070","42.90224823777198,-73.20323546571993"
"815284","","September 16, 2017, 7:59 PM","Bennington","County Street","COUNTY RD.","Property Damage Only","Other - Explain in Narrative","Clear","Federal Aid Urban System (Class 2 TH's and 3 TH's only)","17BN06433","Bennington PD.","2","0.57","None/Other","Day","Maple Street","None","Motorcycle","","VT0020100","T - Intersection","None","County Street","Dry","U1012","42.884211768957854,-73.1912693132362"
"805014","","September 20, 2017, 1:43 PM","Bennington","Depot Street","DEPOT ST.","Property Damage Only","Single Vehicle Crash","Clear","Federal Aid Urban System (Class 2 TH's and 3 TH's only)","17BN06538","Bennington PD.","2","0.36","None/Other","Day","County Street","None","Heavy Truck","","VT0020100","Not at a Junction","None","Depot Street","Dry","U1018","42.88444188309587,-73.19858946664098"
"805201","","September 21, 2017, 9:38 AM","Bennington","1100 Woodford Road","VT-9","Property Damage Only","Single Vehicle Crash","Clear","State Highway numbered route, State owned","17BN06564","Bennington PD.","10","5.93","Deer","Day","Barney Road","None","None","","VT0020100","Not at a Junction","None","1100 Woodford Road","Dry","0090","42.882262508242384,-73.16793192645191"
"1318133","","September 21, 2017, 1:12 PM","Bennington","214 Northside Drive","Unknown","Property Damage Only","Other - Explain in Narrative","Clear","Other Public Roadway (Rest Areas, Shopping Center - anything open to public)","17BN06573","Bennington PD.","9","999.99","None/Other","Day","Price Chopper Parking Lot","None","None","","VT0020100","Parking Lot","None","214 Northside Drive","Dry","0000","42.89852439339651,-73.2126118929195"
"1321594","","September 22, 2017, 2:01 PM","Bennington","207 Northside Drive","NORTHSIDE DR","Property Damage Only","Rear End","Clear","Other Public Roadway (Rest Areas, Shopping Center - anything open to public)","17BN06603","Bennington PD.","9","999.99","None/Other","Day","Pizza Hut Parking Lot","None","None","","VT0020100","Traffic circle / roundabout","None","207 Northside Drive","Dry","0000","42.89925762644726,-73.20955283087007"
"804674","","September 22, 2017, 2:45 PM","Bennington","218 Northside Drive","VT-7A","Injury","Rear End","Clear","State Highway numbered route, State owned","17BN06605","Bennington PD.","10","0.71","None/Other","Day","Best Western","None","None","","VT0020100","Not at a Junction","None","218 Northside Drive","Dry","0071","42.9001895162687,-73.21097609323901"
"805186","","September 23, 2017, 12:35 PM","Bennington","US Route 7","US-7","Property Damage Only","Rear End","Clear","State Highway numbered route, State owned","17BN06639","Bennington PD.","10","4.14","None/Other","Day","Kocher Drive","None","None","","VT0020100","Four-way Intersection","None","US Route 7","Dry","0070","42.89409860708711,-73.19998539538895"
"805151","","September 25, 2017, 8:39 AM","Bennington","1265 South Stream Road","S STREAM RD","Property Damage Only","Single Vehicle Crash","Clear","Federal Aid Secondary System (Class 2 TH)","17BN06684","Bennington PD.","3","1.22","None/Other","Day","Fish Hatchery Road","None","None","","VT0020100","Not at a Junction","None","1265 South Stream Road","Dry","S0103","42.85412731048012,-73.17402011143909"
"804866","","September 25, 2017, 1:01 PM","Bennington","216 Union Street","UNION ST.","Property Damage Only","Other - Explain in Narrative","Clear","Federal Aid Urban System (Class 2 TH's and 3 TH's only)","17BN06692","Bennington PD.","2","0.29","None/Other","Day","Valentine Street","None","None","","VT0020100","Not at a Junction","None","216 Union Street","Dry","U1052","42.876998256025196,-73.19166304826908"
"811264","","September 25, 2017, 3:19 PM","Bennington","208 Pleasant Street","PLEASANT ST.","Property Damage Only","Single Vehicle Crash","Clear","Federal Aid Urban System (Class 2 TH's and 3 TH's only)","17BN06696","Bennington PD.","2","0.16","None/Other","Day","HFCU","None","None","","VT0020100","Not at a Junction","None","208 Pleasant Street","Dry","U1040","42.87913424004051,-73.19402068055493"
"804783","","September 26, 2017, 11:25 PM","Bennington","VT RT 279","VT-279","Property Damage Only","Single Vehicle Crash","Clear","State Highway numbered route, State owned","17BN06737","Bennington PD.","10","4.24","None/Other","Night","Route 7 A Ramp","None","None","","VT0020100","On Ramp","None","VT RT 279","Dry","2790","42.902121303304334,-73.19660416884295"
"804815","","September 28, 2017, 11:52 AM","Bennington","Main Street","VT-9","Property Damage Only","No Turns, Thru moves only, Broadside ^<","Cloudy","State Highway numbered route, Class 1 TH","17BN06770","Bennington PD.","11","4.49","None/Other","Day","School Street","None","None","","VT0020100","T - Intersection","None","Main Street","Dry","0090","42.87816578567508,-73.19520051363826"
"804715","","September 28, 2017, 5:08 PM","Bennington","118 South Street","US-7","Property Damage Only","Same Direction Sideswipe","Clear","State Highway numbered route, Class 1 TH","17BN06777","Bennington PD.","11","2.92","None/Other","Day","1 Franklin Lane","None","None","","VT0020100","Four-way Intersection","None","118 South Street","Dry","0070","42.87767409441227,-73.19715442075685"
"804945","","September 29, 2017, 12:25 PM","Bennington","North Bennington Road","VT-67A","Property Damage Only","No Turns, Thru moves only, Broadside ^<","Clear","State Highway numbered route, State owned","17BN06801","Bennington PD.","10","1.06","None/Other","Day","Silk Road","None","None","","VT0020100","Four-way Intersection","None","North Bennington Road","Dry","0671","42.91225720117274,-73.22513943063265"
"1320502","","September 29, 2017, 5:31 PM","Bennington","106 River Street","RIVER ST","Property Damage Only","Single Vehicle Crash","Clear","Street or Town Highways in FA Urban Area","17BN06814","Bennington PD.","5","999.99","Domestic","Day","","None","None","","VT0020100","Not at a Junction","None","106 River Street","Dry","0000","42.88207817068881,-73.20139942894711"
"804942","","September 30, 2017, 12:23 AM","Bennington","West Road","VT-9","Property Damage Only","Single Vehicle Crash","Cloudy","State Highway numbered route, State owned","17BN06829","Bennington PD.","10","1.53","None/Other","Night","1940 West Road","None","None","","VT0020100","Not at a Junction","None","West Road","Dry","0090","42.87779386824413,-73.2484290200194"
"810451","","October 3, 2017, 5:37 PM","Bennington","306 Silver Street","SILVER ST.","Property Damage Only","No Turns, Thru moves only, Broadside ^<","Clear","Federal Aid Urban System (Class 2 TH's and 3 TH's only)","17BN06907","Bennington PD.","2","0.16","None/Other","Day","Grandview","None","None","","VT0020100","Not at a Junction","None","306 Silver Street","Dry","U1048","42.87472456515763,-73.1943847490814"
"810437","","October 5, 2017, 4:58 PM","Bennington","125 Elm Street","ELM ST.","Property Damage Only","Single Vehicle Crash","Clear","Federal Aid Urban System (Class 2 TH's and 3 TH's only)","17BN06954","Bennington PD.","2","0.57","None/Other","Day","South Street","None","None","","VT0020100","Not at a Junction","None","125 Elm Street","Dry","U1022","42.87688852879362,-73.19892869068997"
"810279","","October 6, 2017, 3:00 PM","Bennington","Main Street","VT-9","Property Damage Only","Same Direction Sideswipe","Cloudy","State Highway numbered route, Class 1 TH","17BN06981","Bennington PD.","11","3.82","None/Other","Day","Convent Avenue","None","None","","VT0020100","Not at a Junction","None","Main Street","Wet","0090","42.88224592275852,-73.20692015669594"
"811569","","October 6, 2017, 4:18 PM","Bennington","226 Main Street","VT-9","Property Damage Only","Rear End","Clear","State Highway numbered route, Class 1 TH","17BN06983","Bennington PD.","11","4.04","None/Other","Day","Benmont Avenue","None","None","","VT0020100","Four-way Intersection","None","226 Main Street","Dry","0090","42.88093567388439,-73.20306889886608"
"1320267","","October 7, 2017, 8:07 AM","Bennington","Barney Road","TOWN ROAD 0052","Property Damage Only","Single Vehicle Crash","Cloudy","City, Village or Urban Compact Street not in FA Urban Area (Class 2 and 3 Non-Federal Aid)","17BN07007","Bennington PD.","6","999.99","Deer","Day","Garbrook Drive","None","None","","VT0020100","Not at a Junction","None","Barney Road","Dry","T0052","42.88003512005871,-73.16046899514984"
"810464","","October 9, 2017, 11:43 AM","Bennington","811 Route 7 S","US-7","Property Damage Only","Rear End","Rain","State Highway numbered route, State owned","17BN07044","Bennington PD.","10","1.35","None/Other","Day","Sheriff's Office","None","None","","VT0020100","Not at a Junction","Road Surface Condition(wet, icy, snow, slush, etc)","811 Route 7 S","Wet","0070","42.85640119711726,-73.202753410216"
"805692","","October 9, 2017, 2:58 PM","Bennington","VT RT 279","VT-279","Injury","Other - Explain in Narrative","Freezing Precipitation","State Highway numbered route, State owned","17BN08558","Bennington PD.","10","2.99","None/Other","Day","VT RT 67A","None","None","","VT0020100","Not at a Junction","Road Surface Condition(wet, icy, snow, slush, etc)","VT RT 279","Ice","2790","42.90486972425218,-73.22196353083389"
"1318760","","October 9, 2017, 3:58 PM","Bennington","River Street","RIVER ST","Property Damage Only","Other - Explain in Narrative","Cloudy","Street or Town Highways in FA Urban Area","17BN07853","Bennington PD.","5","999.99","None/Other","Day","Lincoln Street","None","None","","VT0020100","T - Intersection","None","River Street","Dry","0000","42.88206608805904,-73.20043227203351"
"1321426","","October 10, 2017, 10:54 AM","Bennington","113 Pratt Street","PRATT ST","Property Damage Only","Other - Explain in Narrative","Cloudy","Street or Town Highways in FA Urban Area","17BN07065","Bennington PD.","5","999.99","None/Other","Day","","None","None","","VT0020100","Not at a Junction","None","113 Pratt Street","Dry","0000","42.880865003137906,-73.19218081281768"
"1319698","","October 11, 2017, 12:33 PM","Bennington","Chapel Road","TOWN ROAD 0016","Property Damage Only","Single Vehicle Crash","Clear","City, Village or Urban Compact Street not in FA Urban Area (Class 2 and 3 Non-Federal Aid)","17BN07094","Bennington PD.","6","999.99","None/Other","Day","Crossover Road","None","None","","VT0020100","Not at a Junction","None","Chapel Road","Dry","T0016","42.91999993741893,-73.17956207841064"
"810830","","October 11, 2017, 2:25 PM","Bennington","North Bennington Road","VT-67A","Property Damage Only","Right Turn and Thru, Broadside ^<--","Clear","State Highway numbered route, State owned","17BN07099","Bennington PD.","10","1.06","None/Other","Day","Silk Road","None","None","","VT0020100","T - Intersection","None","North Bennington Road","Dry","0671","42.91225720117274,-73.22513943063265"
"1319801","","October 11, 2017, 5:13 PM","Bennington","5 Kocher  Drive","Unknown","Property Damage Only","Right Turn and Thru, Angle Broadside -->^--","Clear","Other Public Roadway (Rest Areas, Shopping Center - anything open to public)","17BN07102","Bennington PD.","9","999.99","None/Other","Day","Staples","None","None","","VT0020100","T - Intersection","None","5 Kocher  Drive","Dry","0000","42.89281587958328,-73.19871748046752"
"811680","","October 12, 2017, 3:41 AM","Bennington","951 North Bennignton Road","VT-67A","Injury","Single Vehicle Crash","Clear","State Highway numbered route, State owned","17BN07112","Bennington PD.","10","1.06","None/Other","Night","Silk Road","Alcohol","None","","VT0020100","Not at a Junction","None","951 North Bennignton Road","Dry","0671","42.91225720117274,-73.22513943063265"
"1320202","","October 12, 2017, 2:08 PM","Bennington","194 North Street","Unknown","Property Damage Only","Head On","Clear","Other Public Roadway (Rest Areas, Shopping Center - anything open to public)","17BN07127","Bennington PD.","9","999.99","None/Other","Day","Rite Aid Parking Lot.","None","None","","VT0020100","Unknown","None","194 North Street","Dry","0000","42.88141695488275,-73.19764630531827"
"811067","","October 12, 2017, 4:18 PM","Bennington","Main Street","VT-9","Property Damage Only","Rear End","Clear","State Highway numbered route, Class 1 TH","17BN07129","Bennington PD.","11","4.53","None/Other","Day","Silver Street","None","None","","VT0020100","Not at a Junction","None","Main Street","Dry","0090","42.8781087363428,-73.19435584057"
"1319190","","October 13, 2017, 12:00 PM","Bennington","236 North Street","Unknown","Property Damage Only","Other - Explain in Narrative","Clear","Other Public Roadway (Rest Areas, Shopping Center - anything open to public)","17BN07155","Bennington PD.","9","999.99","None/Other","Day","Dunkin Donuts Parking Lot","None","None","","VT0020100","Parking Lot","None","236 North Street","Dry","0000","42.883710298235684,-73.1965214846037"
"815462","","October 13, 2017, 3:30 PM","Bennington","324 County Street","COUNTY RD.","Property Damage Only","Other - Explain in Narrative","Clear","Federal Aid Urban System (Class 2 TH's and 3 TH's only)","17BN07161","Bennington PD.","2","0.38","None/Other","Day","School Street - Bennington Potters","None","None","","VT0020100","Not at a Junction","None","324 County Street","Dry","U1012","42.88434861828977,-73.19480940288632"
"811123","","October 14, 2017, 4:25 PM","Bennington","2006 Harwood HIll Road","VT-7A","Injury","Rear End","Clear","State Highway numbered route, State owned","17BN07182","Bennington PD.","10","2.8","None/Other","Day","Overlea Road","None","None","","VT0020100","Other - Explain in Narrative","None","2006 Harwood HIll Road","Dry","0071","42.92946958365421,-73.20915340504038"
"1320155","","October 15, 2017, 12:05 AM","Bennington","150 Convent Avenue","CONVENT AVE","Property Damage Only","Single Vehicle Crash","Clear","Street or Town Highways in FA Urban Area","17BN07190","Bennington PD.","5","999.99","None/Other","Night","Leonard Street","Alcohol","None","","VT0020100","T - Intersection","None","150 Convent Avenue","Dry","0000","42.88695045948131,-73.20688995611701"
"1322521","","October 18, 2017, 12:05 PM","Bennington","124 Pleasant Street","Unknown","Property Damage Only","Other - Explain in Narrative","Clear","Other Public Roadway (Rest Areas, Shopping Center - anything open to public)","17BN07245","Bennington PD.","9","999.99","None/Other","Day","Senior Center Lot","None","None","","VT0020100","Parking Lot","None","124 Pleasant Street","Dry","0000","42.87935737463137,-73.19586050815042"
"811566","","October 18, 2017, 12:55 PM","Bennington","Benmont Avenue","BENMONT AVE.","Injury","Rear End","Clear","Federal Aid Urban System (Class 2 TH's and 3 TH's only)","17BN07247","Bennington PD.","2","0.48","None/Other","Day","Leonard Street","None","None","","VT0020100","Not at a Junction","None","Benmont Avenue","Dry","U1006","42.887627926499796,-73.20153178878063"
"810806","","October 18, 2017, 1:36 PM","Bennington","111 Northside Drive","VT-7A","Property Damage Only","Left Turn and Thru, Broadside v<--","Clear","State Highway numbered route, State owned","17BN07248","Bennington PD.","10","0.24","None/Other","Day","Cumberland Farms","None","None","","VT0020100","Other - Explain in Narrative","None","111 Northside Drive","Dry","0071","42.89575485693994,-73.20413253775764"
"810741","","October 18, 2017, 4:57 PM","Bennington","Vermont Route 67","VT-67A","Property Damage Only","Other - Explain in Narrative","Clear","State Highway numbered route, State owned","17BN07258","Bennington PD.","10","1.06","None/Other","Day","Matteson Road","None","None","","VT0020100","Four-way Intersection","None","Vermont Route 67","Dry","0671","42.91225720117274,-73.22513943063265"
"811282","","October 19, 2017, 7:16 AM","Bennington","West Road","VT-9","Property Damage Only","Single Vehicle Crash","Clear","State Highway numbered route, State owned","17BN07272","Bennington PD.","10","2.36","Deer","Night","Bluestone Road","None","None","","VT0020100","Not at a Junction","None","West Road","Dry","0090","42.881193265661715,-73.2328937823088"
"1319526","","October 19, 2017, 11:29 AM","Bennington","100 Murphy Road","TOWN ROAD 0019","Property Damage Only","Other - Explain in Narrative","Clear","City, Village or Urban Compact Street not in FA Urban Area (Class 2 and 3 Non-Federal Aid)","17BN07281","Bennington PD.","6","999.99","None/Other","Day","Bridge","None","None","","VT0020100","Not at a Junction","None","100 Murphy Road","Dry","T0019","42.90923201015544,-73.24493608812514"
"805623","","October 20, 2017, 10:04 AM","Bennington","428 Main Street","VT-9","Property Damage Only","Rear End","Cloudy","State Highway numbered route, Class 1 TH","17BN07314","Bennington PD.","11","4.43","None/Other","Day","South Street","Alcohol","None","","VT0020100","","","428 Main Street","","0090","42.87825480166934,-73.19646696336949"
"1318442","","October 20, 2017, 2:13 PM","Bennington","214 Northside Drive","Unknown","Property Damage Only","Same Direction Sideswipe","Clear","Other Public Roadway (Rest Areas, Shopping Center - anything open to public)","17BN07322","Bennington PD.","9","999.99","None/Other","Day","Price Chopper Lot","None","None","","VT0020100","Parking Lot","None","214 Northside Drive","Dry","0000","42.898599523963256,-73.21260629174465"
"812703","","October 21, 2017, 6:46 PM","Bennington","600 Main Street","VT-9","Property Damage Only","Right Turn and Thru, Same Direction Sideswipe/Angle Crash ^^--","Clear","State Highway numbered route, Class 1 TH","17BN07356","Bennington PD.","11","4.62","None/Other","Day","Safford Street","None","None","","VT0020100","Not at a Junction","None","600 Main Street","Dry","0090","42.877991996148154,-73.19246181554381"
"810559","","October 22, 2017, 11:45 AM","Bennington","314 South Street","US-7","Property Damage Only","Single Vehicle Crash","Clear","State Highway numbered route, Class 1 TH","17BN07373","Bennington PD.","11","2.79","Domestic","Day","Above Shell Gas Station","None","None","","VT0020100","Not at a Junction","None","314 South Street","Dry","0070","42.87579946564171,-73.19728184973005"
"810396","","October 22, 2017, 12:19 PM","Bennington","815 Main Street","VT-9","Property Damage Only","Same Direction Sideswipe","Clear","State Highway numbered route, Class 1 TH","17BN07374","Bennington PD.","11","5.16","None/Other","Day","","None","None","","VT0020100","Not at a Junction","None","815 Main Street","Dry","0090","42.87934133158926,-73.18213543969945"
"810943","","October 22, 2017, 4:20 PM","Bennington","319 Pleasant Street","PLEASANT ST.","Property Damage Only","Other - Explain in Narrative","Clear","Federal Aid Urban System (Class 2 TH's and 3 TH's only)","17BN07379","Bennington PD.","2","0.33","None/Other","Day","","None","None","","VT0020100","Not at a Junction","None","319 Pleasant Street","Dry","U1040","42.87911894521633,-73.19077329674504"
"805223","","October 22, 2017, 7:49 PM","Bennington","1499 Harwood Hill","VT-7A","Property Damage Only","Single Vehicle Crash","Clear","State Highway numbered route, State owned","17BN07382","Bennington PD.","10","1.82","None/Other","Night","Transport Drive","None","None","","VT0020100","Not at a Junction","None","1499 Harwood Hill","Dry","0071","42.91570646892123,-73.21099260745231"
"811405","","October 23, 2017, 3:53 PM","Bennington","323 School Street","SCHOOL ST.","Property Damage Only","Rear End","Clear","Federal Aid Urban System (Class 2 TH's and 3 TH's only)","17BN07394","Bennington PD.","2","0.35","None/Other","Day","","None","None","","VT0020100","Driveway","None","323 School Street","Dry","U1046","42.88307950200924,-73.1947717802591"
"811455","","October 24, 2017, 1:58 PM","Bennington","604 Gage Street","GAGE ST.","Property Damage Only","Same Direction Sideswipe","Clear","Federal Aid Urban System (Class 2 TH's and 3 TH's only)","17BN07422","Bennington PD.","2","0.5","None/Other","Day","Safford Street","None","None","","VT0020100","Not at a Junction","None","604 Gage Street","Dry","U1024","42.88142672205497,-73.18729624487624"
"811616","","October 25, 2017, 10:20 AM","Bennington","1000 North Branch Street","BROOKLYN DR.","Property Damage Only","Same Direction Sideswipe","Cloudy","Federal Aid Urban System (Class 2 TH's and 3 TH's only)","17BN07442","Bennington PD.","2","1.01","None/Other","Day","J & J Trucking","None","None","","VT0020100","Not at a Junction","None","1000 North Branch Street","Dry","U1009","42.893535535542185,-73.18963707789072"
"1319612","","October 26, 2017, 3:53 PM","Bennington","Harlan Road","TOWN ROAD 0108","Injury","Left Turn and Thru, Broadside v<--","Rain","City, Village or Urban Compact Street not in FA Urban Area (Class 2 and 3 Non-Federal Aid)","17BN07482","Bennington PD.","6","999.99","None/Other","Day","College Road","None","None","","VT0020100","T - Intersection","None","Harlan Road","Wet","T0108","42.92009922035356,-73.23488867726063"
"1320935","","October 29, 2017, 1:25 AM","Bennington","117 McKinley Street","MCKINLEY ST","Property Damage Only","Same Direction Sideswipe","Clear","Street or Town Highways in FA Urban Area","17BN07549","Bennington PD.","5","999.99","None/Other","Night","Main Street","None","None","","VT0020100","Not at a Junction","None","117 McKinley Street","Dry","0000","42.8816693123984,-73.20494459488202"
"810116","","October 29, 2017, 2:36 PM","Bennington","111 Dewey Street","DEWEY ST.","Property Damage Only","Other - Explain in Narrative","Rain","Federal Aid Urban System (Class 2 TH's and 3 TH's only)","17BN07560","Bennington PD.","2","1.03","None/Other","Day","Main Street","None","None","","VT0020100","Not at a Junction","Road Surface Condition(wet, icy, snow, slush, etc)","111 Dewey Street","Wet","U1020","42.87965954469141,-73.20247867794396"
"811169","","October 30, 2017, 10:27 PM","Bennington","118 Dewey Street","DEWEY ST.","Property Damage Only","Other - Explain in Narrative","Clear","Federal Aid Urban System (Class 2 TH's and 3 TH's only)","17BN07603","Bennington PD.","2","0.99","None/Other","Night","Grant Street","None","None","","VT0020100","Not at a Junction","None","118 Dewey Street","Dry","U1020","42.87912144461746,-73.2026388964328"
"810578","","October 31, 2017, 11:19 AM","Bennington","207 South Street","US-7","Property Damage Only","Other - Explain in Narrative","Clear","State Highway numbered route, Class 1 TH","17BN07610","Bennington PD.","11","2.88","None/Other","Day","Superior Court","None","None","","VT0020100","Parking Lot","None","207 South Street","Dry","0070","42.87709767822671,-73.19718997908316"
"805655","","October 31, 2017, 1:30 PM","Bennington","Northside Drive","VT-7A","Property Damage Only","Other - Explain in Narrative","Cloudy","State Highway numbered route, State owned","17BN07618","Bennington PD.","10","0.2","None/Other","Day","Cumberland Farms","None","None","","VT0020100","Not at a Junction","None","Northside Drive","Dry","0071","42.895370818604704,-73.20355064370787"
"805603","","October 31, 2017, 2:50 PM","Bennington","Elm Street","ELM ST.","Property Damage Only","No Turns, Thru moves only, Broadside ^<","Clear","Federal Aid Urban System (Class 2 TH's and 3 TH's only)","17BN07621","Bennington PD.","2","0.37","None/Other","Day","Dewey Street","None","None","","VT0020100","Four-way Intersection","None","Elm Street","Dry","U1022","42.87745665595256,-73.20272206992713"
"805104","","November 1, 2017, 5:06 PM","Bennington","212 Northside Drive","VT-7A","Property Damage Only","Rear End","Rain","State Highway numbered route, State owned","17BN07667","Bennington PD.","10","0.26","None/Other","Day","Orchard Road","None","None","","VT0020100","Not at a Junction","None","212 Northside Drive","Wet","0071","42.89594551504976,-73.20442516696872"
"810167","","November 1, 2017, 9:52 PM","Bennington","1355 East Road","EAST RD","Property Damage Only","Single Vehicle Crash","Rain","Federal Aid Secondary System (Class 2 TH)","17BN07673","Bennington PD.","3","0.71","Deer","Night","","None","None","","VT0020100","Not at a Junction","None","1355 East Road","Wet","S0173","42.91300051942565,-73.188269898293"