"ObjectID","Mapped","Crash Date","City/Town","Address","AOT Route","Crash Type","Collision Direction","Weather","Road Group","Report Number","Reporting Agency","Road Group ID","AOT Actual Milepoint","Animal","Time of Day","Intersection With","Impairment","Involving","Non Reportable Address","Reporting Agency ID","Road Characteristics","Road Condition","Street Address","Surface Condition","AOT Route ID","Coordinates"
"811262","","November 2, 2017, 10:01 AM","Bennington","North Strewet","US-7","Injury","","Clear","State Highway numbered route, Class 1 TH","17BN07680","Bennington PD.","11","3.77","None/Other","Day","Veterans Drive","None","None","","VT0020100","Four-way Intersection","None","North Strewet","Dry","0070","42.888729486421205,-73.20018175806045"
"811673","","November 2, 2017, 5:53 PM","Bennington","100 Northside Drive","HUNT ST. WEST","Property Damage Only","Left Turn and Thru, Angle Broadside -->v--","Clear","Federal Aid Urban System (Class 2 TH's and 3 TH's only)","17BN07693","Bennington PD.","2","0.2","None/Other","Day","Benmont Avenue","None","None","","VT0020100","Other - Explain in Narrative","None","100 Northside Drive","Dry","U1030","42.89417303081147,-73.20248899041849"
"811043","","November 4, 2017, 11:20 AM","Bennington","306 Gage Street","GAGE ST.","Property Damage Only","Opp Direction Sideswipe","","Federal Aid Urban System (Class 2 TH's and 3 TH's only)","17BN07726","Bennington PD.","2","0.23","None/Other","Day","Park Street","None","None","","VT0020100","Not at a Junction","None","306 Gage Street","Dry","U1024","42.881551314089656,-73.19253465096502"
"811844","","November 4, 2017, 4:21 PM","Bennington","South Street","US-7","Property Damage Only","Other - Explain in Narrative","Clear","State Highway numbered route, Class 1 TH","17BN07731","Bennington PD.","11","2.76","None/Other","Day","Grandview Street","None","None","","VT0020100","T - Intersection","None","South Street","Dry","0070","42.87536598128565,-73.19730552331376"
"1321261","","November 5, 2017, 9:20 AM","Bennington","130 Northside Drive","Unknown","Property Damage Only","Same Direction Sideswipe","Clear","Other Public Roadway (Rest Areas, Shopping Center - anything open to public)","17BN07742","Bennington PD.","9","999.99","None/Other","Day","Knotty Pine Motel Parking Lot","None","None","","VT0020100","Parking Lot","None","130 Northside Drive","Dry","0000","42.897406031283616,-73.20764605590043"
"811927","","November 5, 2017, 5:18 PM","Bennington","US Route 7","US-7","Property Damage Only","Rear End","Cloudy","State Highway numbered route, State owned","17BN07750","Bennington PD.","10","4.15","None/Other","Day","Kocher Drive","None","None","","VT0020100","Four-way Intersection","None","US Route 7","Dry","0070","42.894240344343764,-73.19997243291877"
"815395","","November 6, 2017, 12:41 PM","Bennington","County Street","COUNTY RD.","Property Damage Only","Rear End","Clear","Federal Aid Urban System (Class 2 TH's and 3 TH's only)","17BN07768","Bennington PD.","2","0.38","None/Other","Day","Potters Yard","None","None","","VT0020100","Not at a Junction","None","County Street","Dry","U1012","42.88434861828977,-73.19480940288632"
"811474","","November 7, 2017, 10:41 AM","Bennington","450 Main Street","VT-9","Property Damage Only","Other - Explain in Narrative","","State Highway numbered route, Class 1 TH","17BN07790","Bennington PD.","11","4.48","None/Other","Day","School Street","None","None","","VT0020100","Not at a Junction","None","450 Main Street","Dry","0090","42.87817982886004,-73.19541170789516"
"810468","","November 7, 2017, 3:45 PM","Bennington","55 Main Street","VT-9","Property Damage Only","No Turns, Thru moves only, Broadside ^<","Cloudy","State Highway numbered route, Class 1 TH","17BN07796","Bennington PD.","11","4.81","None/Other","Day","Pleasant Street","None","None","","VT0020100","Y - Intersection","None","55 Main Street","Dry","0090","42.87835320911883,-73.18897672194363"
"810415","","November 7, 2017, 7:41 PM","Bennington","VT RT 279","VT-279","Property Damage Only","Same Direction Sideswipe","Cloudy","State Highway numbered route, State owned","17BN07801","Bennington PD.","10","3.17","None/Other","Night","Vermont Route 67","None","Heavy Truck","","VT0020100","Off Ramp","None","VT RT 279","Dry","2790","42.905064727518045,-73.218678508131"
"805992","","November 9, 2017, 7:32 AM","Bennington","Depot Street","DEPOT ST.","Property Damage Only","Other - Explain in Narrative","Clear","Federal Aid Urban System (Class 2 TH's and 3 TH's only)","17BN07839","Bennington PD.","2","0.46","None/Other","Day","North Street","None","None","","VT0020100","T - Intersection","None","Depot Street","Dry","U1018","42.88585377571297,-73.1985397038408"
"1322487","","November 9, 2017, 3:56 PM","Bennington","144 North Street","Unknown","Property Damage Only","Other - Explain in Narrative","Clear","Other Public Roadway (Rest Areas, Shopping Center - anything open to public)","17BN07855","Bennington PD.","9","999.99","None/Other","Day","Eagles Club","None","None","","VT0020100","Parking Lot","None","144 North Street","Dry","0000","42.87938436887361,-73.19734187941131"
"810184","","November 9, 2017, 4:13 PM","Bennington","1779 Monument Avenue","MONUMENT ROAD","Injury","Single Vehicle Crash","Cloudy","Federal Aid Urban System (Class 2 TH's and 3 TH's only)","17BN07858","Bennington PD.","2","0.91","None/Other","Day","Meadowbrook","None","None","","VT0020100","Not at a Junction","None","1779 Monument Avenue","Dry","U1034","42.864805314445704,-73.20773087940434"
"806480","","November 10, 2017, 9:57 AM","Bennington","205 North Street","US-7","Injury","Rear End","","State Highway numbered route, Class 1 TH","17BN07877","Bennington PD.","11","3.21","None/Other","Day","River Street","None","None","","VT0020100","Not at a Junction","None","205 North Street","Dry","0070","42.88187540739743,-73.19697380918454"
"1321791","","November 11, 2017, 1:06 AM","Bennington","River Street","RIVER ST","Injury","Rear End","Clear","Street or Town Highways in FA Urban Area","17BN07890","Bennington PD.","5","999.99","None/Other","Night","Lincoln Street","Alcohol","None","","VT0020100","Not at a Junction","None","River Street","Dry","0000","42.88204793563808,-73.20045654819592"
"810937","","November 11, 2017, 4:17 PM","Bennington","VT RT 279 E","VT-279","Property Damage Only","Single Vehicle Crash","Clear","State Highway numbered route, State owned","17BN07899","Bennington PD.","10","5.95","Deer","Day","US Route 9","None","None","","VT0020100","Not at a Junction","None","VT RT 279 E","Dry","2790","42.88827991146597,-73.17449572550137"
"811592","","November 12, 2017, 10:18 PM","Bennington","1246 North Bennington Road","VT-67A","Property Damage Only","Single Vehicle Crash","Clear","State Highway numbered route, State owned","17BN07919","Bennington PD.","10","1.25","Deer","Night","","None","None","","VT0020100","Not at a Junction","None","1246 North Bennington Road","Dry","0671","42.912057761303345,-73.22892944430414"
"811287","","November 14, 2017, 9:23 AM","Bennington","303 Safford Street","SAFFORD ST.","Property Damage Only","Same Direction Sideswipe","Clear","Federal Aid Urban System (Class 2 TH's and 3 TH's only)","17BN07950","Bennington PD.","2","0.23","None/Other","Day","Gage Street","None","Heavy Truck","","VT0020100","Not at a Junction","None","303 Safford Street","Dry","U1044","42.88180144515312,-73.1877126829975"
"803876","","November 14, 2017, 5:50 PM","Bennington","35 Bank Street","BANK ST.","Injury","Rear End","Cloudy","Federal Aid Urban System (Class 2 TH's and 3 TH's only)","17BN07962","Bennington PD.","2","0.06","None/Other","Day","North Bennington Variety","None","None","","VT0020100","Not at a Junction","None","35 Bank Street","Dry","U1200","42.933118742424966,-73.246955730705"
"810924","","November 17, 2017, 7:58 AM","Bennington","Monument Avenue","MONUMENT ROAD","Property Damage Only","Single Vehicle Crash","Clear","Federal Aid Urban System (Class 2 TH's and 3 TH's only)","17BN08034","Bennington PD.","2","1.25","None/Other","Day","Cow Path Lane","None","None","","VT0020100","Not at a Junction","None","Monument Avenue","Dry","U1034","42.86906853331003,-73.20964572800729"
"812163","","November 17, 2017, 11:59 AM","Bennington","306 School Street","SCHOOL ST.","Property Damage Only","Other - Explain in Narrative","Clear","Federal Aid Urban System (Class 2 TH's and 3 TH's only)","17BN08042","Bennington PD.","2","0.28","None/Other","Day","Sacred Heart School","None","None","","VT0020100","Not at a Junction","None","306 School Street","Dry","U1046","42.88209387969234,-73.19481544229642"
"812266","","November 18, 2017, 9:37 AM","Bennington","Main Street","US-7","Property Damage Only","Left Turn and Thru, Angle Broadside -->v--","Cloudy","State Highway numbered route, Class 1 TH","17BN08063","Bennington PD.","11","2.97","None/Other","Day","North Street","None","None","","VT0020100","Four-way Intersection","None","Main Street","Dry","0070","42.87838038017111,-73.1971350998712"
"805524","","November 19, 2017, 9:36 PM","Bennington","600 Gage Streeet","GAGE ST.","Property Damage Only","Single Vehicle Crash","Clear","Federal Aid Urban System (Class 2 TH's and 3 TH's only)","17BN08094","Bennington PD.","2","0.49","None/Other","Night","Safford Street","None","None","","VT0020100","Four-way Intersection","None","600 Gage Streeet","Dry","U1024","42.88143051079939,-73.18749029911534"
"811710","","November 20, 2017, 6:44 AM","Bennington","East Road","EAST RD.","Property Damage Only","Rear End","Cloudy","Federal Aid Urban System (Class 2 TH's and 3 TH's only)","17BN08100","Bennington PD.","2","0","None/Other","Night","Kocher Drive","None","None","","VT0020100","Four-way Intersection","Road Surface Condition(wet, icy, snow, slush, etc)","East Road","Ice","U1021","42.893851592053615,-73.1932469613959"
"812870","","November 21, 2017, 7:17 AM","Bennington","1 Block US ROUTE 7 S","US-7","","","","State Highway numbered route, State owned","17B303820","VSP - B3 Shaftsbury","10","2.15","","Day","","","","1 Block US ROUTE 7 S BENNINGTON VT","VTVSP0900","","","1 Block US ROUTE 7 S","","0070","42.86674358920341,-73.19648721363122"
"812518","","November 21, 2017, 7:38 AM","Bennington","344 Elm Street","ELM ST.","Injury","Left Turn and Thru, Broadside v<--","Clear","Federal Aid Urban System (Class 2 TH's and 3 TH's only)","17BN08118","Bennington PD.","2","0.1","None/Other","Day","Chester Knolls","None","None","","VT0020100","T - Intersection","None","344 Elm Street","Dry","U1022","42.878366158565214,-73.20780165386574"
"810964","","November 21, 2017, 12:40 PM","Bennington","111 Northside Drive","VT-7A","Injury","No Turns, Thru moves only, Broadside ^<","Clear","State Highway numbered route, State owned","17BN08130","Bennington PD.","10","0.24","None/Other","Day","Orchard Road","None","None","","VT0020100","Not at a Junction","None","111 Northside Drive","Dry","0071","42.89575485693994,-73.20413253775764"
"812044","","November 22, 2017, 10:04 AM","Bennington","Main Street","VT-9","Property Damage Only","No Turns, Thru moves only, Broadside ^<","Rain","State Highway numbered route, Class 1 TH","17BN08160","Bennington PD.","11","4.81","None/Other","Day","Union Street","None","None","","VT0020100","Four-way Intersection","None","Main Street","Wet","0090","42.87835320911883,-73.18897672194363"
"812578","","November 22, 2017, 1:55 PM","Bennington","Main Street","VT-9","Property Damage Only","No Turns, Thru moves only, Broadside ^<","Cloudy","State Highway numbered route, Class 1 TH","17BN08163","Bennington PD.","11","5.54","None/Other","Day","Gage Street","None","None","","VT0020100","Not at a Junction","None","Main Street","Wet","0090","42.880124401063625,-73.17472952835783"
"805565","","November 22, 2017, 4:06 PM","Bennington","Bank Street","VT-67","Property Damage Only","Rear End","Cloudy","State Highway numbered route, Class 1 TH","17BN08164","Bennington PD.","11","0.46","None/Other","Day","Main Street, North Bennington","None","None","","VT0020100","T - Intersection","None","Bank Street","Wet","0670","42.930360478564765,-73.24255545803334"
"805775","","November 24, 2017, 3:05 PM","Bennington","Silver Street","SILVER ST.","Property Damage Only","Single Vehicle Crash","Clear","Federal Aid Urban System (Class 2 TH's and 3 TH's only)","17BN08198","Bennington PD.","2","0.18","None/Other","Day","Grandview Street","None","None","","VT0020100","Four-way Intersection","None","Silver Street","Dry","U1048","42.87499754301391,-73.19432692272106"
"805494","","November 24, 2017, 7:57 PM","Bennington","1750 WEST ROAD","VT-9","Injury","Single Vehicle Crash","Clear","State Highway numbered route, State owned","17BN08207","Bennington PD.","10","1.7","None/Other","Night","Motor Home Park","Alcohol","None","","VT0020100","Not at a Junction","None","1750 WEST ROAD","Dry","0090","42.87852921975213,-73.24524705825007"
"812678","","November 26, 2017, 11:30 AM","Bennington","Northside Drive","VT-7A","Property Damage Only","Rear End","Clear","State Highway numbered route, State owned","17BN08240","Bennington PD.","10","0.28","None/Other","Day","Orchard Road","None","None","","VT0020100","Four-way Intersection","None","Northside Drive","Dry","0071","42.89613617240409,-73.20471779606787"
"805959","","November 27, 2017, 11:42 AM","Bennington","Benmont Avenue","BENMONT AVE.","Property Damage Only","Other - Explain in Narrative","Cloudy","Federal Aid Urban System (Class 2 TH's and 3 TH's only)","17BN08259","Bennington PD.","2","0.21","None/Other","Day","Holden Street","None","None","","VT0020100","Not at a Junction","None","Benmont Avenue","Dry","U1006","42.88368071471833,-73.2019587961746"
"1318532","","November 29, 2017, 8:31 AM","Bennington","304 Pleasant Street","Unknown","Injury","Single Vehicle Crash","Clear","Other Public Roadway (Rest Areas, Shopping Center - anything open to public)","17BN08304","Bennington PD.","9","999.99","None/Other","Day","","None","None","","VT0020100","Parking Lot","None","304 Pleasant Street","Dry","0000","42.879371372160605,-73.19206619458475"
"805977","","November 29, 2017, 11:53 AM","Bennington","116 North Street","US-7","Property Damage Only","Same Direction Sideswipe","Clear","State Highway numbered route, Class 1 TH","17BN08309","Bennington PD.","11","3","None/Other","Day","Pleasant Street","None","None","","VT0020100","Not at a Junction","None","116 North Street","Dry","0070","42.878829073316766,-73.19709041046471"
"815414","","November 30, 2017, 4:58 PM","Bennington","1000 County Street","COUNTY RD.","Property Damage Only","Rear End","Clear","Federal Aid Urban System (Class 2 TH's and 3 TH's only)","17BN08340","Bennington PD.","2","1.05","None/Other","Day","North Branch Street","None","None","","VT0020100","T - Intersection","None","1000 County Street","Dry","U1012","42.88369472983368,-73.18234099835823"
"1318840","","December 1, 2017, 8:24 PM","Bennington","217 Northside Drive","Unknown","Property Damage Only","Opp Direction Sideswipe","Clear","Other Public Roadway (Rest Areas, Shopping Center - anything open to public)","17BN08373","Bennington PD.","9","999.99","None/Other","Night","Parking Lot Crash","None","None","","VT0020100","Parking Lot","None","217 Northside Drive","Dry","0000","42.900790465717506,-73.21059894316974"
"805523","","December 2, 2017, 10:47 AM","Bennington","181 Orchard Road","WILLOW RD.","Property Damage Only","Single Vehicle Crash","Clear","Federal Aid Urban System (Class 2 TH's and 3 TH's only)","17BN08382","Bennington PD.","2","0.16","None/Other","Day","Molly Stark School","None","None","","VT0020100","Not at a Junction","None","181 Orchard Road","Dry","U1063","42.898407521136434,-73.20309470088142"
"1318687","","December 6, 2017, 2:05 PM","Bennington","210 Northside Drive","Unknown","Property Damage Only","Single Vehicle Crash","Clear","Other Public Roadway (Rest Areas, Shopping Center - anything open to public)","17BN08493","Bennington PD.","9","999.99","None/Other","Day","Walmart Parking Lot","None","None","","VT0020100","Parking Lot","None","210 Northside Drive","Dry","0000","42.89801974390645,-73.21029775940563"
"805627","","December 6, 2017, 11:20 PM","Bennington","66 Main Street","VT-9","Injury","Single Vehicle Crash","Clear","State Highway numbered route, Class 1 TH","17BN08502","Bennington PD.","11","3.56","None/Other","Night","Catamount Lane","None","None","","VT0020100","T - Intersection","None","66 Main Street","Dry","0090","42.884340004075014,-73.21111023020576"
"812529","","December 7, 2017, 6:57 PM","Bennington","East Road","EAST RD","Property Damage Only","Single Vehicle Crash","Clear","Federal Aid Secondary System (Class 2 TH)","17BN08518","Bennington PD.","3","0.37","Deer","Night","Duffy Drive","None","None","","VT0020100","Not at a Junction","None","East Road","Dry","S0173","42.90829732534423,-73.18946014220376"
"811868","","December 9, 2017, 8:28 AM","Bennington","100 Safford Street","SAFFORD ST.","Property Damage Only","Head On","Cloudy","Federal Aid Urban System (Class 2 TH's and 3 TH's only)","17BN08552","Bennington PD.","2","0","None/Other","Day","Main Street","None","None","","VT0020100","Driveway","None","100 Safford Street","Dry","U1044","42.87858580352757,-73.18780978219328"
"1322309","","December 9, 2017, 12:01 PM","Bennington","109 Bennington Square","Unknown","Property Damage Only","Other - Explain in Narrative","Freezing Precipitation","Other Public Roadway (Rest Areas, Shopping Center - anything open to public)","17BN08555","Bennington PD.","9","999.99","None/Other","Day","Kocher Drive","None","None","","VT0020100","Parking Lot","None","109 Bennington Square","Dry","0000","42.89329178588046,-73.19743734012975"
"805551","","December 9, 2017, 4:58 PM","Bennington","425 North Street","BROOKLYN DR.","Property Damage Only","Single Vehicle Crash","Freezing Precipitation","Federal Aid Urban System (Class 2 TH's and 3 TH's only)","17BN08563","Bennington PD.","2","0.43","None/Other","Day","Roaring Branch Lane","None","None","","VT0020100","Not at a Junction","Road Surface Condition(wet, icy, snow, slush, etc)","425 North Street","Snow","U1009","42.88939483511251,-73.18060484853159"
"805859","","December 10, 2017, 12:22 PM","Bennington","324 School Street","SILVER ST.","Property Damage Only","Rear End","Cloudy","Federal Aid Urban System (Class 2 TH's and 3 TH's only)","17BN08582","Bennington PD.","2","0.38","None/Other","Day","","None","None","","VT0020100","Driveway","None","324 School Street","Snow","U1048","42.87769396912653,-73.19384254949452"
"811774","","December 10, 2017, 5:49 PM","Bennington","206 Harwood HIll","VT-7A","Injury","Single Vehicle Crash","Cloudy","State Highway numbered route, State owned","17BN08586","Bennington PD.","10","1.05","None/Other","Day","Orchard Road","None","Pedestrian","","VT0020100","Not at a Junction","None","206 Harwood HIll","Dry","0071","42.90449210964815,-73.21179514107693"
"812717","","December 11, 2017, 9:05 PM","Bennington","823 Gage Street","GAGE ST.","Property Damage Only","Same Direction Sideswipe","Clear","Federal Aid Urban System (Class 2 TH's and 3 TH's only)","17BN08608","Bennington PD.","2","0.77","None/Other","Night","Branch Street","None","None","","VT0020100","Not at a Junction","None","823 Gage Street","Dry","U1024","42.88131329562084,-73.18205720018207"
"812346","","December 12, 2017, 6:50 PM","Bennington","1639 North Bennington Road","VT-67A","Property Damage Only","Single Vehicle Crash","Freezing Precipitation","State Highway numbered route, State owned","17BN08630","Bennington PD.","10","1.62","None/Other","Night","Heavens Way - North Bennington","None","None","","VT0020100","Not at a Junction","Road Surface Condition(wet, icy, snow, slush, etc)","1639 North Bennington Road","Other - Explain in Narrative","0671","42.913706653349394,-73.23591426026604"
"812004","","December 13, 2017, 9:30 AM","Bennington","Mattison Road","MATTISON ROAD","Property Damage Only","Single Vehicle Crash","Cloudy","Federal Aid Urban System (Class 2 TH's and 3 TH's only)","17BN08639","Bennington PD.","2","0.32","None/Other","Day","Harlan Road","None","None","","VT0020100","Not at a Junction","Road Surface Condition(wet, icy, snow, slush, etc)","Mattison Road","Slush","U1032","42.91759469800605,-73.2281219269165"
"1322537","","December 13, 2017, 2:04 PM","Bennington","48 Main Street","Unknown","Property Damage Only","Single Vehicle Crash","Cloudy","Private Property (Driveways)","17BN08642","Bennington PD.","8","999.99","None/Other","Day","Vermont Arts Exchange","None","Heavy Truck","","VT0020100","Driveway","Road Surface Condition(wet, icy, snow, slush, etc)","48 Main Street","Snow","0000","42.93171407032049,-73.24287938350476"
"1319834","","December 13, 2017, 2:07 PM","Bennington","Veterans Drive","VETERANS MEMORIAL DR","Property Damage Only","Left Turn and Thru, Broadside v<--","Cloudy","Other Public Roadway (Rest Areas, Shopping Center - anything open to public)","17BN08643","Bennington PD.","9","999.99","None/Other","Day","State Office Complex","None","None","","VT0020100","Parking Lot","Road Surface Condition(wet, icy, snow, slush, etc)","Veterans Drive","Ice","0000","42.88893179222845,-73.19793910972973"
"814031","","December 14, 2017, 7:39 AM","Bennington","East Main Street","VT-9","Property Damage Only","Single Vehicle Crash","Cloudy","State Highway numbered route, Class 1 TH","17BN08662","Bennington PD.","11","5.63","None/Other","Day","GMP - Substation","None","None","","VT0020100","Not at a Junction","Road Surface Condition(wet, icy, snow, slush, etc)","East Main Street","Snow","0090","42.88072997916952,-73.17329751263603"
"812835","","December 14, 2017, 4:48 PM","Bennington","10 East Road","EAST RD.","Property Damage Only","No Turns, Thru moves only, Broadside ^<","Clear","Federal Aid Urban System (Class 2 TH's and 3 TH's only)","17BN08682","Bennington PD.","2","0.66","None/Other","Day","Kocher Drive","Alcohol","None","","VT0020100","Four-way Intersection","None","10 East Road","Dry","U1021","42.902900814703905,-73.19089230238394"
"805547","","December 15, 2017, 5:02 PM","Bennington","338 Main Street","VT-9","Property Damage Only","Same Direction Sideswipe","Clear","State Highway numbered route, Class 1 TH","17BN08713","Bennington PD.","11","4.38","None/Other","Day","North Street","None","None","","VT0020100","Four-way Intersection","None","338 Main Street","Dry","0090","42.878515497706736,-73.19740698287146"
"812694","","December 15, 2017, 6:19 PM","Bennington","1923 Route 7 South","US-7","Injury","Single Vehicle Crash","Cloudy","State Highway numbered route, State owned","17BN08719","Bennington PD.","10","0.24","None/Other","Night","","Alcohol","None","","VT0020100","Not at a Junction","None","1923 Route 7 South","Dry","0070","42.840923599682036,-73.20005529328348"
"815561","","December 16, 2017, 5:43 PM","Bennington","500 County Street","COUNTY RD.","Property Damage Only","Rear End","Cloudy","Federal Aid Urban System (Class 2 TH's and 3 TH's only)","17BN08737","Bennington PD.","2","0.47","None/Other","Day","Park Street","None","None","","VT0020100","Four-way Intersection","None","500 County Street","Dry","U1012","42.88430057464151,-73.1931310595364"
"812142","","December 17, 2017, 1:53 AM","Bennington","US Route 7","US-7","Property Damage Only","Single Vehicle Crash","Clear","State Highway numbered route, State owned","17BN08740","Bennington PD.","10","7.21","Deer","Night","MM 15.2 - 1.2 Miles North Of Sugar Lane","None","None","","VT0020100","Not at a Junction","None","US Route 7","Dry","0070","42.92971732721575,-73.1931007384824"
"805881","","December 18, 2017, 8:40 PM","Bennington","Main Street","VT-9","Injury","Rear End","Clear","State Highway numbered route, Class 1 TH","17BN08723","Bennington PD.","11","4.93","None/Other","Night","Morgan Street","None","None","","VT0020100","T - Intersection","None","Main Street","Dry","0090","42.87878742731537,-73.18681901756025"
"1321043","","December 19, 2017, 1:19 PM","Bennington","210 Northside Drive","Unknown","Property Damage Only","Other - Explain in Narrative","Freezing Precipitation","Other Public Roadway (Rest Areas, Shopping Center - anything open to public)","17BN08791","Bennington PD.","9","999.99","None/Other","Day","Walmart","None","None","","VT0020100","Parking Lot","None","210 Northside Drive","Wet","0000","42.8982710960112,-73.21041084020547"
"815055","","December 19, 2017, 5:30 PM","Bennington","VT US Route 7 South","US-7","Property Damage Only","Rear End","Cloudy","State Highway numbered route, State owned","17BN08794","Bennington PD.","10","1.1","None/Other","Day","Carpenter Hill Road","None","None","","VT0020100","Not at a Junction","None","VT US Route 7 South","Dry","0070","42.85296152361784,-73.20420535504552"
"812577","","December 19, 2017, 6:07 PM","Bennington","150 Depot Street","DEPOT ST.","Injury","Single Vehicle Crash","Cloudy","Federal Aid Urban System (Class 2 TH's and 3 TH's only)","17BN08796","Bennington PD.","2","0.17","None/Other","Night","People's Park","None","Pedestrian","","VT0020100","Not at a Junction","None","150 Depot Street","Dry","U1018","42.881759072456816,-73.1987227131707"
"813588","","December 21, 2017, 12:23 PM","Bennington","Benmont Avenue","HUNT ST. WEST","Injury","Rear End","Clear","Federal Aid Urban System (Class 2 TH's and 3 TH's only)","17BN08836","Bennington PD.","2","0.2","None/Other","Day","Taco Bell","None","None","","VT0020100","Driveway","None","Benmont Avenue","Dry","U1030","42.89417303081147,-73.20248899041849"
"805907","","December 22, 2017, 9:30 AM","Bennington","215 Pleasant Street","PLEASANT ST.","Property Damage Only","No Turns, Thru moves only, Broadside ^<","Freezing Precipitation","Federal Aid Urban System (Class 2 TH's and 3 TH's only)","17BN08855","Bennington PD.","2","0.2","None/Other","Day","","None","Heavy Truck","","VT0020100","T - Intersection","Road Surface Condition(wet, icy, snow, slush, etc)","215 Pleasant Street","Snow","U1040","42.87913699093323,-73.19325160718016"
"1320143","","December 22, 2017, 2:35 PM","Bennington","62 Willowbrook Drive","Unknown","Property Damage Only","Rear-to-rear","Cloudy","Other Public Roadway (Rest Areas, Shopping Center - anything open to public)","17BN08859","Bennington PD.","9","999.99","None/Other","Day","Orchard Road","None","None","","VT0020100","Parking Lot","None","62 Willowbrook Drive","Dry","0000","42.898924280606394,-73.20522684353257"
"1322901","","December 22, 2017, 3:57 PM","Bennington","214 Northside Drive","Unknown","Property Damage Only","Right Turn and Thru, Angle Broadside -->^--","Freezing Precipitation","Other Public Roadway (Rest Areas, Shopping Center - anything open to public)","17BN08861","Bennington PD.","9","999.99","None/Other","Day","Price Chopper Parking Lot","None","None","","VT0020100","Four-way Intersection","Road Surface Condition(wet, icy, snow, slush, etc)","214 Northside Drive","Slush","0000","42.898790282129646,-73.21088207520604"
"814591","","December 22, 2017, 10:25 PM","Bennington","VT RT 279","VT-279","Property Damage Only","Rear End","Cloudy","State Highway numbered route, State owned","17BN08868","Bennington PD.","10","3.07","None/Other","Night","North Bennington Exit","None","None","","VT0020100","Off Ramp","None","VT RT 279","Slush","2790","42.90492606880644,-73.22046684718653"
"812532","","December 22, 2017, 10:34 PM","Bennington","641 Harwood Hill","VT-7A","Property Damage Only","Single Vehicle Crash","Freezing Precipitation","State Highway numbered route, State owned","17BN08869","Bennington PD.","10","1.43","Deer","Night","Houghton Lane","None","None","","VT0020100","Not at a Junction","None","641 Harwood Hill","Wet","0071","42.910039034275925,-73.2114092329551"
"805913","","December 23, 2017, 7:40 AM","Bennington","7N","US-7","Property Damage Only","Same Direction Sideswipe","Freezing Precipitation","State Highway numbered route, State owned","17BN08873","Bennington PD.","10","0.27","None/Other","Day","North Of Split","None","Heavy Truck","","VT0020100","Not at a Junction","Road Surface Condition(wet, icy, snow, slush, etc)","7N","Slush","0070","42.93512783908476,-73.18377998873238"
"815872","","December 23, 2017, 12:12 PM","Bennington","County Street","COUNTY RD.","Injury","No Turns, Thru moves only, Broadside ^<","Rain","Federal Aid Urban System (Class 2 TH's and 3 TH's only)","17BN08880","Bennington PD.","2","0.18","None/Other","Day","Depot Street","None","None","","VT0020100","Four-way Intersection","None","County Street","Wet","U1012","42.88445979070565,-73.1985487695965"
"812627","","December 23, 2017, 7:04 PM","Bennington","200 Main Street","VT-9","Property Damage Only","Left Turn and Thru, Angle Broadside -->v--","Cloudy","State Highway numbered route, Class 1 TH","17BN08887","Bennington PD.","11","3.94","None/Other","Night","Benmont Avenue","None","None","","VT0020100","Four-way Intersection","None","200 Main Street","Wet","0090","42.88157797242754,-73.20478989064438"
"813018","","December 23, 2017, 7:13 PM","Bennington","123 Northside Drive","VT-7A","Property Damage Only","Opp Direction Sideswipe","Clear","State Highway numbered route, State owned","17BN08888","Bennington PD.","10","0.35","None/Other","Night","Orchard Road","None","None","","VT0020100","Not at a Junction","None","123 Northside Drive","Dry","0071","42.896797783582805,-73.20574879991219"
"812188","","December 23, 2017, 11:59 PM","Bennington","150 Depot Street","DEPOT ST.","Property Damage Only","Other - Explain in Narrative","Clear","Federal Aid Urban System (Class 2 TH's and 3 TH's only)","17BN08893","Bennington PD.","2","0.17","None/Other","Night","River And Depot Streets","None","None","","VT0020100","Not at a Junction","None","150 Depot Street","Dry","U1018","42.881759072456816,-73.1987227131707"
"812540","","December 25, 2017, 7:46 AM","Bennington","US Route 7","US-7","Property Damage Only","Single Vehicle Crash","Freezing Precipitation","State Highway numbered route, State owned","17BN08911","Bennington PD.","10","7.18","None/Other","Day","Third U Turn","None","None","","VT0020100","Not at a Junction","Road Surface Condition(wet, icy, snow, slush, etc)","US Route 7","Snow","0070","42.92963279864312,-73.19359297517619"
"806249","","December 25, 2017, 1:21 PM","Bennington","323 North Branch Street","BROOKLYN DR.","Property Damage Only","Single Vehicle Crash","Cloudy","Federal Aid Urban System (Class 2 TH's and 3 TH's only)","17BN08916","Bennington PD.","2","0.33","None/Other","Day","","None","None","","VT0020100","Not at a Junction","Road Surface Condition(wet, icy, snow, slush, etc)","323 North Branch Street","Slush","U1009","42.887976419060884,-73.18062805650487"
"811969","","December 25, 2017, 1:36 PM","Bennington","523 South Stream Road","S STREAM RD","Property Damage Only","Single Vehicle Crash","Cloudy","Federal Aid Secondary System (Class 2 TH)","17BN08917","Bennington PD.","3","1.97","None/Other","Day","Ice Pond Road","None","None","","VT0020100","Not at a Junction","Road Surface Condition(wet, icy, snow, slush, etc)","523 South Stream Road","Snow","S0103","42.86451591782721,-73.17591658227813"