"ObjectID","Mapped","Crash Date","City/Town","Address","AOT Route","Crash Type","Collision Direction","Weather","Road Group","Report Number","Reporting Agency","Road Group ID","AOT Actual Milepoint","Animal","Time of Day","Intersection With","Impairment","Involving","Non Reportable Address","Reporting Agency ID","Road Characteristics","Road Condition","Street Address","Surface Condition","AOT Route ID","Coordinates"
"812760","","December 25, 2017, 2:39 PM","Bennington","1041 North Branch Street","BROOKLYN DR.","Injury","Head On","Clear","Federal Aid Urban System (Class 2 TH's and 3 TH's only)","17BN08919","Bennington PD.","2","1.04","None/Other","Day","Park Street","None","None","","VT0020100","Not at a Junction","Road Surface Condition(wet, icy, snow, slush, etc)","1041 North Branch Street","Slush","U1009","42.89348987257726,-73.19019990876184"
"1319880","","December 26, 2017, 4:01 AM","Bennington","132 Harrington Road","HARRINGTON RD","Property Damage Only","Single Vehicle Crash","Clear","Other Public Roadway (Rest Areas, Shopping Center - anything open to public)","17BN08937","Bennington PD.","9","999.99","None/Other","Night","Pembroke Landscaping Parking Lot","None","None","","VT0020100","Parking Lot","None","132 Harrington Road","Ice","0000","42.931310603364956,-73.2645089142442"
"806583","","December 27, 2017, 1:25 PM","Bennington","205 North Street","US-7","Property Damage Only","Other - Explain in Narrative","Clear","State Highway numbered route, Class 1 TH","17BN08968","Bennington PD.","11","3.22","None/Other","Day","Trustco Bank","Alcohol","None","","VT0020100","Not at a Junction","None","205 North Street","Dry","0070","42.882009175233165,-73.1969679839047"
"1322790","","December 28, 2017, 8:57 AM","Bennington","112 Northside Drive","Unknown","Property Damage Only","Other - Explain in Narrative","Clear","Other Public Roadway (Rest Areas, Shopping Center - anything open to public)","17BN08977","Bennington PD.","9","999.99","None/Other","Day","McDonald's Restaurant","None","None","","VT0020100","Parking Lot","None","112 Northside Drive","Dry","0000","42.89547927409321,-73.20478355246193"
"1322283","","December 29, 2017, 10:47 AM","Bennington","323 South Street","TH 427","Property Damage Only","Other - Explain in Narrative","Clear","Other Public Roadway (Rest Areas, Shopping Center - anything open to public)","17BN08994","Bennington PD.","9","999.99","None/Other","Day","Brookside Apt.s","None","None","","VT0020100","Parking Lot","None","323 South Street","Wet","0000","42.87545643014604,-73.19784842442031"
"1323725","","December 30, 2017, 12:31 PM","Bennington","209 Bradford Street","Unknown","Property Damage Only","Rear-to-rear","Clear","Street or Town Highways in FA Urban Area","17BN09011","Bennington PD.","5","999.99","None/Other","Day","","None","None","","VT0020100","Not at a Junction","None","209 Bradford Street","Dry","0000","42.88214857297721,-73.18381022859516"
"814504","","December 30, 2017, 7:03 PM","Bennington","1000 West Road","VT-9","Property Damage Only","Single Vehicle Crash","Freezing Precipitation","State Highway numbered route, State owned","17BN09017","Bennington PD.","10","0.19","None/Other","Night","VT RT 279","None","None","","VT0020100","Not at a Junction","Road Surface Condition(wet, icy, snow, slush, etc)","1000 West Road","Snow","0090","42.8732358547995,-73.27354900689592"
"1322885","","December 30, 2017, 8:48 PM","Bennington","268 Crossover Road","TOWN ROAD 0015","Property Damage Only","Single Vehicle Crash","Freezing Precipitation","City, Village or Urban Compact Street not in FA Urban Area (Class 2 and 3 Non-Federal Aid)","17BN09020","Bennington PD.","6","999.99","None/Other","Night","Harmony Lane","None","None","","VT0020100","Not at a Junction","Road Surface Condition(wet, icy, snow, slush, etc)","268 Crossover Road","Snow","T0015","42.91968253523253,-73.18146931069727"
"812877","","December 30, 2017, 10:12 PM","Bennington","US Route 7 S","US-7","Property Damage Only","Single Vehicle Crash","Freezing Precipitation","State Highway numbered route, State owned","17BN09023","Bennington PD.","10","1.21","Deer","Night","Buck Hill Road","None","None","","VT0020100","Not at a Junction","Road Surface Condition(wet, icy, snow, slush, etc)","US Route 7 S","Snow","0070","42.85449064359575,-73.20365520600798"
"813839","","December 30, 2017, 10:52 PM","Bennington","300 Park Street","PARK ST.","Property Damage Only","Single Vehicle Crash","Freezing Precipitation","Federal Aid Urban System (Class 2 TH's and 3 TH's only)","17BN09025","Bennington PD.","2","0.07","None/Other","Night","County Street","None","None","","VT0020100","Four-way Intersection","Road Surface Condition(wet, icy, snow, slush, etc)","300 Park Street","Snow","U1038","42.88531592048261,-73.19295359011365"
"812008","","December 31, 2017, 3:44 AM","Bennington","340 Pleasant Street","PLEASANT ST.","Property Damage Only","Single Vehicle Crash","Cloudy","Federal Aid Urban System (Class 2 TH's and 3 TH's only)","17BN09029","Bennington PD.","2","0.44","None/Other","Night","Main Street","Alcohol","None","","VT0020100","Not at a Junction","","340 Pleasant Street","Snow","U1040","42.87898269486463,-73.18874876839129"
"812205","","December 31, 2017, 5:53 AM","Bennington","VT RT 279 W","VT-279","Property Damage Only","Single Vehicle Crash","Clear","State Highway numbered route, State owned","17BN09030","Bennington PD.","10","0.95","None/Other","Night","Weigh Station","None","None","","VT0020100","Off Ramp","Road Surface Condition(wet, icy, snow, slush, etc)","VT RT 279 W","Snow","2790","42.900952720918085,-73.26143600462872"
"805732","","December 31, 2017, 9:50 AM","Bennington","VT RT 279","VT-279","Injury","Head On","Clear","State Highway numbered route, State owned","17BN09031","Bennington PD.","10","2.76","None/Other","Day","Exit 1","None","None","","VT0020100","Not at a Junction","Road Surface Condition(wet, icy, snow, slush, etc)","VT RT 279","Snow","2790","42.905278306422346,-73.2265740458384"
"1320513","","December 31, 2017, 9:35 PM","Bennington","54 Catamount MHP","Unknown","Property Damage Only","Single Vehicle Crash","Clear","Other Public Roadway (Rest Areas, Shopping Center - anything open to public)","17BN09042","Bennington PD.","9","999.99","None/Other","Night","","None","None","","VT0020100","Not at a Junction","Road Surface Condition(wet, icy, snow, slush, etc)","54 Catamount MHP","Snow","0000","42.87220086086965,-73.19585353327054"
"1318831","","January 1, 2018, 3:00 AM","Bennington","307 Grove Street","GROVE ST","Property Damage Only","No Turns, Thru moves only, Broadside ^<","Cloudy","Street or Town Highways in FA Urban Area","18BN00007","Bennington PD.","5","999.99","None/Other","Night","County Street","None","None","","VT0020100","Not at a Junction","None","307 Grove Street","Ice","0000","42.88393676234569,-73.18584976543568"
"1324372","","January 1, 2018, 7:26 PM","Bennington","51 Hannaford Square","Unknown","Property Damage Only","Same Direction Sideswipe","Clear","Other Public Roadway (Rest Areas, Shopping Center - anything open to public)","18BN00020","Bennington PD.","9","999.99","None/Other","Night","","None","None","","VT0020100","Parking Lot","None","51 Hannaford Square","Dry","0000","42.90701165837001,-73.22054042901894"
"806307","","January 2, 2018, 9:40 AM","Bennington","Kocher Drive","KOCHER DR.","Property Damage Only","Rear End","Cloudy","Federal Aid Urban System (Class 2 TH's and 3 TH's only)","18BN00033","Bennington PD.","2","0.01","None/Other","Day","US Route 7","None","None","","VT0020100","Four-way Intersection","None","Kocher Drive","Wet","U1050","42.89418496207133,-73.19978043834983"
"1319411","","January 3, 2018, 5:46 AM","Bennington","325 North Street","Unknown","Property Damage Only","Other - Explain in Narrative","Clear","Other Public Roadway (Rest Areas, Shopping Center - anything open to public)","18BN00055","Bennington PD.","9","999.99","None/Other","Night","Parking Lot (Park St. Side)","None","None","","VT0020100","Parking Lot","","325 North Street","","0000","42.88719475823222,-73.19343903577817"
"1320447","","January 3, 2018, 6:06 PM","Bennington","262 Benmont Avenue","Unknown","Property Damage Only","Other - Explain in Narrative","Clear","Other Public Roadway (Rest Areas, Shopping Center - anything open to public)","18BN00080","Bennington PD.","9","999.99","None/Other","Night","","None","None","","VT0020100","Parking Lot","None","262 Benmont Avenue","Dry","0000","42.89092518797682,-73.2017077952064"
"1325849","","January 4, 2018, 2:13 PM","Bennington","111 Northside Drive","Unknown","Property Damage Only","Other - Explain in Narrative","Cloudy","Other Public Roadway (Rest Areas, Shopping Center - anything open to public)","18BN00102","Bennington PD.","9","999.99","None/Other","Day","Cumberland Farms","None","None","","VT0020100","Parking Lot","None","111 Northside Drive","Snow","0000","42.8956409549452,-73.20337739763048"
"814838","","January 4, 2018, 5:34 PM","Bennington","924 Main Street","VT-9","Property Damage Only","Rear End","Freezing Precipitation","State Highway numbered route, Class 1 TH","18BN00106","Bennington PD.","11","5.31","None/Other","Day","Autumn Inn","None","None","","VT0020100","Driveway","Road Surface Condition(wet, icy, snow, slush, etc)","924 Main Street","Snow","0090","42.879612463626536,-73.17913474240444"
"814405","","January 4, 2018, 6:19 PM","Bennington","700 Main Street","VT-9","Property Damage Only","Head On","Wind","State Highway numbered route, Class 1 TH","18BN00107","Bennington PD.","11","4.84","None/Other","Night","Safford Street","None","None","","VT0020100","Other - Explain in Narrative","Road Surface Condition(wet, icy, snow, slush, etc)","700 Main Street","Snow","0090","42.878460463410285,-73.18843680180257"
"819528","","January 5, 2018, 12:17 PM","Bennington","VT Rt 279","VT-279","Property Damage Only","Single Vehicle Crash","Wind","Ramp or Spur","18BN00120","Bennington PD.","7","0","None/Other","Day","On Ramp N Bennington Road","None","None","","VT0020100","On Ramp","Road Surface Condition(wet, icy, snow, slush, etc)","VT Rt 279","Snow","2790","42.90487952045966,-73.22258847531268"
"815093","","January 5, 2018, 3:28 PM","Bennington","204 Union Street","UNION ST.","Property Damage Only","Same Direction Sideswipe","Cloudy","Federal Aid Urban System (Class 2 TH's and 3 TH's only)","18BN00124","Bennington PD.","2","0.2","None/Other","Day","","None","None","","VT0020100","Not at a Junction","None","204 Union Street","Dry","U1052","42.877136982603375,-73.19334251953045"
"815173","","January 6, 2018, 5:27 AM","Bennington","US Route 7","US-7","Property Damage Only","Single Vehicle Crash","Cloudy","State Highway numbered route, State owned","18BN00133","Bennington PD.","10","5.73","Deer","Night","Houghton Road","None","None","","VT0020100","Not at a Junction","None","US Route 7","Dry","0070","42.913989862303765,-73.2083043883191"
"806466","","January 6, 2018, 9:25 AM","Bennington","VT RT 279 E","VT-279","Property Damage Only","Same Direction Sideswipe","Clear","State Highway numbered route, State owned","18BN00134","Bennington PD.","10","0.75","None/Other","Day","Weigh Station","None","None","","VT0020100","Other - Explain in Narrative","Road Surface Condition(wet, icy, snow, slush, etc)","VT RT 279 E","Ice","2790","42.89955865275865,-73.26498908264153"
"1323531","","January 7, 2018, 12:37 PM","Bennington","214 Northside Drive","Unknown","Property Damage Only","Left Turn and Thru, Same Direction Sideswipe/Angle Crash vv--","Clear","Other Public Roadway (Rest Areas, Shopping Center - anything open to public)","18BN00160","Bennington PD.","9","999.99","None/Other","Day","Price Chopper","None","None","","VT0020100","Parking Lot","None","214 Northside Drive","Dry","0000","42.8986050838156,-73.21171254163691"
"805735","","January 8, 2018, 12:43 AM","Bennington","349 Burgess Road","BURGESS RD.","Property Damage Only","Single Vehicle Crash","Rain","Federal Aid Urban System (Class 2 TH's and 3 TH's only)","18BN00169","Bennington PD.","2","0.34","Deer","Night","","None","None","","VT0020100","Not at a Junction","None","349 Burgess Road","Wet","U1010","42.87912207990657,-73.16894513201164"
"814057","","January 8, 2018, 2:54 PM","Bennington","316 Gage Street","GAGE ST.","Property Damage Only","Other - Explain in Narrative","Freezing Precipitation","Federal Aid Urban System (Class 2 TH's and 3 TH's only)","18BN00190","Bennington PD.","2","0.25","None/Other","Day","","None","None","","VT0020100","Driveway","None","316 Gage Street","Snow","U1024","42.8815423247854,-73.19213366886792"
"814933","","January 9, 2018, 1:31 PM","Bennington","Union Street","UNION ST.","Property Damage Only","Same Direction Sideswipe","Clear","Federal Aid Urban System (Class 2 TH's and 3 TH's only)","18BN00222","Bennington PD.","2","0.03","None/Other","Day","130 Union Street","None","None","","VT0020100","Not at a Junction","None","Union Street","Wet","U1052","42.877337306967675,-73.19659713286819"
"1319662","","January 9, 2018, 2:45 PM","Bennington","110 Shields Drive","SHIELDS DR","Property Damage Only","Rear End","Clear","Street or Town Highways in FA Urban Area","18BN00228","Bennington PD.","5","999.99","None/Other","Day","East Of East Road","None","None","","VT0020100","T - Intersection","None","110 Shields Drive","Wet","0000","42.89687668967779,-73.19114775273346"
"1324793","","January 9, 2018, 5:14 PM","Bennington","122 River Street","RIVER ST","Property Damage Only","Same Direction Sideswipe","Clear","Street or Town Highways in FA Urban Area","18BN00237","Bennington PD.","5","999.99","None/Other","Day","Lincoln Street","None","None","","VT0020100","Not at a Junction","None","122 River Street","Dry","0000","42.88207336667659,-73.20071389188786"
"1319222","","January 10, 2018, 9:00 AM","Bennington","107 Pratt Street","PRATT ST","Property Damage Only","Other - Explain in Narrative","Cloudy","Street or Town Highways in FA Urban Area","18BN00252","Bennington PD.","5","999.99","None/Other","Day","Park Street","None","None","","VT0020100","Not at a Junction","None","107 Pratt Street","Wet","0000","42.88091271632916,-73.19322179154909"
"813121","","January 10, 2018, 9:42 AM","Bennington","327 School Street","SCHOOL ST.","Property Damage Only","Other - Explain in Narrative","Clear","Federal Aid Urban System (Class 2 TH's and 3 TH's only)","18BN00255","Bennington PD.","2","0.37","None/Other","Day","County Street","None","Heavy Truck","","VT0020100","Not at a Junction","None","327 School Street","Dry","U1046","42.88336106356379,-73.19475781197728"
"814972","","January 11, 2018, 4:13 PM","Bennington","204 Depot Street","DEPOT ST.","Property Damage Only","Other - Explain in Narrative","Cloudy","Federal Aid Urban System (Class 2 TH's and 3 TH's only)","18BN00304","Bennington PD.","2","0.21","None/Other","Day","River Street","None","None","","VT0020100","Driveway","None","204 Depot Street","Wet","U1018","42.8823239278688,-73.19869688467045"
"814569","","January 11, 2018, 4:42 PM","Bennington","527 N Bennington Road","VT-67A","Property Damage Only","Same Direction Sideswipe","Clear","State Highway numbered route, State owned","18BN00306","Bennington PD.","10","0.5","None/Other","Day","Vermont Route 279","None","None","","VT0020100","Not at a Junction","None","527 N Bennington Road","Dry","0671","42.9058308503098,-73.2186354988457"
"814423","","January 11, 2018, 5:59 PM","Bennington","864 Harwood HIll","VT-7A","Property Damage Only","Single Vehicle Crash","Clear","State Highway numbered route, State owned","18BN00308","Bennington PD.","10","1.66","Deer","Day","Houghton Lane","None","None","","VT0020100","Not at a Junction","None","864 Harwood HIll","Wet","0071","42.91339931937839,-73.21125782029162"
"1325942","","January 12, 2018, 9:01 AM","Bennington","206 Park Street","PARK ST","Property Damage Only","Other - Explain in Narrative","Rain","Street or Town Highways in FA Urban Area","18BN00319","Bennington PD.","5","999.99","None/Other","Day","Gage Street","None","None","","VT0020100","Not at a Junction","None","206 Park Street","Wet","0000","42.88157911186879,-73.19318028975229"
"1321880","","January 13, 2018, 1:47 AM","Bennington","Grandview Street","GRANDVIEW ST","Property Damage Only","Single Vehicle Crash","Rain","Street or Town Highways in FA Urban Area","18BN00340","Bennington PD.","5","999.99","None/Other","Night","Coulter Street","None","None","","VT0020100","Not at a Junction","Road Surface Condition(wet, icy, snow, slush, etc)","Grandview Street","Wet","0000","42.874031202554,-73.18791863489035"
"814632","","January 13, 2018, 12:10 PM","Bennington","Beech Street","BEECH ST.&S. STREAM RD.","Property Damage Only","Other - Explain in Narrative","Clear","Federal Aid Urban System (Class 2 TH's and 3 TH's only)","18BN00347","Bennington PD.","2","0.86","None/Other","Day","Main Street","None","None","","VT0020100","T - Intersection","None","Beech Street","Wet","U1000","42.87883413158045,-73.18605479176367"
"1318556","","January 14, 2018, 6:37 PM","Bennington","212 Hill Shadow Far Road","Unknown","Injury","Single Vehicle Crash","Clear","City, Village or Urban Compact Street not in FA Urban Area (Class 2 and 3 Non-Federal Aid)","18BN00368","Bennington PD.","6","999.99","None/Other","Night","Wallomsac Road","None","None","","VT0020100","Not at a Junction","Road Surface Condition(wet, icy, snow, slush, etc)","212 Hill Shadow Far Road","Snow","0000","42.88923724960577,-73.22979669455304"
"812222","","January 16, 2018, 12:31 PM","Bennington","1003 Monument Avenue","MONUMENT ROAD","Property Damage Only","Single Vehicle Crash","Cloudy","Federal Aid Urban System (Class 2 TH's and 3 TH's only)","118BN00409","Bennington PD.","2","1.7","None/Other","Day","Elm Street","None","None","","VT0020100","Not at a Junction","None","1003 Monument Avenue","Wet","U1034","42.87473474957393,-73.21352330227022"
"812001","","January 16, 2018, 4:00 PM","Bennington","South Stream Road","S STREAM RD","Property Damage Only","Single Vehicle Crash","Freezing Precipitation","Federal Aid Secondary System (Class 2 TH)","18BN00410","Bennington PD.","3","0.17","None/Other","Day","Niles Road","None","None","","VT0020100","Not at a Junction","Road Surface Condition(wet, icy, snow, slush, etc)","South Stream Road","Snow","S0103","42.839169533072734,-73.17158466713879"
"812386","","January 16, 2018, 4:28 PM","Bennington","US Route 7","US-7","Property Damage Only","Right Turn and Thru, Same Direction Sideswipe/Angle Crash ^^--","Freezing Precipitation","State Highway numbered route, State owned","18BN00411","Bennington PD.","10","1.09","None/Other","Day","Carpenter Hill Road","None","None","","VT0020100","T - Intersection","Road Surface Condition(wet, icy, snow, slush, etc)","US Route 7","Snow","0070","42.85281723584837,-73.20420145219656"
"815192","","January 16, 2018, 6:13 PM","Bennington","100 Houghton Lane","VT-7A","Property Damage Only","Single Vehicle Crash","Freezing Precipitation","State Highway numbered route, State owned","18BN00418","Bennington PD.","10","1.72","None/Other","Night","Harwood HIll","None","None","","VT0020100","Four-way Intersection","Road Surface Condition(wet, icy, snow, slush, etc)","100 Houghton Lane","Snow","0071","42.91427401662908,-73.21117361879723"
"813112","","January 16, 2018, 10:04 PM","Bennington","VT RT 279","VT-279","Property Damage Only","Single Vehicle Crash","Freezing Precipitation","State Highway numbered route, State owned","18BN00422","Bennington PD.","10","1.36","None/Other","Night","Austin Hill Over Pass","None","None","","VT0020100","Not at a Junction","Road Surface Condition(wet, icy, snow, slush, etc)","VT RT 279","Snow","2790","42.90367906920019,-73.25405641630502"
"806161","","January 17, 2018, 12:20 AM","Bennington","Matteson Road","MATTISON ROAD","Property Damage Only","Single Vehicle Crash","Freezing Precipitation","Federal Aid Urban System (Class 2 TH's and 3 TH's only)","18BN00424","Bennington PD.","2","0","None/Other","Night","Rice Lane, North Bennington, VT","None","None","","VT0020100","T - Intersection","Road Surface Condition(wet, icy, snow, slush, etc)","Matteson Road","Snow","U1032","42.91398638973807,-73.22524948337298"
"1320366","","January 18, 2018, 1:01 PM","Bennington","100 Hospital Drive","Unknown","Property Damage Only","Rear End","Clear","Other Public Roadway (Rest Areas, Shopping Center - anything open to public)","18BN00454","Bennington PD.","9","999.99","None/Other","Day","Parking Lot","None","None","","VT0020100","Not at a Junction","None","100 Hospital Drive","Dry","0000","42.87372942271721,-73.20788951472883"
"1321503","","January 18, 2018, 5:10 PM","Bennington","2 Bank Street","BANK ST","Property Damage Only","Other - Explain in Narrative","Clear","Other Public Roadway (Rest Areas, Shopping Center - anything open to public)","18BN00460","Bennington PD.","9","999.99","None/Other","Day","Main Street, North Bennington","None","None","","VT0020100","Parking Lot","None","2 Bank Street","Dry","0000","42.93031179639907,-73.24256852271594"
"812035","","January 19, 2018, 9:21 AM","Bennington","2196 Harwood Hill Road","VT-7A","Property Damage Only","Rear End","Clear","State Highway numbered route, State owned","18BN00470","Bennington PD.","10","2.99","None/Other","Day","Town Line Road","None","None","","VT0020100","Not at a Junction","None","2196 Harwood Hill Road","Wet","0071","42.93207269298458,-73.21004502469356"
"1323200","","January 19, 2018, 10:11 AM","Bennington","194 North Street","Unknown","Property Damage Only","Other - Explain in Narrative","Clear","Other Public Roadway (Rest Areas, Shopping Center - anything open to public)","18BN00471","Bennington PD.","9","999.99","None/Other","Day","Rite Aid","None","None","","VT0020100","Parking Lot","None","194 North Street","Dry","0000","42.88139514661294,-73.1982703316214"
"817489","","January 19, 2018, 11:42 AM","Bennington","115 Elm Street","ELM ST.","Property Damage Only","Other - Explain in Narrative","Cloudy","Federal Aid Urban System (Class 2 TH's and 3 TH's only)","18BN00475","Bennington PD.","2","0.6","None/Other","Day","Post Office","None","None","","VT0020100","Not at a Junction","None","115 Elm Street","Dry","U1022","42.87678655792531,-73.19834597159819"
"1321490","","January 20, 2018, 11:00 AM","Bennington","192 Fairview Street","Unknown","Property Damage Only","Right Turn and Thru, Broadside ^<--","Clear","Street or Town Highways in FA Urban Area","18BN00494","Bennington PD.","5","999.99","None/Other","Day","","None","None","","VT0020100","Parking Lot","None","192 Fairview Street","Sand, mud, dirt, oil, gravel","0000","42.89175149544887,-73.22227261141053"
"816061","","January 24, 2018, 9:07 AM","Bennington","811 US Route 7 South","US-7","Property Damage Only","Other - Explain in Narrative","Clear","State Highway numbered route, State owned","18BN00585","Bennington PD.","10","1.34","Deer","Day","","None","None","","VT0020100","Not at a Junction","None","811 US Route 7 South","Dry","0070","42.856265229740416,-73.2028197648237"
"1324551","","January 26, 2018, 11:03 AM","Bennington","Prospect Street","Unknown","Property Damage Only","Other - Explain in Narrative","Clear","Other Public Roadway (Rest Areas, Shopping Center - anything open to public)","18BN00652","Bennington PD.","9","999.99","None/Other","Day","Nash Street, North Bennington","None","None","","VT0020100","Parking Lot","None","Prospect Street","Dry","0000","42.92889667875678,-73.24146127080375"
"1323350","","January 26, 2018, 5:25 PM","Bennington","109 Bennington Square","Unknown","Property Damage Only","Rear End","Clear","Other Public Roadway (Rest Areas, Shopping Center - anything open to public)","18BN00660","Bennington PD.","9","999.99","None/Other","Day","Burger King","None","None","","VT0020100","Four-way Intersection","None","109 Bennington Square","Dry","0000","42.893458408245834,-73.19816155555709"
"1323488","","January 28, 2018, 4:44 AM","Bennington","Dermody Road","TOWN ROAD 0083","Property Damage Only","Single Vehicle Crash","Rain","City, Village or Urban Compact Street not in FA Urban Area (Class 2 and 3 Non-Federal Aid)","18BN00693","Bennington PD.","6","999.99","None/Other","Night","Crahan Way PvT","Alcohol","None","","VT0020100","Not at a Junction","Road Surface Condition(wet, icy, snow, slush, etc)","Dermody Road","Wet","T0083","42.87979552788036,-73.25595309416649"
"1321486","","January 29, 2018, 11:42 AM","Bennington","194 North Street","Unknown","Property Damage Only","Other - Explain in Narrative","Clear","Other Public Roadway (Rest Areas, Shopping Center - anything open to public)","18BN00721","Bennington PD.","9","999.99","None/Other","Day","Rite Aid","None","None","","VT0020100","Parking Lot","None","194 North Street","Dry","0000","42.88145303479002,-73.19763447120313"
"817507","","January 30, 2018, 4:24 PM","Bennington","250 County Street","COUNTY RD.","Property Damage Only","Rear End","Cloudy","Federal Aid Urban System (Class 2 TH's and 3 TH's only)","18BN00754","Bennington PD.","2","0.28","None/Other","Day","NorthStreet","None","None","","VT0020100","Four-way Intersection","None","250 County Street","Dry","U1012","42.88438089194369,-73.19667506286413"
"817540","","January 31, 2018, 10:26 AM","Bennington","West Road","VT-9","Property Damage Only","Left Turn and Thru, Angle Broadside -->v--","Clear","State Highway numbered route, Class 1 TH","18BN00773","Bennington PD.","11","3.36","None/Other","Day","Park Way","None","None","","VT0020100","Four-way Intersection","None","West Road","Dry","0090","42.883200637152505,-73.2133001342697"
"1320184","","February 1, 2018, 8:09 AM","Bennington","Carpenter Hill Road","TOWN ROAD 0026","Property Damage Only","Single Vehicle Crash","Freezing Precipitation","City, Village or Urban Compact Street not in FA Urban Area (Class 2 and 3 Non-Federal Aid)","18BN00802","Bennington PD.","6","999.99","None/Other","Day","Apple Orchard","None","None","","VT0020100","Not at a Junction","Road Surface Condition(wet, icy, snow, slush, etc)","Carpenter Hill Road","Snow","T0026","42.84010334894263,-73.21715692900032"
"1320934","","February 1, 2018, 12:54 PM","Bennington","22 Willowbrook Drive","Unknown","Property Damage Only","Single Vehicle Crash","Cloudy","Street or Town Highways in FA Urban Area","18BN00812","Bennington PD.","5","999.99","None/Other","Day","Shepard Street","None","None","","VT0020100","T - Intersection","Road Surface Condition(wet, icy, snow, slush, etc)","22 Willowbrook Drive","Ice","0000","42.8985025774024,-73.20500164534491"
"1324596","","February 1, 2018, 1:09 PM","Bennington","210 Northside Drive","Unknown","Property Damage Only","Right Turn and Thru, Angle Broadside -->^--","Clear","Other Public Roadway (Rest Areas, Shopping Center - anything open to public)","18BN00813","Bennington PD.","9","999.99","None/Other","Day","Walmart","None","None","","VT0020100","T - Intersection","None","210 Northside Drive","Dry","0000","42.89797002532692,-73.21105631075838"
"819829","","February 2, 2018, 12:46 AM","Bennington","2568 East Road","EAST RD","Property Damage Only","Single Vehicle Crash","Freezing Precipitation","Federal Aid Secondary System (Class 2 TH)","18BN00826","Bennington PD.","3","1.93","None/Other","Night","Chapel Road","None","None","","VT0020100","Not at a Junction","Road Surface Condition(wet, icy, snow, slush, etc)","2568 East Road","Snow","S0173","42.930301865146504,-73.18370335482341"
"819980","","February 2, 2018, 2:30 AM","Bennington","VT RT 279","VT-279","Property Damage Only","Single Vehicle Crash","Freezing Precipitation","State Highway numbered route, State owned","18BN00829","Bennington PD.","10","3.14","None/Other","Night","US Route 67 A","None","None","","VT0020100","Off Ramp","Road Surface Condition(wet, icy, snow, slush, etc)","VT RT 279","Snow","2790","42.905024954619016,-73.21920258111759"
"817629","","February 2, 2018, 7:47 AM","Bennington","527 North Bennington Road","VT-67A","Injury","Other - Explain in Narrative","Freezing Precipitation","State Highway numbered route, State owned","18BN00832","Bennington PD.","10","0.51","None/Other","Day","Bennington Subaru","None","None","","VT0020100","Four-way Intersection","Road Surface Condition(wet, icy, snow, slush, etc)","527 North Bennington Road","Snow","0671","42.90596230627283,-73.2187307210559"
"817522","","February 2, 2018, 9:25 AM","Bennington","500 South Street","US-7","Property Damage Only","No Turns, Thru moves only, Broadside ^<","","State Highway numbered route, Class 1 TH","18BN00834","Bennington PD.","11","2.48","None/Other","Day","Mag's Market","None","None","","VT0020100","Not at a Junction","Road Surface Condition(wet, icy, snow, slush, etc)","500 South Street","Snow","0070","42.871459976370964,-73.19608474722958"
"817520","","February 2, 2018, 10:13 AM","Bennington","800 County Street","COUNTY RD.","Property Damage Only","Single Vehicle Crash","Freezing Precipitation","Federal Aid Urban System (Class 2 TH's and 3 TH's only)","18BN00836","Bennington PD.","2","0.76","None/Other","Day","Safford Street","None","None","","VT0020100","T - Intersection","Road Surface Condition(wet, icy, snow, slush, etc)","800 County Street","Snow","U1012","42.884043069236405,-73.18773119576021"
"817701","","February 3, 2018, 12:27 AM","Bennington","VT RT 279","VT-279","Property Damage Only","Single Vehicle Crash","Clear","State Highway numbered route, State owned","18BN00854","Bennington PD.","10","4.99","None/Other","Night","Chapel Road Overpass","Alcohol","None","","VT0020100","Not at a Junction","None","VT RT 279","Wet","2790","42.90101731890068,-73.18007635827261"
"820107","","February 4, 2018, 11:18 AM","Bennington","US Route 7 N","VT-279","Property Damage Only","Rear End","Freezing Precipitation","State Highway numbered route, State owned","18BN00894","Bennington PD.","10","4.49","None/Other","Day","VT RT 279 East On Ramp","None","None","","VT0020100","Not at a Junction","None","US Route 7 N","Wet","2790","42.901821996878354,-73.1923188018471"
"817555","","February 4, 2018, 5:21 PM","Bennington","South Stream Road","S STREAM RD","Property Damage Only","Single Vehicle Crash","Freezing Precipitation","Federal Aid Secondary System (Class 2 TH)","18BN00898","Bennington PD.","3","1.13","None/Other","Day","Fish Hatchery","None","None","","VT0020100","Not at a Junction","Road Surface Condition(wet, icy, snow, slush, etc)","South Stream Road","Slush","S0103","42.8528580752392,-73.17361458421203"
"1324161","","February 5, 2018, 7:56 PM","Bennington","322 Pleasant Street","Unknown","Property Damage Only","Other - Explain in Narrative","Cloudy","Other Public Roadway (Rest Areas, Shopping Center - anything open to public)","18BN00925","Bennington PD.","9","999.99","None/Other","Night","322 Pleasant Street","None","None","","VT0020100","Parking Lot","Road Surface Condition(wet, icy, snow, slush, etc)","322 Pleasant Street","Ice","0000","42.87925599387132,-73.19030231536411"