"ObjectID","Mapped","Crash Date","City/Town","Address","AOT Route","Crash Type","Collision Direction","Weather","Road Group","Report Number","Reporting Agency","Road Group ID","AOT Actual Milepoint","Animal","Time of Day","Intersection With","Impairment","Involving","Non Reportable Address","Reporting Agency ID","Road Characteristics","Road Condition","Street Address","Surface Condition","AOT Route ID","Coordinates"
"1320525","","February 6, 2018, 11:27 AM","Bennington","100 Mount Anthony Road","TOWN ROAD 0046","Property Damage Only","Single Vehicle Crash","Freezing Precipitation","City, Village or Urban Compact Street not in FA Urban Area (Class 2 and 3 Non-Federal Aid)","18BN00938","Bennington PD.","6","999.99","None/Other","Day","Quarry Road","None","None","","VT0020100","Not at a Junction","Road Surface Condition(wet, icy, snow, slush, etc)","100 Mount Anthony Road","Snow","T0046","42.870190585212754,-73.24356074411148"
"817740","","February 6, 2018, 4:21 PM","Bennington","301 Pleasant Street","PLEASANT ST.","Property Damage Only","Other - Explain in Narrative","Clear","Federal Aid Urban System (Class 2 TH's and 3 TH's only)","18BN00947","Bennington PD.","2","0.26","None/Other","Day","Valentine Street","None","None","","VT0020100","Not at a Junction","None","301 Pleasant Street","Dry","U1040","42.879122690525236,-73.1921103831049"
"819773","","February 7, 2018, 11:40 AM","Bennington","811 US Route 7 South","US-7","Property Damage Only","Single Vehicle Crash","Freezing Precipitation","State Highway numbered route, State owned","18BN00959","Bennington PD.","10","1.34","None/Other","Day","Bennington County Sheriff","None","None","","VT0020100","Not at a Junction","Road Surface Condition(wet, icy, snow, slush, etc)","811 US Route 7 South","Snow","0070","42.856265229740416,-73.2028197648237"
"817810","","February 7, 2018, 5:30 PM","Bennington","471 North Branch Street","BROOKLYN DR.","Property Damage Only","Single Vehicle Crash","Freezing Precipitation","Federal Aid Urban System (Class 2 TH's and 3 TH's only)","18BN00970","Bennington PD.","2","0.48","None/Other","Day","","None","None","","VT0020100","Not at a Junction","Road Surface Condition(wet, icy, snow, slush, etc)","471 North Branch Street","Snow","U1009","42.8899974331614,-73.18099064227783"
"819924","","February 8, 2018, 5:04 AM","Bennington","2809 West Road","VT-9","Property Damage Only","Single Vehicle Crash","Clear","State Highway numbered route, State owned","18BN00978","Bennington PD.","10","0.69","Deer","Night","Houran Road","None","None","","VT0020100","Not at a Junction","None","2809 West Road","Snow","0090","42.87657202975623,-73.26480515397506"
"1324417","","February 8, 2018, 8:27 PM","Bennington","100 North Bennington Road","Unknown","Injury","Single Vehicle Crash","Cloudy","Other Public Roadway (Rest Areas, Shopping Center - anything open to public)","18BN01002","Bennington PD.","9","999.99","None/Other","Night","Hannaford Plaza","None","None","","VT0020100","Not at a Junction","Road Surface Condition(wet, icy, snow, slush, etc)","100 North Bennington Road","Wet","0000","42.9083778909791,-73.22229526944696"
"820209","","February 11, 2018, 2:14 AM","Bennington","Depot Street","DEPOT ST.","Property Damage Only","Single Vehicle Crash","Rain","Federal Aid Urban System (Class 2 TH's and 3 TH's only)","18BN01058","Bennington PD.","2","0.19","None/Other","Night","River Street","Alcohol","None","","VT0020100","Four-way Intersection","None","Depot Street","Wet","U1018","42.88204174046347,-73.19871559787174"
"819165","","February 13, 2018, 9:38 AM","Bennington","100 Main Street","VT-9","Property Damage Only","Rear End","Clear","State Highway numbered route, Class 1 TH","18BN01117","Bennington PD.","11","4.09","None/Other","Day","Dewey Street","None","None","","VT0020100","Four-way Intersection","None","100 Main Street","Dry","0090","42.880611208754345,-73.20221058302"
"1325936","","February 16, 2018, 3:08 PM","Bennington","East Road","Unknown","Property Damage Only","Other - Explain in Narrative","Cloudy","Other Public Roadway (Rest Areas, Shopping Center - anything open to public)","18BN01206","Bennington PD.","9","999.99","None/Other","Day","Mount Anthony Middle School Parking Lot","None","None","","VT0020100","Parking Lot","None","East Road","Dry","0000","42.90481864140612,-73.18778330554103"
"820256","","February 16, 2018, 5:20 PM","Bennington","US Route 7","US-7","Property Damage Only","Single Vehicle Crash","Cloudy","State Highway numbered route, State owned","18BN01213","Bennington PD.","10","0.59","Deer","Day","Mile Marker 16.2 South","None","None","","VT0020100","Not at a Junction","None","US Route 7","Dry","0070","42.93947201571353,-73.18178250449503"
"818819","","February 16, 2018, 5:24 PM","Bennington","US Route 7","US-7","Property Damage Only","Single Vehicle Crash","Cloudy","State Highway numbered route, State owned","18BN01215","Bennington PD.","10","0.52","Deer","Day","Mile Marker 16.1","None","None","","VT0020100","Not at a Junction","None","US Route 7","Dry","0070","42.93850746384847,-73.1821656147606"
"1318876","","February 17, 2018, 10:31 AM","Bennington","Gage Street","Unknown","Property Damage Only","Same Direction Sideswipe","Clear","Other Public Roadway (Rest Areas, Shopping Center - anything open to public)","18BN01236","Bennington PD.","9","999.99","None/Other","Day","Rec Center Parking Lot","None","None","","VT0020100","Parking Lot","None","Gage Street","Dry","0000","42.88029823614817,-73.18613995362233"
"820017","","February 17, 2018, 7:15 PM","Bennington","East Road","EAST RD.","Property Damage Only","Head On","Cloudy","Federal Aid Urban System (Class 2 TH's and 3 TH's only)","18BN01250","Bennington PD.","2","0.59","None/Other","Night","Kocher Drive","None","None","","VT0020100","Four-way Intersection","None","East Road","Wet","U1021","42.90188270478257,-73.19106314423642"
"819962","","February 17, 2018, 9:33 PM","Bennington","US Route 7","US-7","Property Damage Only","Single Vehicle Crash","Freezing Precipitation","Ramp or Spur","18BN01252","Bennington PD.","7","0.11","None/Other","Night","Exit 2","None","None","","VT0020100","Off Ramp","Road Surface Condition(wet, icy, snow, slush, etc)","US Route 7","Snow","0070","42.92229549686883,-73.20347300178999"
"818962","","February 17, 2018, 9:36 PM","Bennington","10 Kocher Drive","VT-7A","Property Damage Only","Single Vehicle Crash","Freezing Precipitation","State Highway numbered route, State owned","18BN01253","Bennington PD.","10","0.01","None/Other","Night","Kocher Drive/7N","None","None","","VT0020100","Not at a Junction","Road Surface Condition(wet, icy, snow, slush, etc)","10 Kocher Drive","Snow","0071","42.89422205693443,-73.20018762734887"
"818744","","February 17, 2018, 10:46 PM","Bennington","Matteson Road","MATTISON ROAD","Property Damage Only","Single Vehicle Crash","Freezing Precipitation","Federal Aid Urban System (Class 2 TH's and 3 TH's only)","18BN01256","Bennington PD.","2","0","None/Other","Night","Rice Lane","None","None","","VT0020100","Y - Intersection","Road Surface Condition(wet, icy, snow, slush, etc)","Matteson Road","Snow","U1032","42.91398638973807,-73.22524948337298"
"1325506","","February 18, 2018, 4:36 PM","Bennington","125 Phylis Lane","Unknown","Property Damage Only","Other - Explain in Narrative","Clear","Other Public Roadway (Rest Areas, Shopping Center - anything open to public)","18BN01269","Bennington PD.","9","999.99","None/Other","Day","Cinema 7","None","None","","VT0020100","Parking Lot","None","125 Phylis Lane","Wet","0000","42.90363776289193,-73.21594598576974"
"1321034","","February 19, 2018, 7:47 PM","Bennington","527 North Bennington Road","Unknown","Property Damage Only","Same Direction Sideswipe","Clear","Other Public Roadway (Rest Areas, Shopping Center - anything open to public)","18BN01284","Bennington PD.","9","999.99","None/Other","Night","Bennington Subaru","None","None","","VT0020100","Parking Lot","Road Surface Condition(wet, icy, snow, slush, etc)","527 North Bennington Road","Ice","0000","42.90591797187848,-73.21838473242391"
"819418","","February 20, 2018, 8:13 AM","Bennington","302 Pleasant Street","PLEASANT ST.","Property Damage Only","Single Vehicle Crash","Clear","Federal Aid Urban System (Class 2 TH's and 3 TH's only)","18BN01303","Bennington PD.","2","0.27","None/Other","Day","Valentine Street","None","None","","VT0020100","T - Intersection","None","302 Pleasant Street","Wet","U1040","42.879119238487775,-73.19191939581445"
"1319782","","February 20, 2018, 11:26 AM","Bennington","12 Applegate Drive","Unknown","Property Damage Only","Other - Explain in Narrative","Clear","Other Public Roadway (Rest Areas, Shopping Center - anything open to public)","18BN01308","Bennington PD.","9","999.99","None/Other","Day","","None","None","","VT0020100","Parking Lot","None","12 Applegate Drive","Dry","0000","42.903854848871,-73.2099973947968"
"1321181","","February 21, 2018, 9:00 AM","Bennington","1655 Middle Pownal Rod","TOWN ROAD 0049","Property Damage Only","Single Vehicle Crash","Clear","City, Village or Urban Compact Street not in FA Urban Area (Class 2 and 3 Non-Federal Aid)","18BN01336","Bennington PD.","6","999.99","None/Other","Day","","None","Heavy Truck","","VT0020100","Driveway","None","1655 Middle Pownal Rod","Dry","T0049","42.84707367915926,-73.18735027118521"
"819184","","February 21, 2018, 1:13 PM","Bennington","South Street","US-7","Property Damage Only","No Turns, Thru moves only, Broadside ^<","Clear","State Highway numbered route, State owned","18BN01344","Bennington PD.","10","2.84","None/Other","Day","Elm Street","None","None","","VT0020100","T - Intersection","None","South Street","Dry","0070","42.87652159611902,-73.1972346457427"
"819063","","February 22, 2018, 6:34 AM","Bennington","1103 Woodford Road","VT-9","Property Damage Only","Single Vehicle Crash","Cloudy","State Highway numbered route, State owned","18BN01372","Bennington PD.","10","5.93","None/Other","Night","Hickory Hill Road","Alcohol","None","","VT0020100","Not at a Junction","None","1103 Woodford Road","Dry","0090","42.882262508242384,-73.16793192645191"
"819330","","February 22, 2018, 3:27 PM","Bennington","1944 Monument Avenue","MONUMENT ROAD","Property Damage Only","Single Vehicle Crash","Freezing Precipitation","Federal Aid Urban System (Class 2 TH's and 3 TH's only)","18BN01376","Bennington PD.","2","0.75","None/Other","Day","Dewey Street","None","None","","VT0020100","Not at a Junction","Road Surface Condition(wet, icy, snow, slush, etc)","1944 Monument Avenue","Slush","U1034","42.86273498351901,-73.2065695677133"
"829585","","February 26, 2018, 11:14 AM","Bennington","108 Gage Street","GAGE ST.","Property Damage Only","Same Direction Sideswipe","Clear","Federal Aid Urban System (Class 2 TH's and 3 TH's only)","18BN01475","Bennington PD.","2","0.03","None/Other","Day","The Pharmacy","None","None","","VT0020100","Not at a Junction","None","108 Gage Street","Dry","U1024","42.88167034403687,-73.19640019378936"
"825470","","February 26, 2018, 1:17 PM","Bennington","Bank Street","BANK ST.","Property Damage Only","Rear End","Clear","Federal Aid Urban System (Class 2 TH's and 3 TH's only)","18BN01480","Bennington PD.","2","0","None/Other","Day","North Bennington","None","None","","VT0020100","Not at a Junction","None","Bank Street","Dry","U1200","42.931733344880826,-73.24512924926891"
"1322282","","February 28, 2018, 10:08 AM","Bennington","1726 Harwood HIll Road","HARWOOD HILL RD","Property Damage Only","Opp Direction Sideswipe","Clear","Other Public Roadway (Rest Areas, Shopping Center - anything open to public)","18BN01544","Bennington PD.","9","999.99","None/Other","Day","Parking Lot Of West Mtn Animal Hospital","None","Heavy Truck","","VT0020100","Parking Lot","None","1726 Harwood HIll Road","Dry","0000","42.9260613531081,-73.20873344471457"
"1322035","","February 28, 2018, 1:57 PM","Bennington","757 North Bennington Road","Unknown","Property Damage Only","Right Turn and Thru, Head On v^--","Clear","Other Public Roadway (Rest Areas, Shopping Center - anything open to public)","18BN01551","Bennington PD.","9","999.99","None/Other","Day","Carbone Honda Collision Center","None","None","","VT0020100","Parking Lot","None","757 North Bennington Road","Dry","0000","42.90980535689289,-73.22004638263958"
"837079","","March 2, 2018, 8:25 AM","Bennington","310 Weeks Street","WEEKS ST.","Property Damage Only","Other - Explain in Narrative","Freezing Precipitation","Federal Aid Urban System (Class 2 TH's and 3 TH's only)","18BN01610","Bennington PD.","2","0.23","None/Other","Day","Jefferson Avenue","None","None","","VT0020100","Four-way Intersection","Road Surface Condition(wet, icy, snow, slush, etc)","310 Weeks Street","Snow","U1060","42.87452202277428,-73.19948508125647"
"841278","","March 2, 2018, 8:46 AM","Bennington","510 South Stret","US-7","Property Damage Only","Single Vehicle Crash","Freezing Precipitation","State Highway numbered route, State owned","18BN01611","Bennington PD.","10","2.5","None/Other","Day","Crescent Blvd.","None","None","","VT0020100","Not at a Junction","Road Surface Condition(wet, icy, snow, slush, etc)","510 South Stret","Snow","0070","42.8717352411441,-73.19620546628533"
"837549","","March 2, 2018, 12:50 PM","Bennington","1477 North Bennington Road","VT-67A","Property Damage Only","Same Direction Sideswipe","Freezing Precipitation","State Highway numbered route, State owned","18BN01617","Bennington PD.","10","1.46","None/Other","Day","Murphy Road","None","None","","VT0020100","Not at a Junction","Road Surface Condition(wet, icy, snow, slush, etc)","1477 North Bennington Road","Snow","0671","42.91307391452442,-73.23288732987781"
"841473","","March 2, 2018, 1:02 PM","Bennington","1575 North Bennington Road","VT-67A","Property Damage Only","Other - Explain in Narrative","Freezing Precipitation","State Highway numbered route, State owned","18BN01619","Bennington PD.","10","1.56","None/Other","Day","House # 1575","None","None","","VT0020100","Not at a Junction","Road Surface Condition(wet, icy, snow, slush, etc)","1575 North Bennington Road","Snow","0671","42.91348453367258,-73.23476984566419"
"838373","","March 2, 2018, 1:47 PM","Bennington","West Road","VT-9","Property Damage Only","Single Vehicle Crash","Freezing Precipitation","State Highway numbered route, State owned","18BN01621","Bennington PD.","10","0.25","None/Other","Day","VT/NY Border","None","None","","VT0020100","Not at a Junction","Road Surface Condition(wet, icy, snow, slush, etc)","West Road","Slush","0090","42.873447021730136,-73.27239036394519"
"1323680","","March 3, 2018, 3:02 AM","Bennington","761 Harrington Road","TOWN ROAD 0008","Property Damage Only","Single Vehicle Crash","Clear","City, Village or Urban Compact Street not in FA Urban Area (Class 2 and 3 Non-Federal Aid)","18BN01638","Bennington PD.","6","999.99","None/Other","Night","McCullough Road","None","None","","VT0020100","Not at a Junction","Road Surface Condition(wet, icy, snow, slush, etc)","761 Harrington Road","Snow","T0008","42.93109424929563,-73.26455523999775"
"846027","","March 3, 2018, 10:56 AM","Bennington","Main Street","VT-9","Property Damage Only","Left Turn and Thru, Angle Broadside -->v--","Cloudy","State Highway numbered route, Class 1 TH","18BN01643","Bennington PD.","11","4.96","None/Other","Day","Beech Street","None","None","","VT0020100","T - Intersection","None","Main Street","Dry","0090","42.878891370102885,-73.18627794774878"
"844972","","March 3, 2018, 4:36 PM","Bennington","105 South Street","US-7","Property Damage Only","Same Direction Sideswipe","Clear","State Highway numbered route, Class 1 TH","18BN01651","Bennington PD.","11","2.96","None/Other","Day","Main Street","None","None","","VT0020100","Not at a Junction","None","105 South Street","Dry","0070","42.87825073309785,-73.19714444787019"
"1318154","","March 5, 2018, 7:13 AM","Bennington","253 Gore Road","TOWN ROAD 0054","Property Damage Only","Single Vehicle Crash","Cloudy","City, Village or Urban Compact Street not in FA Urban Area (Class 2 and 3 Non-Federal Aid)","18BN01691","Bennington PD.","6","999.99","None/Other","Day","Brookside Drive","None","None","","VT0020100","Not at a Junction","Road Surface Condition(wet, icy, snow, slush, etc)","253 Gore Road","Wet","T0054","42.86929747254961,-73.17101400517694"
"849004","","March 5, 2018, 4:48 PM","Bennington","502 Gage Street","GAGE ST.","Injury","Single Vehicle Crash","Clear","Federal Aid Urban System (Class 2 TH's and 3 TH's only)","18BN01706","Bennington PD.","2","0.4","None/Other","Day","Division Street","Drugs","None","","VT0020100","Not at a Junction","None","502 Gage Street","Dry","U1024","42.88146400771486,-73.18925391659859"
"847767","","March 5, 2018, 6:21 PM","Bennington","141 Dewey Street","DEWEY ST.","Property Damage Only","Other - Explain in Narrative","Clear","Federal Aid Urban System (Class 2 TH's and 3 TH's only)","18BN01707","Bennington PD.","2","0.95","None/Other","Night","Elm Street","None","None","","VT0020100","Not at a Junction","None","141 Dewey Street","Dry","U1020","42.87858426223916,-73.20280469758397"
"849704","","March 6, 2018, 10:57 AM","Bennington","209 County Street","DEWEY ST.","Property Damage Only","Other - Explain in Narrative","Clear","Federal Aid Urban System (Class 2 TH's and 3 TH's only)","18BN01727","Bennington PD.","2","0.23","None/Other","Day","North Street","None","None","","VT0020100","Not at a Junction","None","209 County Street","Dry","U1020","42.869082568235896,-73.20598665015561"
"849341","","March 6, 2018, 6:34 PM","Bennington","118 South Street","US-7","Injury","Single Vehicle Crash","Clear","State Highway numbered route, Class 1 TH","18BN01740","Bennington PD.","11","0.91","None/Other","Night","Union Street","None","Pedestrian","","VT0020100","T - Intersection","None","118 South Street","Dry","0070","42.850337538815964,-73.20295893240507"
"848749","","March 7, 2018, 6:56 AM","Bennington","Burgess Road","BURGESS RD.","Property Damage Only","Single Vehicle Crash","Freezing Precipitation","Federal Aid Urban System (Class 2 TH's and 3 TH's only)","18BN01751","Bennington PD.","2","1.11","None/Other","Night","Clyde Street","None","None","","VT0020100","Not at a Junction","Road Surface Condition(wet, icy, snow, slush, etc)","Burgess Road","Snow","U1010","42.87372923125158,-73.15602360365129"
"1324859","","March 7, 2018, 7:57 AM","Bennington","Hewitt Drive","HEWITT DR","Injury","Single Vehicle Crash","Cloudy","Street or Town Highways in FA Urban Area","18BN01754","Bennington PD.","5","999.99","None/Other","Day","Willow Road","None","None","","VT0020100","Not at a Junction","Road Surface Condition(wet, icy, snow, slush, etc)","Hewitt Drive","Snow","0000","42.9052456071305,-73.19607815250154"
"854322","","March 8, 2018, 7:02 AM","Bennington","US Route 7","US-7","Property Damage Only","Other - Explain in Narrative","Freezing Precipitation","State Highway numbered route, State owned","18BN01769","Bennington PD.","10","4.15","None/Other","Day","Kocher Drive","None","None","","VT0020100","Not at a Junction","None","US Route 7","Dry","0070","42.894240344343764,-73.19997243291877"
"854353","","March 8, 2018, 7:02 AM","Bennington","US Route","US-7","Property Damage Only","Rear End","Freezing Precipitation","State Highway numbered route, State owned","18BN01921","Bennington PD.","10","4.15","None/Other","Day","Kocher Drive","None","None","","VT0020100","Not at a Junction","None","US Route","Slush","0070","42.89424886573984,-73.20013681158996"
"852251","","March 8, 2018, 7:15 PM","Bennington","South Street","US-7","Property Damage Only","Rear End","Freezing Precipitation","State Highway numbered route, Class 1 TH","18BN01794","Bennington PD.","11","2.47","None/Other","Night","Crescent Blvd.","None","None","","VT0020100","Four-way Intersection","Road Surface Condition(wet, icy, snow, slush, etc)","South Street","Snow","0070","42.87132119922327,-73.19602955563185"
"1324831","","March 8, 2018, 7:23 PM","Bennington","748 Main Street","Unknown","Property Damage Only","Single Vehicle Crash","Freezing Precipitation","Other Public Roadway (Rest Areas, Shopping Center - anything open to public)","18BN01795","Bennington PD.","9","999.99","None/Other","Night","Parking Lot","None","None","","VT0020100","Parking Lot","Road Surface Condition(wet, icy, snow, slush, etc)","748 Main Street","Snow","0000","42.879392475853884,-73.1840613174632"
"852886","","March 8, 2018, 11:11 PM","Bennington","MATTESON ROAD","MATTISON ROAD","Injury","Single Vehicle Crash","Freezing Precipitation","Federal Aid Urban System (Class 2 TH's and 3 TH's only)","18BN01802","Bennington PD.","2","0","None/Other","Night","Rice Lane, North Bennington, VT","None","None","","VT0020100","T - Intersection","Road Surface Condition(wet, icy, snow, slush, etc)","MATTESON ROAD","Other - Explain in Narrative","U1032","42.91398638973807,-73.22524948337298"
"860670","","March 9, 2018, 1:04 AM","Bennington","Monument Avenue","MONUMENT ROAD","Property Damage Only","Single Vehicle Crash","Freezing Precipitation","Federal Aid Urban System (Class 2 TH's and 3 TH's only)","18BN01804","Bennington PD.","2","1.07","None/Other","Night","Dewey Street","None","None","","VT0020100","Not at a Junction","Road Surface Condition(wet, icy, snow, slush, etc)","Monument Avenue","Ice","U1034","42.86667364112054,-73.20937681458577"
"860834","","March 9, 2018, 2:39 AM","Bennington","East Road","EAST RD.","Property Damage Only","Single Vehicle Crash","Freezing Precipitation","Federal Aid Urban System (Class 2 TH's and 3 TH's only)","18BN01805","Bennington PD.","2","0.22","None/Other","Night","Shields Drive","None","None","","VT0020100","T - Intersection","Road Surface Condition(wet, icy, snow, slush, etc)","East Road","Ice","U1021","42.89691880679654,-73.19303730160001"
"859574","","March 9, 2018, 3:51 AM","Bennington","Main Street","VT-9","Property Damage Only","Single Vehicle Crash","Freezing Precipitation","State Highway numbered route, Class 1 TH","18BN01806","Bennington PD.","11","4.94","None/Other","Night","Morgan Street","None","None","","VT0020100","T - Intersection","Road Surface Condition(wet, icy, snow, slush, etc)","Main Street","Ice","0090","42.878823832459865,-73.18663928500315"
"1324197","","March 9, 2018, 6:20 PM","Bennington","160 Benmont Avenue","Unknown","Property Damage Only","Other - Explain in Narrative","Cloudy","Other Public Roadway (Rest Areas, Shopping Center - anything open to public)","18BN01835","Bennington PD.","9","999.99","None/Other","Night","Parking Lot","None","None","","VT0020100","Parking Lot","None","160 Benmont Avenue","Dry","0000","42.88429699479016,-73.2021590377268"
"859617","","March 9, 2018, 8:33 PM","Bennington","225 Northside Drive","VT-7A","Property Damage Only","Right Turn and Thru, Broadside ^<--","Cloudy","State Highway numbered route, State owned","18BN01837","Bennington PD.","10","0.77","None/Other","Night","Harwood HIll","None","None","","VT0020100","Not at a Junction","None","225 Northside Drive","Dry","0071","42.900768748941516,-73.21186331856799"
"862191","","March 10, 2018, 2:36 PM","Bennington","Vermont Route 9","VT-9","Property Damage Only","Single Vehicle Crash","Cloudy","State Highway numbered route, Class 1 TH","18BN01852","Bennington PD.","11","0.79","None/Other","Day","Ronnies Cycle","None","None","","VT0020100","Not at a Junction","None","Vermont Route 9","Dry","0090","42.87700750665614,-73.26291744494196"
"861461","","March 10, 2018, 6:35 PM","Bennington","921 Vermont Route 7 South","US-7","Property Damage Only","Single Vehicle Crash","Cloudy","State Highway numbered route, State owned","18BN01854","Bennington PD.","10","1.22","Deer","Night","","None","None","","VT0020100","Not at a Junction","None","921 Vermont Route 7 South","Dry","0070","42.85462713085049,-73.20359085687402"
"1323800","","March 12, 2018, 9:46 PM","Bennington","636 Main Street","Unknown","Property Damage Only","Other - Explain in Narrative","Cloudy","Other Public Roadway (Rest Areas, Shopping Center - anything open to public)","18BN01890","Bennington PD.","9","999.99","None/Other","Night","Stewarts Shop","None","None","","VT0020100","Parking Lot","None","636 Main Street","Dry","0000","42.878352315302834,-73.19087976285445"
"868297","","March 14, 2018, 8:32 AM","Bennington","North Bennington Road","VT-67A","Property Damage Only","Single Vehicle Crash","Freezing Precipitation","State Highway numbered route, State owned","18BN01929","Bennington PD.","10","2.03","None/Other","Day","Royal Street","None","None","","VT0020100","Not at a Junction","Road Surface Condition(wet, icy, snow, slush, etc)","North Bennington Road","Slush","0671","42.91372669222853,-73.24382716065061"
"1323157","","March 14, 2018, 12:31 PM","Bennington","500 Main Street","Unknown","Property Damage Only","Other - Explain in Narrative","Freezing Precipitation","Other Public Roadway (Rest Areas, Shopping Center - anything open to public)","18BN01938","Bennington PD.","9","999.99","None/Other","Day","TD Bank","None","None","","VT0020100","Parking Lot","Road Surface Condition(wet, icy, snow, slush, etc)","500 Main Street","Snow","0000","42.87866255432337,-73.19465317148679"
"1325258","","March 15, 2018, 5:48 AM","Bennington","Houghton Lane","TOWN ROAD 0014","Property Damage Only","Single Vehicle Crash","Clear","City, Village or Urban Compact Street not in FA Urban Area (Class 2 and 3 Non-Federal Aid)","18BN01964","Bennington PD.","6","999.99","None/Other","Night","Squaw Hill Road","None","None","","VT0020100","Not at a Junction","Road Surface Condition(wet, icy, snow, slush, etc)","Houghton Lane","Snow","T0014","42.91732423337195,-73.20228897407992"
"872034","","March 15, 2018, 4:01 PM","Bennington","School Street","SCHOOL ST.","Property Damage Only","No Turns, Thru moves only, Broadside ^<","Cloudy","Federal Aid Urban System (Class 2 TH's and 3 TH's only)","18BN02001","Bennington PD.","2","0.25","None/Other","Day","Gage Street","None","None","","VT0020100","Four-way Intersection","None","School Street","Dry","U1046","42.88167172252574,-73.19484248483127"
"1325287","","March 17, 2018, 10:43 AM","Bennington","Washington Avenue","WASHINGTON AVE","Property Damage Only","Same Direction Sideswipe","Clear","Other Public Roadway (Rest Areas, Shopping Center - anything open to public)","18BN02043","Bennington PD.","9","999.99","None/Other","Day","301 Main Street","None","None","","VT0020100","Parking Lot","None","Washington Avenue","Dry","0000","42.879418626604206,-73.19910485935107"
"874148","","March 19, 2018, 4:45 PM","Bennington","South Street","US-7","Property Damage Only","Same Direction Sideswipe","Clear","State Highway numbered route, Class 1 TH","18BN02093","Bennington PD.","11","2.91","None/Other","Day","Main Street","None","None","","VT0020100","Four-way Intersection","None","South Street","Dry","0070","42.8775300179889,-73.19716414550183"
"1323844","","March 19, 2018, 10:03 PM","Bennington","1 Hall Street","HALL ST","Property Damage Only","Other - Explain in Narrative","Clear","Street or Town Highways in FA Urban Area","18BN02102","Bennington PD.","5","999.99","None/Other","Night","Church Street, North Bennington, VT","None","None","","VT0020100","Not at a Junction","None","1 Hall Street","Dry","0000","42.93017830479447,-73.24510272613084"
"1324664","","March 20, 2018, 6:45 AM","Bennington","110 Shields Drive","Unknown","Property Damage Only","Single Vehicle Crash","Clear","Other Public Roadway (Rest Areas, Shopping Center - anything open to public)","18BN02111","Bennington PD.","9","999.99","None/Other","Night","Loading Dock","None","Heavy Truck","","VT0020100","Parking Lot","None","110 Shields Drive","Dry","0000","42.89759930744935,-73.19073953301152"
"879394","","March 21, 2018, 6:58 AM","Bennington","2455 Monument Avenue","MONUMENT ROAD","Injury","Single Vehicle Crash","Clear","Federal Aid Urban System (Class 2 TH's and 3 TH's only)","18BN02142","Bennington PD.","2","0.21","None/Other","Night","","None","None","","VT0020100","Not at a Junction","None","2455 Monument Avenue","Dry","U1034","42.85515911748727,-73.20629563744518"
"878281","","March 22, 2018, 11:30 AM","Bennington","1019 East Road","EAST RD","Property Damage Only","Single Vehicle Crash","Clear","Federal Aid Secondary System (Class 2 TH)","18BN02178","Bennington PD.","3","0.37","None/Other","Day","Duffy Drive","None","None","","VT0020100","Not at a Junction","None","1019 East Road","Dry","S0173","42.90829732534423,-73.18946014220376"
"1324001","","March 22, 2018, 10:09 PM","Bennington","783 Harwood HIll Road","Unknown","Property Damage Only","Other - Explain in Narrative","Clear","Other Public Roadway (Rest Areas, Shopping Center - anything open to public)","18BN02194","Bennington PD.","9","999.99","None/Other","Night","Parking Lot Of The Publik House Restaurant","None","None","","VT0020100","Parking Lot","None","783 Harwood HIll Road","Dry","0000","42.91226152569402,-73.21162473101941"
"1324536","","March 24, 2018, 11:43 AM","Bennington","121 N Bennington Road","Unknown","Property Damage Only","Rear-to-rear","Clear","Other Public Roadway (Rest Areas, Shopping Center - anything open to public)","18BN02231","Bennington PD.","9","999.99","None/Other","Day","Home Depot","None","None","","VT0020100","Parking Lot","None","121 N Bennington Road","Dry","0000","42.907659832180244,-73.21910297204194"
"1324951","","March 26, 2018, 7:14 AM","Bennington","Convent Avenue","CONVENT AVE","Property Damage Only","Single Vehicle Crash","Cloudy","Street or Town Highways in FA Urban Area","18BN02271","Bennington PD.","5","999.99","Deer","Night","Leonard Street","None","None","","VT0020100","T - Intersection","None","Convent Avenue","Dry","0000","42.88695045948131,-73.20688995611701"
"1325416","","March 27, 2018, 1:18 PM","Bennington","215 North Street","Unknown","Property Damage Only","Other - Explain in Narrative","Clear","Other Public Roadway (Rest Areas, Shopping Center - anything open to public)","18BN02312","Bennington PD.","9","999.99","None/Other","Day","Goodwill Parking Lot","None","None","","VT0020100","Parking Lot","None","215 North Street","Dry","0000","42.882244793796154,-73.1962234598985"
"1321546","","March 27, 2018, 6:09 PM","Bennington","140 Hospital Drive","Unknown","Property Damage Only","Other - Explain in Narrative","Clear","Other Public Roadway (Rest Areas, Shopping Center - anything open to public)","18BN02322","Bennington PD.","9","999.99","None/Other","Day","SVMC Parking Lot","None","None","","VT0020100","Parking Lot","None","140 Hospital Drive","Dry","0000","42.87333403424916,-73.20923128916765"
"1324471","","March 28, 2018, 6:04 PM","Bennington","191 Hannaford Square","Unknown","Property Damage Only","Same Direction Sideswipe","Clear","Other Public Roadway (Rest Areas, Shopping Center - anything open to public)","18BN02347","Bennington PD.","9","999.99","None/Other","Day","","None","None","","VT0020100","Parking Lot","None","191 Hannaford Square","Dry","0000","42.90704168821813,-73.2229164440496"