"ObjectID","Mapped","Crash Date","City/Town","Address","AOT Route","Crash Type","Collision Direction","Weather","Road Group","Report Number","Reporting Agency","Road Group ID","AOT Actual Milepoint","Animal","Time of Day","Intersection With","Impairment","Involving","Non Reportable Address","Reporting Agency ID","Road Characteristics","Road Condition","Street Address","Surface Condition","AOT Route ID","Coordinates"
"1324043","","March 31, 2018, 1:52 PM","Bennington","214 Northside Drive","Unknown","Property Damage Only","Other - Explain in Narrative","Clear","Other Public Roadway (Rest Areas, Shopping Center - anything open to public)","18BN02429","Bennington PD.","9","999.99","None/Other","Day","Price Chopper","None","None","","VT0020100","Parking Lot","None","214 Northside Drive","Dry","0000","42.89871142428287,-73.21198313381852"
"1322086","","April 4, 2018, 3:32 PM","Bennington","50 Houghton Lane","TOWN ROAD 0014","Property Damage Only","Single Vehicle Crash","Rain","City, Village or Urban Compact Street not in FA Urban Area (Class 2 and 3 Non-Federal Aid)","18BN02515","Bennington PD.","6","999.99","None/Other","Day","Harwood HIll Road","None","None","","VT0020100","Not at a Junction","Road Surface Condition(wet, icy, snow, slush, etc)","50 Houghton Lane","Wet","T0014","42.914417072549156,-73.20806111528519"
"1319090","","April 4, 2018, 5:01 PM","Bennington","214 Northside Drive","Unknown","Property Damage Only","Same Direction Sideswipe","Clear","Other Public Roadway (Rest Areas, Shopping Center - anything open to public)","18BN02518","Bennington PD.","9","999.99","None/Other","Day","Parking Lot Of Price Chopper","None","None","","VT0020100","Parking Lot","None","214 Northside Drive","Dry","0000","42.89864582571974,-73.21239867631888"
"893608","","April 5, 2018, 3:05 PM","Bennington","123 Branch Street","NORTH BRANCH ST.","Property Damage Only","Single Vehicle Crash","Cloudy","Federal Aid Urban System (Class 2 TH's and 3 TH's only)","18BN02539","Bennington PD.","2","0.1","None/Other","Day","Gage Street","None","None","","VT0020100","Driveway","None","123 Branch Street","Dry","U1036","42.880888374962794,-73.18084337310287"
"1322146","","April 7, 2018, 5:07 PM","Bennington","214 Northside Drive","Unknown","Property Damage Only","Single Vehicle Crash","Clear","Other Public Roadway (Rest Areas, Shopping Center - anything open to public)","18BN02603","Bennington PD.","9","999.99","None/Other","Day","Prive Chopper","None","None","","VT0020100","Parking Lot","None","214 Northside Drive","Dry","0000","42.89864582571974,-73.21239867631888"
"896563","","April 8, 2018, 12:14 PM","Bennington","North Street","US-7","Property Damage Only","Rear End","Clear","State Highway numbered route, State owned","18BN02620","Bennington PD.","10","4.15","None/Other","Day","Kocher Drive","None","None","","VT0020100","Four-way Intersection","None","North Street","Dry","0070","42.894240344343764,-73.19997243291877"
"904509","","April 9, 2018, 5:20 PM","Bennington","Harwood HIll Road","VT-7A","Property Damage Only","Opp Direction Sideswipe","Clear","State Highway numbered route, State owned","18BN02644","Bennington PD.","10","1.04","None/Other","Day","","None","None","","VT0020100","Railway grade crossing","None","Harwood HIll Road","Dry","0071","42.90434634988363,-73.21181038538003"
"1325948","","April 11, 2018, 6:47 AM","Bennington","178 Morgan Street","Unknown","Property Damage Only","Left Turn and Thru, Head On ^v--","Cloudy","Street or Town Highways in FA Urban Area","18BN02689","Bennington PD.","5","999.99","Deer","Night","","None","None","","VT0020100","Not at a Junction","","178 Morgan Street","Dry","0000","42.870683535058085,-73.1862414937544"
"906088","","April 12, 2018, 8:34 AM","Bennington","747 East Road","EAST RD","Injury","Left Turn and Thru, Broadside v<--","Cloudy","Federal Aid Urban System (Class 2 TH's and 3 TH's only)","18BN02715","Bennington PD.","2","0.04","None/Other","Day","MAUMS (Exit)","None","None","","VT0020100","T - Intersection","None","747 East Road","Dry","S0173","42.90374827182607,-73.19072891738249"
"1321557","","April 12, 2018, 3:15 PM","Bennington","301 Park Street","Unknown","Property Damage Only","Same Direction Sideswipe","Clear","Other Public Roadway (Rest Areas, Shopping Center - anything open to public)","18BN02721","Bennington PD.","9","999.99","None/Other","Day","MAU Parking Lot","None","Heavy Truck","","VT0020100","Parking Lot","None","301 Park Street","Dry","0000","42.88632528710818,-73.19133598223006"
"1317862","","April 17, 2018, 2:33 PM","Bennington","1726 Harwood HIll Road","HARWOOD HILL RD","Property Damage Only","Single Vehicle Crash","Cloudy","Other Public Roadway (Rest Areas, Shopping Center - anything open to public)","18BN02840","Bennington PD.","9","999.99","None/Other","Day","West Mountain Animal Hospital","None","None","","VT0020100","Parking Lot","None","1726 Harwood HIll Road","Dry","0000","42.92605235186961,-73.20873334152115"
"932688","","April 20, 2018, 7:37 AM","Bennington","1944 Monument Avenue","MONUMENT ROAD","Injury","Single Vehicle Crash","Cloudy","Federal Aid Urban System (Class 2 TH's and 3 TH's only)","18BN02890","Bennington PD.","2","0.75","None/Other","Day","Southshire Drive","None","None","","VT0020100","Not at a Junction","Road Surface Condition(wet, icy, snow, slush, etc)","1944 Monument Avenue","Ice","U1034","42.862719592402335,-73.2065612240391"
"933704","","April 20, 2018, 12:13 PM","Bennington","815 Main Street","VT-9","Property Damage Only","Rear End","Clear","State Highway numbered route, Class 1 TH","18BN02894","Bennington PD.","11","5.17","None/Other","Day","Branch Street","None","None","","VT0020100","Not at a Junction","None","815 Main Street","Dry","0090","42.879361496825005,-73.18192681484534"
"931582","","April 20, 2018, 1:10 PM","Bennington","615 Gage Street","GAGE ST.","Property Damage Only","Other - Explain in Narrative","Clear","Federal Aid Urban System (Class 2 TH's and 3 TH's only)","18BN02896","Bennington PD.","2","0.55","None/Other","Day","Grove Street","None","None","","VT0020100","Not at a Junction","None","615 Gage Street","Dry","U1024","42.881407926552995,-73.18634523936667"
"934112","","April 21, 2018, 8:52 PM","Bennington","Vermont Route 279","VT-279","Property Damage Only","Single Vehicle Crash","Clear","State Highway numbered route, State owned","18BN02931","Bennington PD.","10","6","Deer","Night","Vermont Route 9","None","None","","VT0020100","Not at a Junction","None","Vermont Route 279","Dry","2790","42.88764981283425,-73.17400864402863"
"934765","","April 23, 2018, 4:13 PM","Bennington","School Street","SCHOOL ST.","Property Damage Only","Other - Explain in Narrative","Clear","Federal Aid Urban System (Class 2 TH's and 3 TH's only)","18BN02980","Bennington PD.","2","0.16","None/Other","Day","Bennington Elementary School On Gage Street","None","None","","VT0020100","Not at a Junction","None","School Street","Dry","U1046","42.88040291443635,-73.19489234243619"
"935051","","April 24, 2018, 11:09 AM","Bennington","325 Dewey Street","DEWEY ST.","Property Damage Only","Other - Explain in Narrative","Clear","Federal Aid Urban System (Class 2 TH's and 3 TH's only)","18BN02997","Bennington PD.","2","0.48","None/Other","Day","Advanced Eye Care","None","Heavy Truck","","VT0020100","Not at a Junction","None","325 Dewey Street","Dry","U1020","42.87225118784857,-73.20464552611472"
"934778","","April 24, 2018, 11:27 AM","Bennington","751 North Bennington Road","VT-67A","Injury","Rear End","Clear","State Highway numbered route, State owned","18BN02998","Bennington PD.","10","0.69","None/Other","Day","Carbone Onda","None","None","","VT0020100","Four-way Intersection","None","751 North Bennington Road","Dry","0671","42.908328622094636,-73.22044311768919"
"1321624","","April 24, 2018, 4:07 PM","Bennington","312 Crescent Blvd.","Unknown","Property Damage Only","Other - Explain in Narrative","Clear","Other Public Roadway (Rest Areas, Shopping Center - anything open to public)","18BN03005","Bennington PD.","9","999.99","None/Other","Day","Crescent Manor Lot","None","None","","VT0020100","Parking Lot","None","312 Crescent Blvd.","Dry","0000","42.87324419694032,-73.19005172177705"
"935171","","April 25, 2018, 1:35 PM","Bennington","119 Pleasant Street","PLEASANT ST.","Property Damage Only","Other - Explain in Narrative","Cloudy","Federal Aid Urban System (Class 2 TH's and 3 TH's only)","18BN03022","Bennington PD.","2","0.06","None/Other","Day","School Street","None","None","","VT0020100","Not at a Junction","None","119 Pleasant Street","Dry","U1040","42.879109885019396,-73.1959330403866"
"936508","","April 26, 2018, 4:17 PM","Bennington","49 Vermont Route 67 W","VT-67","Property Damage Only","Other - Explain in Narrative","Clear","State Highway numbered route, State owned","18BN03059","Bennington PD.","10","1.5","None/Other","Day","White Creek Road, North Bennington, VT","None","None","","VT0020100","Y - Intersection","None","49 Vermont Route 67 W","Dry","0670","42.934379577324876,-73.25016216270681"
"1320693","","April 27, 2018, 1:28 PM","Bennington","210 Northside Drive","Unknown","Property Damage Only","Rear-to-rear","Clear","Other Public Roadway (Rest Areas, Shopping Center - anything open to public)","18BN03081","Bennington PD.","9","999.99","None/Other","Day","Walmart","None","None","","VT0020100","Parking Lot","None","210 Northside Drive","Dry","0000","42.89822768479737,-73.21015321877923"
"1323115","","April 27, 2018, 4:21 PM","Bennington","141 Hannaford Square","Unknown","Property Damage Only","Other - Explain in Narrative","Cloudy","Other Public Roadway (Rest Areas, Shopping Center - anything open to public)","18BN03090","Bennington PD.","9","999.99","None/Other","Day","Hannaford Supermarket","None","None","","VT0020100","Parking Lot","None","141 Hannaford Square","Dry","0000","42.906934833050855,-73.22273151020643"
"1323515","","April 27, 2018, 10:04 PM","Bennington","340 North Street","NORTH ST","Property Damage Only","Other - Explain in Narrative","Rain","Other Public Roadway (Rest Areas, Shopping Center - anything open to public)","18BN03101","Bennington PD.","9","999.99","None/Other","Night","Depot Street","None","None","","VT0020100","Parking Lot","None","340 North Street","","0000","42.8858316053585,-73.19851623307665"
"1320499","","April 28, 2018, 4:14 PM","Bennington","982 Mansion Drive","Unknown","Property Damage Only","Single Vehicle Crash","Clear","Other Public Roadway (Rest Areas, Shopping Center - anything open to public)","18BN03117","Bennington PD.","9","999.99","None/Other","Day","SVC Dorm Lower Lot","None","None","","VT0020100","Parking Lot","None","982 Mansion Drive","Dry","0000","42.86775777621824,-73.2185416974051"
"1319591","","April 29, 2018, 12:51 PM","Bennington","21 Sage Street","SAGE ST","Property Damage Only","Other - Explain in Narrative","Rain","Street or Town Highways in FA Urban Area","18BN03133","Bennington PD.","5","999.99","None/Other","Day","N. Bennington, VT","None","None","","VT0020100","Not at a Junction","None","21 Sage Street","Wet","0000","42.92969306415487,-73.24080931391516"
"954120","","April 29, 2018, 6:31 PM","Bennington","940 Water Street","VT-67A","Property Damage Only","Single Vehicle Crash","Clear","State Highway numbered route, State owned","18BN03139","Bennington PD.","10","2.31","None/Other","Day","1030 Water St., N. Bennington, VT","None","None","","VT0020100","Not at a Junction","None","940 Water Street","Dry","0671","42.915959479890134,-73.24665019650489"
"952757","","April 30, 2018, 12:51 PM","Bennington","99 Northside Drive","HUNT ST. WEST","Property Damage Only","Left Turns, Opposite Directions, Head On/Angle Crash --^v--","Rain","Federal Aid Urban System (Class 2 TH's and 3 TH's only)","18BN03148","Bennington PD.","2","0.06","None/Other","Day","Hunt Street","None","None","","VT0020100","Y - Intersection","None","99 Northside Drive","Wet","U1030","42.89244767671637,-73.20174397868729"
"1318083","","May 1, 2018, 4:41 PM","Bennington","181 Orchard Road","Unknown","Property Damage Only","Rear-to-rear","Clear","Other Public Roadway (Rest Areas, Shopping Center - anything open to public)","18BN03189","Bennington PD.","9","999.99","None/Other","Day","Molly Stark Elementary","None","None","","VT0020100","Parking Lot","None","181 Orchard Road","Dry","0000","42.89926099300062,-73.20170436269892"
"953097","","May 2, 2018, 10:14 AM","Bennington","105 Safford Street","SAFFORD ST.","Property Damage Only","Other - Explain in Narrative","Clear","Federal Aid Urban System (Class 2 TH's and 3 TH's only)","18BN03207","Bennington PD.","2","0.39","None/Other","Day","MainStreet","None","None","","VT0020100","Driveway","None","105 Safford Street","Dry","U1044","42.88403912208549,-73.18763431292048"
"1323058","","May 2, 2018, 9:26 PM","Bennington","#95 Applegate Drive","Unknown","Property Damage Only","Other - Explain in Narrative","Clear","Other Public Roadway (Rest Areas, Shopping Center - anything open to public)","18BN03229","Bennington PD.","9","999.99","None/Other","Night","","None","None","","VT0020100","Parking Lot","None","#95 Applegate Drive","Dry","0000","42.90336359236398,-73.20792235707084"
"953682","","May 3, 2018, 12:36 PM","Bennington","143 Main Street","VT-9","Injury","Rear End","Cloudy","State Highway numbered route, Class 1 TH","18BN03243","Bennington PD.","11","4.01","None/Other","Day","Bennington Motor Inn","None","None","","VT0020100","Not at a Junction","None","143 Main Street","Dry","0090","42.881133547573896,-73.20358159104806"
"1318644","","May 3, 2018, 1:07 PM","Bennington","25 Morse Road","Unknown","Property Damage Only","Other - Explain in Narrative","Cloudy","Other Public Roadway (Rest Areas, Shopping Center - anything open to public)","18BN03245","Bennington PD.","9","999.99","None/Other","Day","Bennington Self Storage","None","None","","VT0020100","Other - Explain in Narrative","None","25 Morse Road","Dry","0000","42.902464879519954,-73.21923850750926"
"1320257","","May 4, 2018, 6:01 AM","Bennington","Willow Park","Unknown","Property Damage Only","Single Vehicle Crash","Cloudy","Other Public Roadway (Rest Areas, Shopping Center - anything open to public)","18BN03271","Bennington PD.","9","999.99","None/Other","Night","","None","Motorcycle","","VT0020100","Not at a Junction","Other - Explain in Narrative","Willow Park","Wet","0000","42.898615070851434,-73.1954403367577"
"1321890","","May 5, 2018, 3:36 PM","Bennington","214 Northside Drive","Unknown","Property Damage Only","Rear-to-rear","Clear","Other Public Roadway (Rest Areas, Shopping Center - anything open to public)","18BN03308","Bennington PD.","9","999.99","None/Other","Day","Price Chopper Lot","None","None","","VT0020100","Parking Lot","None","214 Northside Drive","Dry","0000","42.89864582571974,-73.21239867631888"
"1318983","","May 6, 2018, 12:29 AM","Bennington","982 Mansion Drive","Unknown","Property Damage Only","Rear-to-rear","Clear","Other Public Roadway (Rest Areas, Shopping Center - anything open to public)","18BN03318","Bennington PD.","9","999.99","None/Other","Night","Southern Vermont College","Alcohol","None","","VT0020100","Parking Lot","None","982 Mansion Drive","Dry","0000","42.86775777621824,-73.2185416974051"
"1323209","","May 6, 2018, 3:56 PM","Bennington","214 Northside Drive","Unknown","Property Damage Only","Other - Explain in Narrative","Cloudy","Other Public Roadway (Rest Areas, Shopping Center - anything open to public)","18BN03329","Bennington PD.","9","999.99","None/Other","Day","Price Chopper","None","None","","VT0020100","Parking Lot","None","214 Northside Drive","Dry","0000","42.89864582571974,-73.21239867631888"
"1320816","","May 7, 2018, 12:56 PM","Bennington","68 Bennington Plaza","Unknown","Property Damage Only","Rear-to-rear","Clear","Other Public Roadway (Rest Areas, Shopping Center - anything open to public)","18BN03347","Bennington PD.","9","999.99","None/Other","Day","Dollar Tree Parking Lot","None","None","","VT0020100","Parking Lot","None","68 Bennington Plaza","Dry","0000","42.90741371599457,-73.21815718665475"
"1322088","","May 7, 2018, 8:24 PM","Bennington","Morse Road","NORTH ST","Injury","Single Vehicle Crash","Clear","City, Village or Urban Compact Street not in FA Urban Area (Class 2 and 3 Non-Federal Aid)","18BN03368","Bennington PD.","6","999.99","None/Other","Night","North Bennignton Road","None","Pedestrian","","VT0020100","Other - Explain in Narrative","None","Morse Road","","0000","42.88576941756673,-73.19838087498492"
"1318522","","May 8, 2018, 9:05 AM","Bennington","21 Sweets Lane","SWEETS LN","Property Damage Only","Single Vehicle Crash","Clear","Other Public Roadway (Rest Areas, Shopping Center - anything open to public)","18BN03373","Bennington PD.","9","999.99","None/Other","Day","North Branch Street","None","None","","VT0020100","Parking Lot","None","21 Sweets Lane","Dry","0000","42.88433387977381,-73.18115353932122"
"1319549","","May 8, 2018, 11:19 AM","Bennington","37 Gore Road","TOWN ROAD 0054","Injury","Single Vehicle Crash","Clear","City, Village or Urban Compact Street not in FA Urban Area (Class 2 and 3 Non-Federal Aid)","18BN03375","Bennington PD.","6","999.99","None/Other","Day","South Stream Road","None","Motorcycle","","VT0020100","Y - Intersection","None","37 Gore Road","Dry","T0054","42.8715029375064,-73.17713275859579"
"957022","","May 8, 2018, 4:23 PM","Bennington","1 Kocher Drive","VT-7A","Property Damage Only","Single Vehicle Crash","Clear","State Highway numbered route, State owned","18BN03382","Bennington PD.","10","0","None/Other","Day","US Route 7","None","Heavy Truck","","VT0020100","Four-way Intersection","None","1 Kocher Drive","Dry","0071","42.89431037154962,-73.19996519607773"
"1318318","","May 8, 2018, 4:40 PM","Bennington","626 Main Street","MAIN ST","Property Damage Only","Other - Explain in Narrative","Clear","Other Public Roadway (Rest Areas, Shopping Center - anything open to public)","18BN03383","Bennington PD.","9","999.99","None/Other","Day","Main Street","None","None","","VT0020100","Parking Lot","None","626 Main Street","Dry","0000","42.88335188853981,-73.20944396309909"
"968897","","May 9, 2018, 8:27 AM","Bennington","Pleasant Street","PLEASANT ST.","Injury","No Turns, Thru moves only, Broadside ^<","Clear","Federal Aid Urban System (Class 2 TH's and 3 TH's only)","18BN03397","Bennington PD.","2","0.43","None/Other","Day","Main Street","None","Bicycle","","VT0020100","Not at a Junction","None","Pleasant Street","Dry","U1040","42.879070172882564,-73.18887732602911"
"968956","","May 9, 2018, 2:33 PM","Bennington","US Route 7","US-7","Property Damage Only","Rear End","Clear","State Highway numbered route, Class 1 TH","18BN03409","Bennington PD.","11","3.67","None/Other","Day","N Of Depot Road","None","None","","VT0020100","Not at a Junction","None","US Route 7","Dry","0070","42.887294471868366,-73.20000997200543"
"969889","","May 10, 2018, 8:49 AM","Bennington","439 North Branch Street","BROOKLYN DR.","Property Damage Only","Single Vehicle Crash","Clear","Federal Aid Urban System (Class 2 TH's and 3 TH's only)","18BN03431","Bennington PD.","2","0.46","None/Other","Day","","None","None","","VT0020100","Not at a Junction","None","439 North Branch Street","Dry","U1009","42.88980850004852,-73.18070624491827"
"969173","","May 11, 2018, 5:03 AM","Bennington","200 Silver Street","SILVER ST.","Property Damage Only","Rear End","Clear","Federal Aid Urban System (Class 2 TH's and 3 TH's only)","18BN03446","Bennington PD.","2","0.33","None/Other","Night","Grandview Street","None","None","","VT0020100","Four-way Intersection","None","200 Silver Street","Dry","U1048","42.877029120985995,-73.1939270726613"
"969599","","May 11, 2018, 4:07 PM","Bennington","418 Main Street","VT-9","Property Damage Only","Other - Explain in Narrative","Clear","State Highway numbered route, Class 1 TH","18BN03460","Bennington PD.","11","4.43","None/Other","Day","","None","Heavy Truck","","VT0020100","Not at a Junction","None","418 Main Street","Dry","0090","42.87825480166934,-73.19646696336949"
"1320002","","May 13, 2018, 2:09 PM","Bennington","210 Northside Drive","Unknown","Property Damage Only","Rear-to-rear","Clear","Other Public Roadway (Rest Areas, Shopping Center - anything open to public)","18BN03511","Bennington PD.","9","999.99","None/Other","Day","Walmart Lawn And Garden Area","None","None","","VT0020100","Parking Lot","None","210 Northside Drive","Dry","0000","42.897801281739106,-73.21068705568892"
"1324930","","May 14, 2018, 6:13 PM","Bennington","130 Norrthside Drive","Unknown","Property Damage Only","Single Vehicle Crash","Clear","Other Public Roadway (Rest Areas, Shopping Center - anything open to public)","18BN03550","Bennington PD.","9","999.99","None/Other","Day","Knotty Pine #6","None","None","","VT0020100","Parking Lot","None","130 Norrthside Drive","Dry","0000","42.897406031283616,-73.20764605590043"
"972973","","May 16, 2018, 7:31 AM","Bennington","Harwood HIll Road","VT-7A","Property Damage Only","Single Vehicle Crash","Clear","State Highway numbered route, State owned","18BN03580","Bennington PD.","10","1.01","None/Other","Day","Train Trestle","None","Heavy Truck","","VT0020100","Not at a Junction","None","Harwood HIll Road","Dry","0071","42.90390908343491,-73.21185540437537"
"1324514","","May 16, 2018, 6:57 PM","Bennington","210 Northside Drive","Unknown","Property Damage Only","Single Vehicle Crash","Clear","Other Public Roadway (Rest Areas, Shopping Center - anything open to public)","18BN03607","Bennington PD.","9","999.99","None/Other","Day","Bennington Pizza Plaza","None","Heavy Truck","","VT0020100","Parking Lot","None","210 Northside Drive","Dry","0000","42.897561893835494,-73.21009660292872"
"1325836","","May 17, 2018, 3:22 PM","Bennington","215 North Street","Unknown","Property Damage Only","No Turns, Thru moves only, Broadside ^<","Clear","Other Public Roadway (Rest Areas, Shopping Center - anything open to public)","18BN03638","Bennington PD.","9","999.99","None/Other","Day","North Street Parking Lot","None","None","","VT0020100","Parking Lot","","215 North Street","","0000","42.882226493380266,-73.19627221728703"
"975157","","May 19, 2018, 1:29 PM","Bennington","Vermont Route 7","US-7","Property Damage Only","Same Direction Sideswipe","Rain","State Highway numbered route, State owned","18BN03696","Bennington PD.","10","4.15","None/Other","Day","Kocher Drive","None","None","","VT0020100","Four-way Intersection","None","Vermont Route 7","Wet","0070","42.894240344343764,-73.19997243291877"
"976587","","May 21, 2018, 6:44 AM","Bennington","Park Street","PARK ST.","Property Damage Only","Same Direction Sideswipe","Clear","Federal Aid Urban System (Class 2 TH's and 3 TH's only)","18BN03734","Bennington PD.","2","0.16","None/Other","Night","321 Park Street","None","None","","VT0020100","Not at a Junction","None","Park Street","Dry","U1038","42.88662028769679,-73.19283717789499"
"977710","","May 21, 2018, 1:45 PM","Bennington","US Route 7","US-7","Injury","Single Vehicle Crash","Clear","State Highway numbered route, State owned","18BN03748","Bennington PD.","10","0.88","None/Other","Day","Fuller Road West","None","None","","VT0020100","Not at a Junction","None","US Route 7","Dry","0070","42.849927951333505,-73.2027313191187"
"986717","","May 22, 2018, 11:59 AM","Bennington","663 Main Street","VT-9","Property Damage Only","Left Turn and Thru, Angle Broadside -->v--","Clear","State Highway numbered route, State owned","18BN03781","Bennington PD.","10","4.81","None/Other","Day","Union Street","None","None","","VT0020100","Not at a Junction","None","663 Main Street","Dry","0090","42.87835320911883,-73.18897672194363"
"980422","","May 22, 2018, 8:42 PM","Bennington","127 Pleasant Street","PLEASANT ST.","Property Damage Only","Rear End","Clear","Federal Aid Urban System (Class 2 TH's and 3 TH's only)","18BN03797","Bennington PD.","2","0.08","None/Other","Night","School Street","None","None","","VT0020100","Not at a Junction","None","127 Pleasant Street","Dry","U1040","42.87911062384067,-73.19555085108504"
"981007","","May 22, 2018, 10:28 PM","Bennington","123 Main Street","VT-67","Property Damage Only","Single Vehicle Crash","Clear","State Highway numbered route, Class 1 TH","18BN03803","Bennington PD.","11","0.46","None/Other","Night","N. Bennington","Alcohol","None","","VT0020100","Not at a Junction","None","123 Main Street","Dry","0670","42.93036150749064,-73.24253864726971"
"980984","","May 23, 2018, 11:49 AM","Bennington","Union Street","UNION ST.","Property Damage Only","Rear End","Clear","Federal Aid Urban System (Class 2 TH's and 3 TH's only)","18BN03813","Bennington PD.","2","0","None/Other","Day","South Street","None","None","","VT0020100","T - Intersection","None","Union Street","Dry","U1052","42.877355168966346,-73.19717594495657"
"1325511","","May 23, 2018, 3:28 PM","Bennington","237 North Street","Unknown","Property Damage Only","Other - Explain in Narrative","Clear","Other Public Roadway (Rest Areas, Shopping Center - anything open to public)","18BN03820","Bennington PD.","9","999.99","None/Other","Day","Dunkin Donuts Parking Lot","None","None","","VT0020100","Parking Lot","None","237 North Street","Dry","0000","42.88364661865695,-73.19663093786608"
"1323757","","May 24, 2018, 10:21 PM","Bennington","500 Main Street","Unknown","Property Damage Only","Opp Direction Sideswipe","Clear","Other Public Roadway (Rest Areas, Shopping Center - anything open to public)","18BN03864","Bennington PD.","9","999.99","None/Other","Night","Ramuntos","Alcohol","None","","VT0020100","Parking Lot","None","500 Main Street","Dry","0000","42.877799437468646,-73.1929911004366"
"988300","","May 25, 2018, 1:14 AM","Bennington","136 Dewey Street","DEWEY ST.","Property Damage Only","Other - Explain in Narrative","Clear","Federal Aid Urban System (Class 2 TH's and 3 TH's only)","18BN03866","Bennington PD.","2","0.96","None/Other","Night","Grant Street","None","None","","VT0020100","Not at a Junction","None","136 Dewey Street","Dry","U1020","42.87872687349096,-73.20275830819276"
"988007","","May 25, 2018, 9:43 AM","Bennington","120 Northside Drive","VT-7A","Property Damage Only","Rear End","Clear","State Highway numbered route, State owned","18BN03876","Bennington PD.","10","0.35","None/Other","Day","Family Footwear","None","None","","VT0020100","Four-way Intersection","None","120 Northside Drive","Dry","0071","42.896797783582805,-73.20574879991219"
"1324902","","May 25, 2018, 2:22 PM","Bennington","244 Union Street","Unknown","Property Damage Only","Other - Explain in Narrative","Clear","Other Public Roadway (Rest Areas, Shopping Center - anything open to public)","18BN03886","Bennington PD.","9","999.99","None/Other","Day","244 Union Street - Parking Lot","None","None","","VT0020100","","","244 Union Street","","0000","42.87698027554178,-73.1900076728192"
"1325505","","May 25, 2018, 4:08 PM","Bennington","104 Pratt Street","PRATT ST","Property Damage Only","Other - Explain in Narrative","Clear","Street or Town Highways in FA Urban Area","18BN03891","Bennington PD.","5","999.99","None/Other","Day","Park Street","None","None","","VT0020100","Driveway","None","104 Pratt Street","Dry","0000","42.88091271632916,-73.19322179154909"
"1320206","","May 26, 2018, 12:05 PM","Bennington","121 N Bennington Road","Unknown","Property Damage Only","Other - Explain in Narrative","Clear","Other Public Roadway (Rest Areas, Shopping Center - anything open to public)","18BN03922","Bennington PD.","9","999.99","None/Other","Day","Home Depot","None","Heavy Truck","","VT0020100","Parking Lot","None","121 N Bennington Road","Dry","0000","42.9081679000288,-73.218472090325"
"1325355","","May 26, 2018, 8:10 PM","Bennington","474 Gore Road","TOWN ROAD 0054","Injury","Single Vehicle Crash","Clear","City, Village or Urban Compact Street not in FA Urban Area (Class 2 and 3 Non-Federal Aid)","18BN03939","Bennington PD.","6","999.99","None/Other","Night","","None","Motorcycle","","VT0020100","Not at a Junction","None","474 Gore Road","Dry","T0054","42.86820254535476,-73.16890944223228"
"1324225","","May 27, 2018, 6:21 PM","Bennington","194 North Street","Unknown","Property Damage Only","Same Direction Sideswipe","Cloudy","Other Public Roadway (Rest Areas, Shopping Center - anything open to public)","18BN03961","Bennington PD.","9","999.99","None/Other","Day","Parking Lot","None","None","","VT0020100","Parking Lot","None","194 North Street","Dry","0000","42.88137639735806,-73.19839252642019"
"987616","","May 29, 2018, 12:32 AM","Bennington","210 NorthsideDrive","VT-7A","Property Damage Only","Other - Explain in Narrative","Clear","State Highway numbered route, State owned","18BN03994","Bennington PD.","10","0.62","None/Other","Night","Traffic Circle","None","None","","VT0020100","Traffic circle / roundabout","None","210 NorthsideDrive","Dry","0071","42.89920475647948,-73.20992499771837"
"1323267","","May 29, 2018, 4:09 PM","Bennington","55 Monument Avenue","MONUMENT AVE","Property Damage Only","Left Turn and Thru, Angle Broadside -->v--","Clear","Street or Town Highways in FA Urban Area","18BN04014","Bennington PD.","5","999.99","None/Other","Day","Main Street","None","None","","VT0020100","Four-way Intersection","None","55 Monument Avenue","Dry","0000","42.88423683285863,-73.21334680110722"
"1324772","","May 30, 2018, 12:02 PM","Bennington","108 Grant Street","GRANT ST","Injury","Other - Explain in Narrative","Clear","Street or Town Highways in FA Urban Area","18BN04038","Bennington PD.","5","999.99","None/Other","Day","Main Street","None","Motorcycle","","VT0020100","Not at a Junction","None","108 Grant Street","Dry","0000","42.87978177256371,-73.20007594372005"
"1325761","","May 31, 2018, 4:04 PM","Bennington","217 Northside Drive","Unknown","Property Damage Only","Rear-to-rear","Clear","Other Public Roadway (Rest Areas, Shopping Center - anything open to public)","18BN04077","Bennington PD.","9","999.99","None/Other","Day","Northside Dairy Bar","None","None","","VT0020100","Parking Lot","None","217 Northside Drive","Dry","0000","42.900240931925495,-73.21066609834328"
"994064","","June 1, 2018, 2:22 PM","Bennington","Benmont Avenue","BENMONT AVE.","Property Damage Only","Left Turn and Thru, Broadside v<--","Clear","Federal Aid Urban System (Class 2 TH's and 3 TH's only)","18BN04101","Bennington PD.","2","0.75","None/Other","Day","Hunt Strreet","None","None","","VT0020100","Y - Intersection","None","Benmont Avenue","Dry","U1006","42.891599862300986,-73.20143962095045"
"993027","","June 1, 2018, 5:18 PM","Bennington","Matteson Road","RICE LN.","Injury","Single Vehicle Crash","Clear","Federal Aid Urban System (Class 2 TH's and 3 TH's only)","18BN04110","Bennington PD.","2","0.11","None/Other","Day","Rice Lane","None","None","","VT0020100","Not at a Junction","None","Matteson Road","Dry","U1042","42.91368705540748,-73.22541446150515"