"ObjectID","Mapped","Crash Date","City/Town","Address","AOT Route","Crash Type","Collision Direction","Weather","Road Group","Report Number","Reporting Agency","Road Group ID","AOT Actual Milepoint","Animal","Time of Day","Intersection With","Impairment","Involving","Non Reportable Address","Reporting Agency ID","Road Characteristics","Road Condition","Street Address","Surface Condition","AOT Route ID","Coordinates"
"1326839","","August 5, 2018, 1:00 PM","Bennington","210 Northside Drive","Unknown","Property Damage Only","Other - Explain in Narrative","Clear","Other Public Roadway (Rest Areas, Shopping Center - anything open to public)","18BN05818","Bennington PD.","9","999.99","None/Other","Day","Walmart","None","None","","VT0020100","Parking Lot","None","210 Northside Drive","Dry","0000","42.89797002532692,-73.21105631075838"
"1327987","","August 6, 2018, 8:35 AM","Bennington","111 Northside Drive","Unknown","Property Damage Only","Rear End","Clear","Other Public Roadway (Rest Areas, Shopping Center - anything open to public)","18BN05838","Bennington PD.","9","999.99","None/Other","Day","Cumberland Farms","None","None","","VT0020100","Parking Lot","None","111 Northside Drive","Dry","0000","42.8956409549452,-73.20337739763048"
"1328113","","August 6, 2018, 12:31 PM","Bennington","Blackberry Lane","BLACKBERRY LN","Property Damage Only","Other - Explain in Narrative","Clear","Other Public Roadway (Rest Areas, Shopping Center - anything open to public)","18BN05845","Bennington PD.","9","999.99","None/Other","Day","Bennington Health Rehab Parking Lot","None","None","","VT0020100","Parking Lot","None","Blackberry Lane","Dry","0000","42.86863568598873,-73.20514046655003"
"1137273","","August 6, 2018, 3:32 PM","Bennington","Park Street","PARK ST.","Property Damage Only","Left Turn and Thru, Angle Broadside -->v--","Clear","Federal Aid Urban System (Class 2 TH's and 3 TH's only)","18BN05852","Bennington PD.","2","0.66","None/Other","Day","Kocher Drive","None","None","","VT0020100","Four-way Intersection","None","Park Street","Dry","U1038","42.893851592053615,-73.1932469613959"
"1329126","","August 7, 2018, 11:20 AM","Bennington","112 Northside Drive","Unknown","Property Damage Only","Other - Explain in Narrative","Clear","Other Public Roadway (Rest Areas, Shopping Center - anything open to public)","18BN05873","Bennington PD.","9","999.99","None/Other","Day","","None","None","","VT0020100","Parking Lot","None","112 Northside Drive","Dry","0000","42.89547019742894,-73.20479569250527"
"1329147","","August 7, 2018, 2:24 PM","Bennington","Franklin Lane","FRANKLIN LN","Property Damage Only","Single Vehicle Crash","Clear","Street or Town Highways in FA Urban Area","18BN05882","Bennington PD.","5","999.99","None/Other","Day","South Street","None","None","","VT0020100","Other - Explain in Narrative","None","Franklin Lane","Dry","0000","42.87773801894947,-73.1971764607985"
"1140562","","August 9, 2018, 12:11 PM","Bennington","2470 South Stream Road","S STREAM RD","Property Damage Only","Other - Explain in Narrative","Clear","Federal Aid Secondary System (Class 2 TH)","18BN05946","Bennington PD.","3","0.02","None/Other","Day","","None","None","","VT0020100","Driveway","None","2470 South Stream Road","Dry","S0103","42.837177873889324,-73.17042739275293"
"1332350","","August 9, 2018, 12:20 PM","Bennington","River Road","RIVER RD","Property Damage Only","Same Direction Sideswipe","Clear","Street or Town Highways in FA Urban Area","18BN05949","Bennington PD.","5","999.99","None/Other","Day","Water Street, N. Bennington, VT","None","None","","VT0020100","Other - Explain in Narrative","None","River Road","Dry","0000","42.91399162970756,-73.24668351024565"
"1140522","","August 9, 2018, 4:44 PM","Bennington","228 Northside Drive","VT-67A","Property Damage Only","No Turns, Thru moves only, Broadside ^<","Clear","State Highway numbered route, State owned","18BN05959","Bennington PD.","10","0.02","None/Other","Day","Harmon Road","None","None","","VT0020100","T - Intersection","None","228 Northside Drive","Dry","0671","42.90103425786997,-73.21228184856439"
"1332329","","August 9, 2018, 6:03 PM","Bennington","121 North Bennington Road","Unknown","Property Damage Only","Rear-to-rear","Clear","Other Public Roadway (Rest Areas, Shopping Center - anything open to public)","18BN05964","Bennington PD.","9","999.99","None/Other","Day","Home Depot","None","None","","VT0020100","Parking Lot","None","121 North Bennington Road","Dry","0000","42.9081679000288,-73.218472090325"
"1334499","","August 10, 2018, 10:03 AM","Bennington","College Road","COLLEGE RD","Property Damage Only","Left Turn and Thru, Broadside v<--","Clear","Street or Town Highways in FA Urban Area","18BN05974","Bennington PD.","5","999.99","None/Other","Day","Bennington College","None","None","","VT0020100","T - Intersection","None","College Road","Dry","0000","42.91941470559816,-73.23213695743438"
"1333982","","August 10, 2018, 3:15 PM","Bennington","500 Main Street","Unknown","Property Damage Only","Other - Explain in Narrative","Clear","Other Public Roadway (Rest Areas, Shopping Center - anything open to public)","18BN05979","Bennington PD.","9","999.99","None/Other","Day","TD Bank Lot","None","None","","VT0020100","Parking Lot","None","500 Main Street","Dry","0000","42.87841936959958,-73.19467492356465"
"1140023","","August 10, 2018, 4:58 PM","Bennington","268 North Branch Street","BROOKLYN DR.","Property Damage Only","Single Vehicle Crash","Clear","Federal Aid Urban System (Class 2 TH's and 3 TH's only)","18BN05985","Bennington PD.","2","0.28","Domestic","Day","","None","Motorcycle","","VT0020100","Not at a Junction","","268 North Branch Street","Dry","U1009","42.887267304443064,-73.18066816743837"
"1154824","","August 11, 2018, 1:23 PM","Bennington","Vermont Route 279","VT-279","Injury","Single Vehicle Crash","Rain","Ramp or Spur","18BN05997","Bennington PD.","7","0.08","None/Other","Day","Exit 1 Off Ramp","None","None","","VT0020100","Off Ramp","Road Surface Condition(wet, icy, snow, slush, etc)","Vermont Route 279","Wet","2790","42.885887774686225,-73.17292105254526"
"1156511","","August 14, 2018, 7:39 AM","Bennington","East Road","EAST RD.","Property Damage Only","Other - Explain in Narrative","Clear","Federal Aid Urban System (Class 2 TH's and 3 TH's only)","18BN06066","Bennington PD.","2","0","None/Other","Day","Kocher Drive","None","None","","VT0020100","Four-way Intersection","None","East Road","Dry","U1021","42.893851592053615,-73.1932469613959"
"1156125","","August 14, 2018, 10:19 AM","Bennington","212 Benmont Avenue","BENMONT AVE.","Property Damage Only","Other - Explain in Narrative","Clear","Federal Aid Urban System (Class 2 TH's and 3 TH's only)","18BN06069","Bennington PD.","2","0.43","None/Other","Day","Bennington Tire","None","None","","VT0020100","Other - Explain in Narrative","None","212 Benmont Avenue","Dry","U1006","42.88689426575666,-73.20155404072024"
"1335036","","August 15, 2018, 10:48 AM","Bennington","101 River Street","RIVER ST","Property Damage Only","Other - Explain in Narrative","Clear","Street or Town Highways in FA Urban Area","18BN06104","Bennington PD.","5","999.99","None/Other","Day","Benmont Avenue","None","None","","VT0020100","Not at a Junction","None","101 River Street","Dry","0000","42.88208559696084,-73.20165656911169"
"1157879","","August 15, 2018, 12:40 PM","Bennington","206 School Street","SCHOOL ST.","Property Damage Only","No Turns, Thru moves only, Broadside ^<","Clear","Federal Aid Urban System (Class 2 TH's and 3 TH's only)","18BN06107","Bennington PD.","2","0.09","None/Other","Day","Walloomsac Apartments","None","None","","VT0020100","Not at a Junction","None","206 School Street","Dry","U1046","42.87941781488105,-73.19493043969938"
"1157120","","August 16, 2018, 8:38 AM","Bennington","Main Street","VT-9","Property Damage Only","Other - Explain in Narrative","Clear","State Highway numbered route, Class 1 TH","18BN06138","Bennington PD.","11","4.38","None/Other","Day","South Street","None","Heavy Truck","","VT0020100","Not at a Junction","Work zone (construction / maintenance / utility)","Main Street","Dry","0090","42.878515497706736,-73.19740698287146"
"1334502","","August 16, 2018, 6:56 PM","Bennington","125 Northside Drive","Unknown","Property Damage Only","Rear-to-rear","Clear","Other Public Roadway (Rest Areas, Shopping Center - anything open to public)","18BN06158","Bennington PD.","9","999.99","None/Other","Day","Bennington Beverage Outlet","None","None","","VT0020100","Parking Lot","None","125 Northside Drive","Dry","0000","42.89731782567295,-73.20589418734008"
"1159311","","August 17, 2018, 10:09 AM","Bennington","Dewey Street","MONUMENT ROAD","Property Damage Only","Single Vehicle Crash","Cloudy","Federal Aid Urban System (Class 2 TH's and 3 TH's only)","18BN06170","Bennington PD.","2","1.11","None/Other","Day","Monument Avenue","None","None","","VT0020100","Not at a Junction","None","Dewey Street","Dry","U1034","42.867202358711104,-73.20946767894874"
"1160703","","August 20, 2018, 1:23 PM","Bennington","301 Weeks Street","WEEKS ST.","Property Damage Only","Same Direction Sideswipe","Clear","Federal Aid Urban System (Class 2 TH's and 3 TH's only)","18BN06249","Bennington PD.","2","0.17","None/Other","Day","Union Street","None","None","","VT0020100","Not at a Junction","Work zone (construction / maintenance / utility)","301 Weeks Street","Other - Explain in Narrative","U1060","42.87459084656232,-73.2006626311565"
"1206650","","August 21, 2018, 10:10 AM","Bennington","325 North Street","US-7","Property Damage Only","Rear End","Clear","State Highway numbered route, Class 1 TH","18BN06279","Bennington PD.","11","3.53","None/Other","Day","Depot Street","None","None","","VT0020100","Not at a Junction","None","325 North Street","Dry","0070","42.88576646340609,-73.19836134134476"
"1334088","","August 21, 2018, 5:13 PM","Bennington","10 Kocher Drive","Unknown","Property Damage Only","Opp Direction Sideswipe","Clear","Other Public Roadway (Rest Areas, Shopping Center - anything open to public)","18BN06296","Bennington PD.","9","999.99","None/Other","Day","Aldi's","None","None","","VT0020100","Parking Lot","None","10 Kocher Drive","Dry","0000","42.89536793091972,-73.20092561644297"
"1171311","","August 22, 2018, 4:55 PM","Bennington","165 Main Street","VT-9","Property Damage Only","Rear End","Clear","State Highway numbered route, Class 1 TH","18BN06321","Bennington PD.","11","4.08","None/Other","Day","Dewey Street","Alcohol","None","","VT0020100","Not at a Junction","None","165 Main Street","Dry","0090","42.88067530519802,-73.20238282015072"
"1173891","","August 24, 2018, 5:01 PM","Bennington","424 Dewey Street","DEWEY ST.","Property Damage Only","Rear End","Clear","Federal Aid Urban System (Class 2 TH's and 3 TH's only)","18BN06377","Bennington PD.","2","0.02","None/Other","Day","Monument Avenue","None","None","","VT0020100","T - Intersection","None","424 Dewey Street","Dry","U1020","42.86736989563691,-73.20917020050283"
"1334201","","August 24, 2018, 5:22 PM","Bennington","110 Northside Drive","Unknown","Injury","Other - Explain in Narrative","Clear","Other Public Roadway (Rest Areas, Shopping Center - anything open to public)","18BN06381","Bennington PD.","9","999.99","None/Other","Day","Shell Station","None","Bicycle","","VT0020100","Other - Explain in Narrative","None","110 Northside Drive","Dry","0000","42.89534756963763,-73.20424334359475"
"1174743","","August 24, 2018, 8:55 PM","Bennington","Route 7 South","US-7","Property Damage Only","Single Vehicle Crash","Clear","State Highway numbered route, State owned","18BN06396","Bennington PD.","10","2.14","None/Other","Night","Park Lawn Cemetary","None","None","","VT0020100","Not at a Junction","None","Route 7 South","Dry","0070","42.86661463726151,-73.19657554846906"
"1335093","","August 25, 2018, 4:33 PM","Bennington","192 Fairview Street","Unknown","Injury","Single Vehicle Crash","Clear","Street or Town Highways in FA Urban Area","18BN06413","Bennington PD.","5","999.99","None/Other","Day","","None","None","","VT0020100","Not at a Junction","None","192 Fairview Street","Dry","0000","42.89004020106139,-73.22099168236173"
"1176663","","August 26, 2018, 12:46 PM","Bennington","Harwood HIll","VT-7A","Property Damage Only","Other - Explain in Narrative","Clear","State Highway numbered route, State owned","18BN06424","Bennington PD.","10","1.59","None/Other","Day","Orchard Road","None","None","","VT0020100","Not at a Junction","None","Harwood HIll","Dry","0071","42.91237621672278,-73.21128709294594"
"1335100","","August 26, 2018, 8:50 PM","Bennington","1216 Murphy Road","TOWN ROAD 0019","Injury","Single Vehicle Crash","Clear","City, Village or Urban Compact Street not in FA Urban Area (Class 2 and 3 Non-Federal Aid)","18BN06436","Bennington PD.","6","999.99","None/Other","Night","","Alcohol","None","","VT0020100","Not at a Junction","None","1216 Murphy Road","Dry","T0019","42.90999493731454,-73.25352991583159"
"1334763","","August 27, 2018, 10:06 AM","Bennington","3 Royal STreet","Unknown","Property Damage Only","Other - Explain in Narrative","Clear","Street or Town Highways in FA Urban Area","18BN06452","Bennington PD.","5","999.99","None/Other","Day","North Bennington, VT","None","Heavy Truck","","VT0020100","Not at a Junction","None","3 Royal STreet","Dry","0000","42.91396344870615,-73.24409903973078"
"1175822","","August 27, 2018, 11:27 AM","Bennington","Elm Street","ELM ST.","Property Damage Only","Other - Explain in Narrative","Clear","Federal Aid Urban System (Class 2 TH's and 3 TH's only)","18BN06455","Bennington PD.","2","0.6","None/Other","Day","Post Officer","None","None","","VT0020100","Not at a Junction","None","Elm Street","Dry","U1022","42.87676805511681,-73.19835304940024"
"1334695","","August 29, 2018, 11:27 AM","Bennington","1195 Murphy Road, North Bennington","TOWN ROAD 0019","Injury","Single Vehicle Crash","Cloudy","City, Village or Urban Compact Street not in FA Urban Area (Class 2 and 3 Non-Federal Aid)","18BN06502","Bennington PD.","6","999.99","None/Other","Day","","None","Motorcycle","","VT0020100","Not at a Junction","Work zone (construction / maintenance / utility)","1195 Murphy Road, North Bennington","Dry","T0019","42.909764371503954,-73.25300051917274"
"1334526","","August 29, 2018, 10:12 PM","Bennington","210 Grove Street","Unknown","Property Damage Only","Other - Explain in Narrative","Clear","Street or Town Highways in FA Urban Area","18BN06525","Bennington PD.","5","999.99","None/Other","Night","","None","None","","VT0020100","Not at a Junction","None","210 Grove Street","Dry","0000","42.882215010674486,-73.1862468800587"
"1334893","","August 31, 2018, 12:55 PM","Bennington","210 Northside Drive","Unknown","Property Damage Only","Other - Explain in Narrative","Clear","Other Public Roadway (Rest Areas, Shopping Center - anything open to public)","18BN06572","Bennington PD.","9","999.99","None/Other","Day","Walmart Parking Lot","None","None","","VT0020100","Parking Lot","None","210 Northside Drive","Dry","0000","42.898144622231705,-73.21048285188556"
"1193028","","September 2, 2018, 11:23 AM","Bennington","247 Depot Street","DEPOT ST.","Injury","No Turns, Thru moves only, Broadside ^<","Clear","Federal Aid Urban System (Class 2 TH's and 3 TH's only)","18BN06630","Bennington PD.","2","0.34","None/Other","Day","County Street","None","None","","VT0020100","Four-way Intersection","None","247 Depot Street","Dry","U1018","42.884159333457966,-73.19859887155164"
"1206137","","September 5, 2018, 8:26 AM","Bennington","832 West Road","VT-9","Injury","Left Turn and Thru, Broadside v<--","Clear","State Highway numbered route, State owned","18BN06713","Bennington PD.","10","2.63","None/Other","Day","Gypsy Lane","None","None","","VT0020100","Driveway","None","832 West Road","Dry","0090","42.882001590235575,-73.22773392648583"
"1208307","","September 5, 2018, 1:39 PM","Bennington","200 Depot Street","DEPOT ST.","Property Damage Only","Rear End","Clear","Federal Aid Urban System (Class 2 TH's and 3 TH's only)","18BN06727","Bennington PD.","2","0.2","None/Other","Day","J.C. Tavern","None","None","","VT0020100","Four-way Intersection","None","200 Depot Street","Dry","U1018","42.8821827694419,-73.19870624534146"
"1210613","","September 7, 2018, 3:22 PM","Bennington","Route 7 A","VT-7A","Property Damage Only","Other - Explain in Narrative","Clear","State Highway numbered route, State owned","18BN06795","Bennington PD.","10","2.31","None/Other","Day","Sunset Playland","None","None","","VT0020100","T - Intersection","None","Route 7 A","Dry","0071","42.922721625623566,-73.21029685792799"
"1209299","","September 7, 2018, 3:56 PM","Bennington","111 Northside Drive","VT-7A","Injury","Other - Explain in Narrative","Clear","State Highway numbered route, State owned","18BN06799","Bennington PD.","10","0.24","None/Other","Day","From Hicks Avenue","None","None","","VT0020100","Not at a Junction","None","111 Northside Drive","Dry","0071","42.89575485693994,-73.20413253775764"
"1209995","","September 7, 2018, 6:32 PM","Bennington","230 School Street","SCHOOL ST.","Injury","Single Vehicle Crash","Cloudy","Federal Aid Urban System (Class 2 TH's and 3 TH's only)","18BN06806","Bennington PD.","2","0.19","None/Other","Day","Bennington Elementary","None","None","","VT0020100","Not at a Junction","Other - Explain in Narrative","230 School Street","Dry","U1046","42.88082511582032,-73.1948758758359"
"1334160","","September 8, 2018, 11:46 AM","Bennington","108 Elm Street","ELM ST","Property Damage Only","Single Vehicle Crash","Clear","Other Public Roadway (Rest Areas, Shopping Center - anything open to public)","18BN06822","Bennington PD.","9","999.99","None/Other","Day","Post Officer Lot/Lawn","None","None","","VT0020100","Parking Lot","None","108 Elm Street","Dry","0000","42.87660942202086,-73.19772678047768"
"1334223","","September 9, 2018, 4:20 PM","Bennington","100 Northside Drive","Unknown","Property Damage Only","Rear-to-rear","Clear","Other Public Roadway (Rest Areas, Shopping Center - anything open to public)","18BN06851","Bennington PD.","9","999.99","None/Other","Day","Benmont Avenue","None","None","","VT0020100","Parking Lot","None","100 Northside Drive","Dry","0000","42.894148168314985,-73.20312781208132"
"1334933","","September 12, 2018, 11:38 AM","Bennington","Main Street","Unknown","Property Damage Only","Other - Explain in Narrative","Cloudy","Other Public Roadway (Rest Areas, Shopping Center - anything open to public)","18BN06938","Bennington PD.","9","999.99","None/Other","Day","Parking Lot 301 Main Street","None","None","","VT0020100","Parking Lot","None","Main Street","Dry","0000","42.87912285305386,-73.19889343703308"
"1224867","","September 12, 2018, 4:48 PM","Bennington","308 Silver Street","SILVER ST.","Property Damage Only","Other - Explain in Narrative","Clear","Federal Aid Urban System (Class 2 TH's and 3 TH's only)","18BN06948","Bennington PD.","2","0.15","None/Other","Day","Grandview Street","None","None","","VT0020100","Driveway","None","308 Silver Street","Dry","U1048","42.874571009137725,-73.19441759190795"
"1333708","","September 12, 2018, 6:33 PM","Bennington","201 Benmont Avenue","Unknown","Property Damage Only","Rear End","Clear","Other Public Roadway (Rest Areas, Shopping Center - anything open to public)","18BN006992","Bennington PD.","9","999.99","None/Other","Day","Benmont Avenue Farm Stand","None","None","","VT0020100","Parking Lot","None","201 Benmont Avenue","Wet","0000","42.883387861685165,-73.2021487271631"
"1333775","","September 15, 2018, 3:26 PM","Bennington","211 Northside Drive","Unknown","Property Damage Only","Other - Explain in Narrative","Clear","Other Public Roadway (Rest Areas, Shopping Center - anything open to public)","18BN07032","Bennington PD.","9","999.99","None/Other","Day","O'Reilly Auto Parts","None","None","","VT0020100","Parking Lot","None","211 Northside Drive","Dry","0000","42.90012763800047,-73.21006482492847"
"1334518","","September 17, 2018, 6:01 PM","Bennington","110 Depot Street","Unknown","Property Damage Only","Other - Explain in Narrative","Clear","Other Public Roadway (Rest Areas, Shopping Center - anything open to public)","18BN07077","Bennington PD.","9","999.99","None/Other","Day","Family Dollar Parking Lot","None","None","","VT0020100","Parking Lot","None","110 Depot Street","Dry","0000","42.88059675427943,-73.19928952749471"
"1227337","","September 17, 2018, 11:10 PM","Bennington","8 Kocher Drive","VT-7A","Property Damage Only","Single Vehicle Crash","Cloudy","State Highway numbered route, State owned","18BN07085","Bennington PD.","10","0.11","None/Other","Night","US Route 7","None","None","","VT0020100","Not at a Junction","None","8 Kocher Drive","Dry","0071","42.89458062477224,-73.20217614409324"
"1242648","","September 20, 2018, 11:33 AM","Bennington","North Bennington Road","VT-67A","Property Damage Only","Other - Explain in Narrative","Cloudy","State Highway numbered route, State owned","18BN07146","Bennington PD.","10","0.32","None/Other","Day","Phyliss Lane","None","None","","VT0020100","Y - Intersection","None","North Bennington Road","Dry","0671","42.903562313004684,-73.216724377423"
"1241989","","September 20, 2018, 4:54 PM","Bennington","500 Main Street","VT-9","Injury","Single Vehicle Crash","Clear","State Highway numbered route, Class 1 TH","18BN07152","Bennington PD.","11","4.51","None/Other","Day","TD Bank","None","Pedestrian","","VT0020100","Not at a Junction","None","500 Main Street","Dry","0090","42.878137197028444,-73.19477818671182"
"1333842","","September 21, 2018, 3:22 PM","Bennington","225 Northside Drive","Unknown","Property Damage Only","Other - Explain in Narrative","Cloudy","Other Public Roadway (Rest Areas, Shopping Center - anything open to public)","18BN07187","Bennington PD.","9","999.99","None/Other","Day","Parking Lot","None","None","","VT0020100","Parking Lot","None","225 Northside Drive","Dry","0000","42.900990725925,-73.21169100367761"
"1334861","","September 21, 2018, 8:40 PM","Bennington","Carpenter Hill Road","TOWN ROAD 0017","Injury","Single Vehicle Crash","Cloudy","City, Village or Urban Compact Street not in FA Urban Area (Class 2 and 3 Non-Federal Aid)","18BN07191","Bennington PD.","6","999.99","None/Other","Night","Apple Orchard","None","None","","VT0020100","Not at a Junction","None","Carpenter Hill Road","Dry","T0017","42.914347698354455,-73.17788334460711"
"1245963","","September 22, 2018, 10:56 AM","Bennington","200 Pleasant Street","PLEASANT ST.","Injury","Single Vehicle Crash","Clear","Federal Aid Urban System (Class 2 TH's and 3 TH's only)","18BN07213","Bennington PD.","2","0.13","None/Other","Day","Heritage Bank","None","Bicycle","","VT0020100","T - Intersection","None","200 Pleasant Street","Dry","U1040","42.879119103759436,-73.19459545887665"
"1245938","","September 23, 2018, 9:21 PM","Bennington","633 Main Street","VT-9","Injury","Rear End","Cloudy","State Highway numbered route, Class 1 TH","18BN07241","Bennington PD.","11","4.71","None/Other","Night","Stewart's Shop","Alcohol","None","","VT0020100","Not at a Junction","None","633 Main Street","Dry","0090","42.878053271853176,-73.1907951378122"
"1244700","","September 24, 2018, 9:18 AM","Bennington","Main Street","VT-9","Property Damage Only","Other - Explain in Narrative","Clear","State Highway numbered route, Class 1 TH","18BN07249","Bennington PD.","11","4.93","None/Other","Day","Morgan Street","None","None","","VT0020100","T - Intersection","Work zone (construction / maintenance / utility)","Main Street","Dry","0090","42.87878742731537,-73.18681901756025"
"1334577","","September 25, 2018, 2:29 PM","Bennington","100 Pleasant Street","Unknown","Property Damage Only","Other - Explain in Narrative","Rain","Other Public Roadway (Rest Areas, Shopping Center - anything open to public)","18BN07280","Bennington PD.","9","999.99","None/Other","Day","Your Bellys Deli","None","None","","VT0020100","Parking Lot","None","100 Pleasant Street","Wet","0000","42.878984300738914,-73.19651728390004"
"1246554","","September 25, 2018, 2:57 PM","Bennington","Main Street","VT-9","Property Damage Only","Same Direction Sideswipe","Cloudy","State Highway numbered route, Class 1 TH","18BN07281","Bennington PD.","11","4.4","None/Other","Day","North Street","None","None","","VT0020100","Not at a Junction","None","Main Street","Wet","0090","42.87835726263376,-73.19707979200608"
"1245931","","September 25, 2018, 6:38 PM","Bennington","1968 US Route 7 South","US-7","Property Damage Only","Other - Explain in Narrative","Rain","State Highway numbered route, State owned","18BN07290","Bennington PD.","10","0.19","None/Other","Day","Red Hot Repair","None","None","","VT0020100","Not at a Junction","None","1968 US Route 7 South","Wet","0070","42.8402743929169,-73.19961759934677"
"1247379","","September 26, 2018, 7:48 AM","Bennington","US Route 7","US-7","Injury","Single Vehicle Crash","Clear","State Highway numbered route, Class 1 TH","18BN07306","Bennington PD.","11","0.9","None/Other","Day","Fuller Road","None","None","","VT0020100","Not at a Junction","None","US Route 7","Dry","0070","42.850202312867914,-73.20287813863291"
"1247297","","September 26, 2018, 5:53 PM","Bennington","1001 Main Street","VT-9","Property Damage Only","Left Turn and Thru, Broadside v<--","Cloudy","State Highway numbered route, Class 1 TH","18BN07321","Bennington PD.","11","5.5","None/Other","Day","Burgess Road","None","None","","VT0020100","Y - Intersection","None","1001 Main Street","Dry","0090","42.87989272518955,-73.17544644679722"
"1246137","","September 26, 2018, 6:07 PM","Bennington","302 Main Street","VT-9","Property Damage Only","Same Direction Sideswipe","Clear","State Highway numbered route, Class 1 TH","18BN07323","Bennington PD.","11","4.3","None/Other","Day","Main Street/Depot Street","None","None","","VT0020100","Not at a Junction","None","302 Main Street","Dry","0090","42.87916263896176,-73.19867542170282"
"1333749","","September 27, 2018, 9:14 PM","Bennington","214 Northside Drive","Unknown","Property Damage Only","Same Direction Sideswipe","Cloudy","Other Public Roadway (Rest Areas, Shopping Center - anything open to public)","18BN07350","Bennington PD.","9","999.99","None/Other","Night","Price Chopper Parking Lot","None","None","","VT0020100","Parking Lot","None","214 Northside Drive","Wet","0000","42.89864582571974,-73.21239867631888"
"1248262","","September 28, 2018, 9:43 AM","Bennington","75 Main Street","VT-9","Property Damage Only","Rear End","Cloudy","State Highway numbered route, Class 1 TH","18BN07361","Bennington PD.","11","3.65","None/Other","Day","Convent A Venue","None","None","","VT0020100","Not at a Junction","None","75 Main Street","Dry","0090","42.88352964380435,-73.20970075336044"
"1334975","","September 28, 2018, 1:05 PM","Bennington","Harlan Road","HARLAN RD","Property Damage Only","Single Vehicle Crash","Cloudy","Street or Town Highways in FA Urban Area","18BN07368","Bennington PD.","5","999.99","None/Other","Day","Mattison Road","Alcohol","None","","VT0020100","T - Intersection","None","Harlan Road","Dry","0000","42.9192826631014,-73.23166996549529"
"1261975","","October 1, 2018, 2:15 PM","Bennington","681 Water Street","VT-67A","Property Damage Only","Rear End","Rain","State Highway numbered route, Class 1 TH","18BN07434","Bennington PD.","11","2.57","None/Other","Day","North Bennington","None","None","","VT0020100","Not at a Junction","Road Surface Condition(wet, icy, snow, slush, etc)","681 Water Street","Wet","0671","42.919712544552524,-73.24670771568123"
"1279277","","October 2, 2018, 12:01 PM","Bennington","East Road","EAST RD","Property Damage Only","Single Vehicle Crash","Cloudy","Federal Aid Secondary System (Class 2 TH)","18BN07457","Bennington PD.","3","0.39","None/Other","Day","Duffy Drive","None","None","","VT0020100","Not at a Junction","None","East Road","Wet","S0173","42.90856612790822,-73.1893793353353"
"1334115","","October 2, 2018, 2:19 PM","Bennington","124 Pleasant Street","PLEASANT ST","Property Damage Only","Other - Explain in Narrative","Rain","Other Public Roadway (Rest Areas, Shopping Center - anything open to public)","18BN07460","Bennington PD.","9","999.99","None/Other","Day","Senior Center Parking Lot","None","None","","VT0020100","Parking Lot","None","124 Pleasant Street","Wet","0000","42.879098195243145,-73.19555159124259"
"1333770","","October 2, 2018, 4:12 PM","Bennington","210 Northside Driv E","Unknown","Property Damage Only","Single Vehicle Crash","Clear","Other Public Roadway (Rest Areas, Shopping Center - anything open to public)","18BN07465","Bennington PD.","9","999.99","None/Other","Day","Walmart Parking Lot","None","None","","VT0020100","Parking Lot","None","210 Northside Driv E","Dry","0000","42.89797002532692,-73.21105631075838"
"1334108","","October 3, 2018, 4:34 PM","Bennington","237 North Street","Unknown","Property Damage Only","Other - Explain in Narrative","Clear","Other Public Roadway (Rest Areas, Shopping Center - anything open to public)","18BN07495","Bennington PD.","9","999.99","None/Other","Day","Parking Lot","None","None","","VT0020100","Parking Lot","None","237 North Street","Dry","0000","42.883655992374536,-73.19656983796128"
"1334793","","October 4, 2018, 9:05 AM","Bennington","336 North Street","Unknown","Property Damage Only","Single Vehicle Crash","Clear","Other Public Roadway (Rest Areas, Shopping Center - anything open to public)","18BN07510","Bennington PD.","9","999.99","None/Other","Day","Bean Roast","None","None","","VT0020100","Parking Lot","None","336 North Street","Dry","0000","42.8863473288755,-73.19956258871441"
"1266063","","October 4, 2018, 11:42 AM","Bennington","Monument Avenue","MONUMENT ROAD","Property Damage Only","Right Turn, Same Direciton, Rear End ^--^--","Clear","Federal Aid Urban System (Class 2 TH's and 3 TH's only)","18BN07517","Bennington PD.","2","1.11","None/Other","Day","Dewey Street","None","Heavy Truck","","VT0020100","T - Intersection","None","Monument Avenue","Dry","U1034","42.867202358711104,-73.20946767894874"
"1265365","","October 4, 2018, 5:06 PM","Bennington","1 Bank Street","VT-67","Property Damage Only","Single Vehicle Crash","Clear","State Highway numbered route, State owned","18BN07533","Bennington PD.","10","0.44","None/Other","Day","North Bennington","None","Heavy Truck","","VT0020100","T - Intersection","None","1 Bank Street","Dry","0670","42.9303796258965,-73.24287108201389"
"1266636","","October 4, 2018, 9:55 PM","Bennington","14 Bank Street","BANK ST. EXT.","Property Damage Only","Single Vehicle Crash","Cloudy","Federal Aid Urban System (Class 2 TH's and 3 TH's only)","18BN07546","Bennington PD.","2","0.2","None/Other","Night","Convent Avenue/Bank Street","None","Heavy Truck","","VT0020100","T - Intersection","None","14 Bank Street","Dry","U1004","42.89258968501154,-73.20563224881002"