"ObjectID","Mapped","Crash Date","City/Town","Address","AOT Route","Crash Type","Collision Direction","Weather","Road Group","Report Number","Reporting Agency","Road Group ID","AOT Actual Milepoint","Animal","Time of Day","Intersection With","Impairment","Involving","Non Reportable Address","Reporting Agency ID","Road Characteristics","Road Condition","Street Address","Surface Condition","AOT Route ID","Coordinates"
"1278316","","October 5, 2018, 9:16 PM","Bennington","Vermont Route 279","VT-279","Property Damage Only","Opp Direction Sideswipe","Clear","State Highway numbered route, State owned","18BN07573","Bennington PD.","10","1.86","None/Other","Night","Austin Hill Overpass","None","None","","VT0020100","Not at a Junction","None","Vermont Route 279","Dry","2790","42.90605630691813,-73.24454909093096"
"1279230","","October 5, 2018, 10:32 PM","Bennington","636 Main Street","VT-9","Property Damage Only","Rear End","Clear","State Highway numbered route, State owned","18BN07574","Bennington PD.","10","4.71","None/Other","Night","Stewarts","None","None","","VT0020100","Not at a Junction","None","636 Main Street","Dry","0090","42.878053271853176,-73.1907951378122"
"1334702","","October 6, 2018, 2:43 AM","Bennington","480 Austin Hill Road","TOWN ROAD 0023","Property Damage Only","Single Vehicle Crash","Clear","City, Village or Urban Compact Street not in FA Urban Area (Class 2 and 3 Non-Federal Aid)","18BN07581","Bennington PD.","6","999.99","None/Other","Night","Driveway Of 480","None","None","","VT0020100","Not at a Junction","None","480 Austin Hill Road","Dry","T0023","42.90422822103662,-73.24474113917239"
"1285426","","October 10, 2018, 3:52 PM","Bennington","210 Northside Drive","VT-7A","Property Damage Only","Other - Explain in Narrative","Clear","State Highway numbered route, State owned","18BN07696","Bennington PD.","10","0.64","None/Other","Day","Walmart","None","Heavy Truck","","VT0020100","Traffic circle / roundabout","None","210 Northside Drive","Dry","0071","42.89950063415321,-73.20995651187944"
"1294108","","October 11, 2018, 2:54 PM","Bennington","213 Washington Avenue","WASHINGTON ST.","Injury","Other - Explain in Narrative","Rain","Federal Aid Urban System (Class 2 TH's and 3 TH's only)","18BN07715","Bennington PD.","2","0.08","None/Other","Day","House #213","None","None","","VT0020100","Not at a Junction","Road Surface Condition(wet, icy, snow, slush, etc)","213 Washington Avenue","Wet","U1058","42.87572525872212,-73.20060042394505"
"1293403","","October 11, 2018, 5:37 PM","Bennington","Main Street","VT-9","Injury","No Turns, Thru moves only, Broadside ^<","Cloudy","State Highway numbered route, Class 1 TH","18BN07719","Bennington PD.","11","4.81","None/Other","Day","Union Street","None","None","","VT0020100","Four-way Intersection","None","Main Street","Wet","0090","42.87835320911883,-73.18897672194363"
"1293234","","October 12, 2018, 9:37 AM","Bennington","100 Depot Street","DEPOT ST.","Property Damage Only","No Turns, Thru moves only, Broadside ^<","Clear","Federal Aid Urban System (Class 2 TH's and 3 TH's only)","18BN07734","Bennington PD.","2","0.03","None/Other","Day","County Street","None","None","","VT0020100","Four-way Intersection","None","100 Depot Street","Dry","U1018","42.87979132474539,-73.19890320428661"
"1293120","","October 12, 2018, 10:09 AM","Bennington","US Route 7","US-7","Property Damage Only","Opp Direction Sideswipe","Cloudy","State Highway numbered route, State owned","18BN07735","Bennington PD.","10","0.78","None/Other","Day","Fuller Road","None","None","","VT0020100","Not at a Junction","None","US Route 7","Dry","0070","42.848509737544866,-73.2023246057508"
"1294315","","October 12, 2018, 4:10 PM","Bennington","121 North Bennington Road","VT-67A","Property Damage Only","Other - Explain in Narrative","Clear","State Highway numbered route, State owned","18BN07746","Bennington PD.","10","0.64","None/Other","Day","Cinema 7","None","None","","VT0020100","Four-way Intersection","None","121 North Bennington Road","Dry","0671","42.90766595581017,-73.21998115471195"
"1334402","","October 12, 2018, 7:50 PM","Bennington","655 Gage Street","Unknown","Property Damage Only","Other - Explain in Narrative","Clear","Other Public Roadway (Rest Areas, Shopping Center - anything open to public)","18BN07754","Bennington PD.","9","999.99","None/Other","Night","Recreational Center","None","None","","VT0020100","Parking Lot","None","655 Gage Street","Dry","0000","42.88060501566681,-73.18602094834355"
"1333730","","October 13, 2018, 12:18 PM","Bennington","604 US Route 7 South","Unknown","Property Damage Only","Other - Explain in Narrative","Rain","Other Public Roadway (Rest Areas, Shopping Center - anything open to public)","18BN07775","Bennington PD.","9","999.99","None/Other","Day","Apple Barn Lot","None","None","","VT0020100","Parking Lot","None","604 US Route 7 South","Wet","0000","42.858784498734146,-73.20084204313336"
"1294600","","October 14, 2018, 12:55 AM","Bennington","Orchard Road","ORCHARD RD.","Property Damage Only","Single Vehicle Crash","Clear","Federal Aid Urban System (Class 2 TH's and 3 TH's only)","18BN07764","Bennington PD.","2","0.11","Wild","Night","BROC Building","None","None","","VT0020100","Not at a Junction","None","Orchard Road","Dry","U1037","42.90088124959412,-73.20218863965422"
"1295332","","October 14, 2018, 7:43 PM","Bennington","276 Water Street","VT-67A","Property Damage Only","Single Vehicle Crash","Clear","State Highway numbered route, State owned","18BN07803","Bennington PD.","10","2.95","Deer","Night","National Hanger","None","None","","VT0020100","","","276 Water Street","","0671","42.925032209857385,-73.2446557699211"
"1295106","","October 15, 2018, 10:54 AM","Bennington","South Street","US-7","Property Damage Only","Other - Explain in Narrative","Cloudy","State Highway numbered route, Class 1 TH","18BN07813","Bennington PD.","11","2.85","None/Other","Day","Hill Side Street","None","None","","VT0020100","T - Intersection","None","South Street","Wet","0070","42.876665712147805,-73.19722211808033"
"1295920","","October 15, 2018, 3:18 PM","Bennington","400 Park Street","PARK ST.","Property Damage Only","Rear End","Clear","Federal Aid Urban System (Class 2 TH's and 3 TH's only)","18BN07817","Bennington PD.","2","0.42","None/Other","Day","","None","None","","VT0020100","Not at a Junction","None","400 Park Street","Dry","U1038","42.89040279092742,-73.19252753574024"
"1295165","","October 15, 2018, 6:42 PM","Bennington","227 North Street","US-7","Property Damage Only","Same Direction Sideswipe","Cloudy","State Highway numbered route, Class 1 TH","18BN07821","Bennington PD.","11","3.29","None/Other","Day","Subway","None","Heavy Truck","","VT0020100","T - Intersection","None","227 North Street","Dry","0070","42.883035998241326,-73.19692585469102"
"1333884","","October 16, 2018, 2:46 PM","Bennington","636 Main Street","MAIN ST","Property Damage Only","Other - Explain in Narrative","Clear","Other Public Roadway (Rest Areas, Shopping Center - anything open to public)","18BN07835","Bennington PD.","9","999.99","None/Other","Day","Stewarts Parking Lot","None","Heavy Truck","","VT0020100","Parking Lot","None","636 Main Street","Dry","0000","42.8781372429916,-73.19071824353486"
"1334412","","October 16, 2018, 3:26 PM","Bennington","262 Main Street","Unknown","Property Damage Only","Other - Explain in Narrative","Clear","Other Public Roadway (Rest Areas, Shopping Center - anything open to public)","18BN07837","Bennington PD.","9","999.99","None/Other","Day","Dollar General Lot","None","None","","VT0020100","Parking Lot","Road Surface Condition(wet, icy, snow, slush, etc)","262 Main Street","Dry","0000","42.87996314611372,-73.19985766812432"
"1335115","","October 17, 2018, 12:12 PM","Bennington","160 Benmont Avenue","Unknown","Property Damage Only","Rear-to-rear","Clear","Other Public Roadway (Rest Areas, Shopping Center - anything open to public)","18BN07859","Bennington PD.","9","999.99","None/Other","Day","Parking Lot","None","None","","VT0020100","Parking Lot","None","160 Benmont Avenue","Dry","0000","42.88454805559731,-73.20232102137201"
"1334681","","October 17, 2018, 6:47 PM","Bennington","262 Main Street","Unknown","Property Damage Only","Other - Explain in Narrative","Cloudy","Other Public Roadway (Rest Areas, Shopping Center - anything open to public)","18BN07867","Bennington PD.","9","999.99","None/Other","Day","Dollar General Parking Lot","None","None","","VT0020100","Parking Lot","None","262 Main Street","Wet","0000","42.8800702641059,-73.20000576321176"
"1335117","","October 17, 2018, 8:44 PM","Bennington","132 Northside Drive","Unknown","Property Damage Only","Rear-to-rear","Clear","Other Public Roadway (Rest Areas, Shopping Center - anything open to public)","18BN07869","Bennington PD.","9","999.99","None/Other","Night","Fuji Restaurant","None","None","","VT0020100","Parking Lot","None","132 Northside Drive","Dry","0000","42.898006619262034,-73.20805697296905"
"1310874","","October 18, 2018, 9:00 AM","Bennington","Vermont Route 67","VT-67","Injury","Rear End","Clear","State Highway numbered route, State owned","18BN07872","Bennington PD.","10","0.14","None/Other","Day","Homestead Mews","None","None","","VT0020100","Not at a Junction","None","Vermont Route 67","Dry","0670","42.9324074183954,-73.2475092390248"
"1334287","","October 19, 2018, 12:11 PM","Bennington","120 Northside Drive","Unknown","Property Damage Only","Rear-to-rear","Clear","Other Public Roadway (Rest Areas, Shopping Center - anything open to public)","18BN07907","Bennington PD.","9","999.99","None/Other","Day","","None","None","","VT0020100","Parking Lot","None","120 Northside Drive","Dry","0000","42.89655143252997,-73.20609358694436"
"1311961","","October 19, 2018, 1:48 PM","Bennington","Weeks Street","WEEKS ST.","Property Damage Only","No Turns, Thru moves only, Broadside ^<","Clear","Federal Aid Urban System (Class 2 TH's and 3 TH's only)","18BN07913","Bennington PD.","2","0.08","None/Other","Day","Putman Street","None","None","","VT0020100","Four-way Intersection","None","Weeks Street","Dry","U1060","42.87467323096385,-73.20244573700568"
"1312056","","October 20, 2018, 2:07 PM","Bennington","194 North Street","US-7","Property Damage Only","No Turns, Thru moves only, Broadside ^<","Clear","State Highway numbered route, Class 1 TH","18BN07946","Bennington PD.","11","0.15","None/Other","Day","Rite Aid","None","None","","VT0020100","Driveway","None","194 North Street","Dry","0070","42.83974095002485,-73.19930685245707"
"1314039","","October 22, 2018, 11:05 AM","Bennington","132 Northside Drive","VT-7A","Injury","Other - Explain in Narrative","Clear","State Highway numbered route, State owned","18BN07990","Bennington PD.","10","0.49","None/Other","Day","In Front Of The Fuji Bistro","None","None","","VT0020100","Not at a Junction","None","132 Northside Drive","Dry","0071","42.89811705448682,-73.20781497258646"
"1334284","","October 22, 2018, 5:52 PM","Bennington","85 Silk Road","TOWN ROAD 0026","Injury","No Turns, Thru moves only, Broadside ^<","Cloudy","City, Village or Urban Compact Street not in FA Urban Area (Class 2 and 3 Non-Federal Aid)","18BN08006","Bennington PD.","6","999.99","None/Other","Day","","None","None","","VT0020100","Four-way Intersection","None","85 Silk Road","Dry","T0026","42.89405392763066,-73.22544596429404"
"1314286","","October 24, 2018, 11:27 AM","Bennington","US 7 Exit 2 Ramp","US-7","Injury","Single Vehicle Crash","Rain","Ramp or Spur","18BN08047","Bennington PD.","7","0.35","None/Other","Day","Route 7 A","None","Heavy Truck","","VT0020100","Off Ramp","None","US 7 Exit 2 Ramp","Wet","0070","42.92250162663566,-73.20343832712514"
"1315088","","October 25, 2018, 4:20 PM","Bennington","300 South Street","US-7","Property Damage Only","Rear End","Clear","State Highway numbered route, Class 1 TH","18BN08082","Bennington PD.","11","2.84","None/Other","Day","Verizon","None","None","","VT0020100","Four-way Intersection","None","300 South Street","Dry","0070","42.876521477918224,-73.19723465397412"
"1334442","","October 25, 2018, 4:35 PM","Bennington","63 Gore Road","Unknown","Property Damage Only","Single Vehicle Crash","Clear","Other Public Roadway (Rest Areas, Shopping Center - anything open to public)","18BN08083","Bennington PD.","9","999.99","None/Other","Day","Bennington Rural Fire","None","None","","VT0020100","Parking Lot","None","63 Gore Road","Dry","0000","42.870869408417626,-73.17618346438384"
"1315628","","October 25, 2018, 5:56 PM","Bennington","140 North Street","US-7","Injury","Rear End","Clear","State Highway numbered route, Class 1 TH","18BN08087","Bennington PD.","11","3.04","None/Other","Day","J J Young","None","None","","VT0020100","Not at a Junction","None","140 North Street","Dry","0070","42.879408957698715,-73.19705464849197"
"1315720","","October 26, 2018, 1:53 PM","Bennington","260 Orchard Road","ORCHARD RD.","Injury","Rear End","Cloudy","Federal Aid Urban System (Class 2 TH's and 3 TH's only)","18BN08103","Bennington PD.","2","0.01","None/Other","Day","Firehouse","None","None","","VT0020100","Not at a Junction","None","260 Orchard Road","Dry","U1037","42.89952592888619,-73.20261622826472"
"1333715","","October 28, 2018, 12:47 PM","Bennington","Crossover Road","TOWN ROAD 0015","Property Damage Only","Single Vehicle Crash","Clear","City, Village or Urban Compact Street not in FA Urban Area (Class 2 and 3 Non-Federal Aid)","18BN08156","Bennington PD.","6","999.99","None/Other","Day","Chapel Road","None","None","","VT0020100","T - Intersection","None","Crossover Road","Dry","T0015","42.920072311359164,-73.1795016323794"
"1331523","","October 29, 2018, 11:01 AM","Bennington","Harwood Hill","VT-7A","Property Damage Only","Opp Direction Sideswipe","Rain","State Highway numbered route, State owned","18BN08177","Bennington PD.","10","0.25","None/Other","Day","Orchrad Rad","None","None","","VT0020100","Not at a Junction","Road Surface Condition(wet, icy, snow, slush, etc)","Harwood Hill","Wet","0071","42.89585018608487,-73.20427885309452"
"1334605","","October 29, 2018, 1:07 PM","Bennington","1 College Road","BENNINGTON COLLEGE RD","Property Damage Only","Single Vehicle Crash","Rain","Street or Town Highways in FA Urban Area","18BN08179","Bennington PD.","5","999.99","None/Other","Day","North Bennington Road","None","None","","VT0020100","Not at a Junction","None","1 College Road","Wet","0000","42.91250623941347,-73.22569909659897"
"1332115","","October 29, 2018, 7:30 PM","Bennington","US Route 7","US-7","Property Damage Only","Single Vehicle Crash","Cloudy","State Highway numbered route, State owned","18BN08188","Bennington PD.","10","7.21","Deer","Night","Exit 2","None","None","","VT0020100","Not at a Junction","None","US Route 7","Dry","0070","42.92971732721575,-73.1931007384824"
"1333826","","October 31, 2018, 7:51 AM","Bennington","Vermont Route 9","VT-9","Property Damage Only","Single Vehicle Crash","Cloudy","State Highway numbered route, State owned","18BN08222","Bennington PD.","10","2.61","Deer","Night","Gypsy Lane","None","None","","VT0020100","T - Intersection","None","Vermont Route 9","Dry","0090","42.881962042514694,-73.22812431594656"
"1334758","","October 31, 2018, 8:06 AM","Bennington","Washington Avenue","WASHINGTON ST.","Property Damage Only","Left Turn and Thru, Angle Broadside -->v--","Cloudy","Federal Aid Urban System (Class 2 TH's and 3 TH's only)","18BN08223","Bennington PD.","2","0.34","None/Other","Day","Main Street","None","None","","VT0020100","Other - Explain in Narrative","None","Washington Avenue","Wet","U1058","42.87926713368151,-73.19914745853865"
"1333893","","November 1, 2018, 1:05 PM","Bennington","11 Prospect Street","Unknown","Property Damage Only","Other - Explain in Narrative","","Street or Town Highways in FA Urban Area","18BN08252","Bennington PD.","5","999.99","None/Other","Day","Also Near Mechanic Street","None","None","","VT0020100","Not at a Junction","None","11 Prospect Street","Dry","0000","42.92813451398135,-73.24099888356696"
"1334982","","November 2, 2018, 10:24 AM","Bennington","Northside Drive","NORTHSIDE DR","Property Damage Only","Rear End","Rain","","18BN08278","Bennington PD.","","","None/Other","Day","American Legion","None","None","","VT0020100","Not at a Junction","None","Northside Drive","Wet","","42.90090644029961,-73.21221654706301"
"1334764","","November 2, 2018, 8:19 PM","Bennington","210 Northside Drive","","Property Damage Only","Rear-to-rear","Clear","","18BN08294","Bennington PD.","","","None/Other","Night","Walmart","None","None","","VT0020100","Parking Lot","None","210 Northside Drive","Wet","","42.89834333416274,-73.21037493758837"
"1334145","","November 3, 2018, 6:52 PM","Bennington","205 North Street","","Property Damage Only","No Turns, Thru moves only, Broadside ^<","Clear","","18BN08319","Bennington PD.","","","None/Other","Day","River Street","None","None","","VT0020100","T - Intersection","None","205 North Street","Dry","","42.88193606800965,-73.19666065487345"
"1334455","","November 4, 2018, 2:58 PM","Bennington","155 NOrth Street","Unknown","Property Damage Only","Other - Explain in Narrative","Clear","Other Public Roadway (Rest Areas, Shopping Center - anything open to public)","18BN08335","Bennington PD.","9","999.99","None/Other","Day","Bank Of Bennington","None","None","","VT0020100","Parking Lot","None","155 NOrth Street","Dry","0000","42.88024351952517,-73.196690573413"
"1334495","","November 6, 2018, 2:30 PM","Bennington","Off Ramp Exit 1","US RTE 7","Property Damage Only","Single Vehicle Crash","Cloudy","","18BN08393","Bennington PD.","","","None/Other","Day","","None","None","","VT0020100","Off Ramp","","Off Ramp Exit 1","Wet","","42.90566220507261,-73.21032427237752"
"1333846","","November 7, 2018, 12:11 AM","Bennington","325 NOrth Street","","Property Damage Only","Single Vehicle Crash","Clear","","18BN08397","Bennington PD.","","","None/Other","Night","Vermont Veterans Home","None","None","","VT0020100","Parking Lot","None","325 NOrth Street","Dry","","42.887271850502366,-73.19556997091615"
"1334227","","November 7, 2018, 7:35 PM","Bennington","318 North Street","","Property Damage Only","Left Turn and Thru, Angle Broadside -->v--","Clear","","18BN08425","Bennington PD.","","","None/Other","Night","Depot Street","None","None","","VT0020100","T - Intersection","None","318 North Street","Dry","","42.88527777825467,-73.19781222471772"
"1334743","","November 8, 2018, 7:25 PM","Bennington","US Route 7","US RTE 7","Property Damage Only","Single Vehicle Crash","Clear","","18BN08452","Bennington PD.","","","Deer","Night","Houghton Lane Overpass","None","None","","VT0020100","Not at a Junction","None","US Route 7","Dry","","42.912201474823625,-73.20824394505316"
"1334346","","November 9, 2018, 12:39 PM","Bennington","519 Main Street","","Property Damage Only","Other - Explain in Narrative","Rain","","18BN08471","Bennington PD.","","","None/Other","Day","Ramunto's Lot","None","None","","VT0020100","Parking Lot","None","519 Main Street","Wet","","42.877799437468646,-73.1929911004366"
"1334044","","November 9, 2018, 4:43 PM","Bennington","251 Elm Street","ELM ST","Injury","No Turns, Thru moves only, Broadside ^<","Rain","","18BN08480","Bennington PD.","","","None/Other","Day","Dewey Street","None","None","","VT0020100","Four-way Intersection","None","251 Elm Street","Wet","","42.87750338764534,-73.20315910988374"
"1333981","","November 9, 2018, 5:19 PM","Bennington","Elm Street","ELM ST","Injury","No Turns, Thru moves only, Broadside ^<","Rain","","18BN08482","Bennington PD.","","","None/Other","Day","Washington Avenue","None","None","","VT0020100","Four-way Intersection","Other - Explain in Narrative","Elm Street","Wet","","42.877106580964686,-73.20033945501606"
"1335049","","November 10, 2018, 12:35 PM","Bennington","51 Hannaford Square","N BENNINGTON RD","Property Damage Only","Rear End","Clear","","18BN08505","Bennington PD.","","","None/Other","Day","Hannaford","None","None","","VT0020100","Four-way Intersection","None","51 Hannaford Square","Dry","","42.90828160449957,-73.22043276186265"
"1333753","","November 11, 2018, 8:48 PM","Bennington","US Route 7","US RTE 7","Injury","Rear End","Clear","","18BN08536","Bennington PD.","","","None/Other","Night","Vermont Route 7A","None","None","","VT0020100","Off Ramp","Other - Explain in Narrative","US Route 7","Dry","","42.89432849927597,-73.20014252364695"
"1335048","","November 12, 2018, 2:41 AM","Bennington","Vermont Route 9","","Property Damage Only","Single Vehicle Crash","Clear","","18BN08537","Bennington PD.","","","Deer","Night","Ronnie's Cycle","None","None","","VT0020100","Not at a Junction","None","Vermont Route 9","Dry","","42.87748762935292,-73.2618979633792"
"1333682","","November 14, 2018, 10:56 AM","Bennington","Dewey Street","DEWEY ST","Property Damage Only","Right Turn and Thru, Same Direction Sideswipe/Angle Crash ^^--","Cloudy","","18BN08612","Bennington PD.","","","None/Other","Day","Grant Street","None","None","","VT0020100","T - Intersection","None","Dewey Street","Dry","","42.87908177563659,-73.202662945772"
"1334581","","November 14, 2018, 3:19 PM","Bennington","West Road","","Property Damage Only","Same Direction Sideswipe","Clear","","18BN08617","Bennington PD.","","","None/Other","Day","Gypsy Lane","None","None","","VT0020100","Not at a Junction","None","West Road","Dry","","42.87431186102327,-73.26834567702305"
"1333782","","November 15, 2018, 4:46 PM","Bennington","1075 Orebed Road","OREBED RD","Property Damage Only","Single Vehicle Crash","Clear","","18BN08655","Bennington PD.","","","Deer","Day","River Road","None","None","","VT0020100","Not at a Junction","None","1075 Orebed Road","Dry","","42.90265372577937,-73.27179548598023"
"1334940","","November 15, 2018, 5:41 PM","Bennington","US Route 7","US RTE 7","Property Damage Only","Rear End","Clear","","18BN08662","Bennington PD.","","","None/Other","Day","MM1512","None","None","","VT0020100","Not at a Junction","None","US Route 7","Dry","","42.92978433887676,-73.19318161772318"
"1334202","","November 15, 2018, 8:23 PM","Bennington","North Branch Street","NORTH BRANCH ST","Property Damage Only","Single Vehicle Crash","Freezing Precipitation","","18BN08666","Bennington PD.","","","None/Other","Night","#425","None","None","","VT0020100","Not at a Junction","Road Surface Condition(wet, icy, snow, slush, etc)","North Branch Street","Snow","","42.88986355007346,-73.18073693576811"
"1333952","","November 15, 2018, 8:37 PM","Bennington","406 South Street","SOUTH ST","Property Damage Only","Other - Explain in Narrative","Freezing Precipitation","","18BN08667","Bennington PD.","","","None/Other","Night","Weeks Street","None","None","","VT0020100","Not at a Junction","Road Surface Condition(wet, icy, snow, slush, etc)","406 South Street","Snow","","42.87417281758975,-73.19724647924372"
"1333830","","November 15, 2018, 9:32 PM","Bennington","Beech Street","S BRANCH ST","Property Damage Only","Single Vehicle Crash","Freezing Precipitation","","18BN08669","Bennington PD.","","","None/Other","Night","South Branch Street","Alcohol","None","","VT0020100","Not at a Junction","Road Surface Condition(wet, icy, snow, slush, etc)","Beech Street","Snow","","42.87494465567613,-73.18118489631374"
"1334056","","November 15, 2018, 9:32 PM","Bennington","8 Kocher Drive","KOCHER DR","Property Damage Only","Same Direction Sideswipe","Freezing Precipitation","","18BN08670","Bennington PD.","","","None/Other","Night","Route 7 Intersection","None","None","","VT0020100","Four-way Intersection","Road Surface Condition(wet, icy, snow, slush, etc)","8 Kocher Drive","Snow","","42.89422040874087,-73.20015354401116"
"1334545","","November 16, 2018, 8:49 PM","Bennington","Route 7 South","","Property Damage Only","Single Vehicle Crash","Cloudy","","18BN08711","Bennington PD.","","","Deer","Night","Houghton Lane Overpass","None","None","","VT0020100","Not at a Junction","None","Route 7 South","Wet","","42.866839924100645,-73.21705028383394"
"1334714","","November 17, 2018, 7:44 PM","Bennington","700 East Road","EAST RD","Property Damage Only","Single Vehicle Crash","Cloudy","","18BN08739","Bennington PD.","","","Deer","Night","Mount Anthony Union Middle School","None","None","","VT0020100","Not at a Junction","None","700 East Road","Dry","","42.90251291654051,-73.19097805824264"
"1334119","","November 19, 2018, 9:17 PM","Bennington","Kocher Drive","KOCHER DR","Property Damage Only","Right Turn and Thru, Same Direction Sideswipe/Angle Crash ^^--","Freezing Precipitation","","18BN08808","Bennington PD.","","","None/Other","Night","US Route 7","None","None","","VT0020100","Four-way Intersection","None","Kocher Drive","Wet","","42.894355278571425,-73.20017955616728"
"1333951","","November 20, 2018, 6:33 AM","Bennington","Barney Road","BARNEY RD","Property Damage Only","Single Vehicle Crash","Freezing Precipitation","","18BN08820","Bennington PD.","","","None/Other","Night","Burgess Road","None","None","","VT0020100","Not at a Junction","Road Surface Condition(wet, icy, snow, slush, etc)","Barney Road","Snow","","42.877524363749764,-73.16033205751494"
"1335149","","November 21, 2018, 2:48 PM","Bennington","110 Shields Drive","","Property Damage Only","","Cloudy","","18BN08870","Bennington PD.","","","None/Other","Day","Parking Lot","None","None","","VT0020100","Parking Lot","None","110 Shields Drive","","","42.897792691224325,-73.19001930309919"
"1334336","","November 23, 2018, 6:12 PM","Bennington","County Street","COUNTY ST","Property Damage Only","Other - Explain in Narrative","Clear","","18BN08933","Bennington PD.","","","None/Other","Night","Park Street","None","None","","VT0020100","Four-way Intersection","None","County Street","Dry","","42.884325556985644,-73.19303966214034"
"1334219","","November 23, 2018, 10:29 PM","Bennington","1243 South Stream Road","","Property Damage Only","Single Vehicle Crash","Clear","","18BN08939","Bennington PD.","","","None/Other","Night","","Alcohol","None","","VT0020100","Not at a Junction","None","1243 South Stream Road","Dry","","42.85449717577658,-73.17425515961584"
"1333867","","November 24, 2018, 5:07 PM","Bennington","8 Kocher Drive","","Property Damage Only","Left Turn and Thru, Angle Broadside -->v--","Cloudy","","18BN08966","Bennington PD.","","","None/Other","Day","CVS Entrance","None","None","","VT0020100","Four-way Intersection","None","8 Kocher Drive","Dry","","42.89537813096281,-73.20219904482003"
"1334367","","November 24, 2018, 6:42 PM","Bennington","US Route 7","US RTE 7","Property Damage Only","Single Vehicle Crash","Clear","","18BN08970","Bennington PD.","","","Deer","Night","Houghton Overpass","None","None","","VT0020100","Not at a Junction","None","US Route 7","Dry","","42.91451328286624,-73.20851536241642"
"1333888","","November 24, 2018, 6:44 PM","Bennington","US Route 7","US RTE 7","Property Damage Only","Single Vehicle Crash","Clear","","18BN08973","Bennington PD.","","","Deer","Night","Oughton Overpass","None","None","","VT0020100","Not at a Junction","None","US Route 7","Dry","","42.91451328286624,-73.20851536241642"
"1334775","","November 26, 2018, 8:53 AM","Bennington","North Street","NORTH ST","Property Damage Only","Same Direction Sideswipe","Cloudy","","18BN09004","Bennington PD.","","","None/Other","Day","Near 140 North Street","None","None","","VT0020100","Not at a Junction","None","North Street","Wet","","42.889820459664364,-73.2002718199472"
"1335212","","November 27, 2018, 6:30 AM","Bennington","Rice Lane","RICE LN","Property Damage Only","Single Vehicle Crash","Freezing Precipitation","","18BN09029","Bennington PD.","","","None/Other","Night","Vermont Route 7 A","None","None","","VT0020100","Four-way Intersection","Road Surface Condition(wet, icy, snow, slush, etc)","Rice Lane","Snow","","42.91436155746499,-73.21120799700486"
"1334654","","November 27, 2018, 7:06 AM","Bennington","219 Benmont Avenue","","Property Damage Only","Single Vehicle Crash","Freezing Precipitation","","18BN09032","Bennington PD.","","","None/Other","Day","Bank Of Bennington ATM","None","None","","VT0020100","Not at a Junction","Road Surface Condition(wet, icy, snow, slush, etc)","219 Benmont Avenue","Snow","","42.88651318264857,-73.20111413396295"
"1333965","","November 27, 2018, 7:17 AM","Bennington","US Route 7 A","US RTE 7","Property Damage Only","Single Vehicle Crash","","","18BN09033","Bennington PD.","","","None/Other","Day","Orchard Road","None","None","","VT0020100","T - Intersection","Road Surface Condition(wet, icy, snow, slush, etc)","US Route 7 A","Snow","","42.907263958464696,-73.20909271059126"
"1335188","","November 27, 2018, 9:39 PM","Bennington","2166 Monument Avenue","MONUMENT AVE","Property Damage Only","Single Vehicle Crash","Freezing Precipitation","","18BN09057","Bennington PD.","","","None/Other","Night","","None","None","","VT0020100","Not at a Junction","Road Surface Condition(wet, icy, snow, slush, etc)","2166 Monument Avenue","Snow","","42.85708631871911,-73.20618212839649"
"1334003","","November 28, 2018, 2:24 PM","Bennington","Kocher Drive","KOCHER DR","Property Damage Only","Rear End","Cloudy","","18BN09082","Bennington PD.","","","None/Other","Day","US Route 7","None","None","","VT0020100","Four-way Intersection","None","Kocher Drive","Wet","","42.894284701864,-73.20038032630877"
"1334440","","November 29, 2018, 11:08 AM","Bennington","214 Northside Drive","","Property Damage Only","No Turns, Thru moves only, Broadside ^<","Clear","","18BN09104","Bennington PD.","","","None/Other","Day","Price Chopper","None","None","","VT0020100","Parking Lot","None","214 Northside Drive","Dry","","42.89852439897465,-73.21261190063623"
"1335185","","November 29, 2018, 3:38 PM","Bennington","2062 Harwood HIll Road","","Property Damage Only","Single Vehicle Crash","Cloudy","","18BN09113","Bennington PD.","","","None/Other","Day","Overlea Road","None","None","","VT0020100","T - Intersection","None","2062 Harwood HIll Road","Wet","","42.9302565789455,-73.2101290782886"
"1334622","","November 29, 2018, 7:08 PM","Bennington","300 North Street","NORTH ST","Property Damage Only","Left Turn and Thru, Angle Broadside -->v--","Cloudy","","18BN09126","Bennington PD.","","","None/Other","Night","County","None","None","","VT0020100","Four-way Intersection","None","300 North Street","Wet","","42.88438969973751,-73.19684632292613"
"1334308","","November 30, 2018, 7:54 AM","Bennington","Monument Avenue","","Property Damage Only","Other - Explain in Narrative","Cloudy","","18BN09137","Bennington PD.","","","None/Other","Day","1819 Monument Avenue","None","None","","VT0020100","Driveway","Road Surface Condition(wet, icy, snow, slush, etc)","Monument Avenue","Snow","","42.86422129788707,-73.2076110996142"
"1334286","","November 30, 2018, 6:43 PM","Bennington","Gage Street","GAGE ST","Property Damage Only","Head On","Cloudy","","18BN09155","Bennington PD.","","","None/Other","Night","Park Street","None","None","","VT0020100","Four-way Intersection","None","Gage Street","Dry","","42.88157381075172,-73.19310127047055"